[INFO] Scanning for projects...
[INFO] 
[INFO] ---------------------------< amidst:amidst >----------------------------
[INFO] Building amidst 4.6
[INFO] --------------------------------[ jar ]---------------------------------
[INFO] 
[INFO] --- maven-clean-plugin:2.5:clean (default-clean) @ amidst ---
[INFO] Deleting /workspaces/master-thesis-pascal-joos/code_cure_agent/cca_workspace/amidst/target
[INFO] 
[INFO] --- properties-maven-plugin:1.0.0:read-project-properties (default) @ amidst ---
[INFO] 
[INFO] --- maven-resources-plugin:2.6:resources (default-resources) @ amidst ---
[INFO] Using 'UTF-8' encoding to copy filtered resources.
[INFO] Copying 136 resources
[INFO] 
[INFO] --- maven-compiler-plugin:3.8.1:compile (default-compile) @ amidst ---
[INFO] Changes detected - recompiling the module!
[INFO] Compiling 342 source files to /workspaces/master-thesis-pascal-joos/code_cure_agent/cca_workspace/amidst/target/classes
[INFO] /workspaces/master-thesis-pascal-joos/code_cure_agent/cca_workspace/amidst/src/main/java/amidst/gui/main/menu/MenuShortcuts.java: /workspaces/master-thesis-pascal-joos/code_cure_agent/cca_workspace/amidst/src/main/java/amidst/gui/main/menu/MenuShortcuts.java uses or overrides a deprecated API.
[INFO] /workspaces/master-thesis-pascal-joos/code_cure_agent/cca_workspace/amidst/src/main/java/amidst/gui/main/menu/MenuShortcuts.java: Recompile with -Xlint:deprecation for details.
[INFO] /workspaces/master-thesis-pascal-joos/code_cure_agent/cca_workspace/amidst/src/main/java/amidst/gui/main/menu/Menus.java: /workspaces/master-thesis-pascal-joos/code_cure_agent/cca_workspace/amidst/src/main/java/amidst/gui/main/menu/Menus.java uses unchecked or unsafe operations.
[INFO] /workspaces/master-thesis-pascal-joos/code_cure_agent/cca_workspace/amidst/src/main/java/amidst/gui/main/menu/Menus.java: Recompile with -Xlint:unchecked for details.
[INFO] Some messages have been simplified; recompile with -Xdiags:verbose to get full output
[INFO] -------------------------------------------------------------
[ERROR] COMPILATION ERROR : 
[INFO] -------------------------------------------------------------
[ERROR] /workspaces/master-thesis-pascal-joos/code_cure_agent/cca_workspace/amidst/src/main/java/amidst/mojangapi/world/versionfeatures/DefaultBiomes.java:[278,25] no suitable constructor found for Biome(int,java.lang.String,int)
    constructor amidst.mojangapi.world.biome.Biome.Biome(java.lang.String,int,amidst.mojangapi.world.biome.BiomeType) is not applicable
      (argument mismatch; int cannot be converted to java.lang.String)
    constructor amidst.mojangapi.world.biome.Biome.Biome(int,java.lang.String,amidst.mojangapi.world.biome.BiomeType) is not applicable
      (argument mismatch; int cannot be converted to amidst.mojangapi.world.biome.BiomeType)
[ERROR] /workspaces/master-thesis-pascal-joos/code_cure_agent/cca_workspace/amidst/src/main/java/amidst/mojangapi/world/versionfeatures/DefaultBiomes.java:[273,25] no suitable constructor found for Biome(int,java.lang.String,int)
    constructor amidst.mojangapi.world.biome.Biome.Biome(java.lang.String,int,amidst.mojangapi.world.biome.BiomeType) is not applicable
      (argument mismatch; int cannot be converted to java.lang.String)
    constructor amidst.mojangapi.world.biome.Biome.Biome(int,java.lang.String,amidst.mojangapi.world.biome.BiomeType) is not applicable
      (argument mismatch; int cannot be converted to amidst.mojangapi.world.biome.BiomeType)
[ERROR] /workspaces/master-thesis-pascal-joos/code_cure_agent/cca_workspace/amidst/src/main/java/amidst/mojangapi/world/versionfeatures/DefaultBiomes.java:[274,25] no suitable constructor found for Biome(int,java.lang.String,int)
    constructor amidst.mojangapi.world.biome.Biome.Biome(java.lang.String,int,amidst.mojangapi.world.biome.BiomeType) is not applicable
      (argument mismatch; int cannot be converted to java.lang.String)
    constructor amidst.mojangapi.world.biome.Biome.Biome(int,java.lang.String,amidst.mojangapi.world.biome.BiomeType) is not applicable
      (argument mismatch; int cannot be converted to amidst.mojangapi.world.biome.BiomeType)
[ERROR] /workspaces/master-thesis-pascal-joos/code_cure_agent/cca_workspace/amidst/src/main/java/amidst/mojangapi/world/versionfeatures/DefaultBiomes.java:[275,25] no suitable constructor found for Biome(int,java.lang.String,int)
    constructor amidst.mojangapi.world.biome.Biome.Biome(java.lang.String,int,amidst.mojangapi.world.biome.BiomeType) is not applicable
      (argument mismatch; int cannot be converted to java.lang.String)
    constructor amidst.mojangapi.world.biome.Biome.Biome(int,java.lang.String,amidst.mojangapi.world.biome.BiomeType) is not applicable
      (argument mismatch; int cannot be converted to amidst.mojangapi.world.biome.BiomeType)
[ERROR] /workspaces/master-thesis-pascal-joos/code_cure_agent/cca_workspace/amidst/src/main/java/amidst/mojangapi/world/versionfeatures/DefaultBiomes.java:[276,25] no suitable constructor found for Biome(int,java.lang.String,int)
    constructor amidst.mojangapi.world.biome.Biome.Biome(java.lang.String,int,amidst.mojangapi.world.biome.BiomeType) is not applicable
      (argument mismatch; int cannot be converted to java.lang.String)
    constructor amidst.mojangapi.world.biome.Biome.Biome(int,java.lang.String,amidst.mojangapi.world.biome.BiomeType) is not applicable
      (argument mismatch; int cannot be converted to amidst.mojangapi.world.biome.BiomeType)
[ERROR] /workspaces/master-thesis-pascal-joos/code_cure_agent/cca_workspace/amidst/src/main/java/amidst/mojangapi/world/versionfeatures/DefaultBiomes.java:[270,25] no suitable constructor found for Biome(int,java.lang.String,int)
    constructor amidst.mojangapi.world.biome.Biome.Biome(java.lang.String,int,amidst.mojangapi.world.biome.BiomeType) is not applicable
      (argument mismatch; int cannot be converted to java.lang.String)
    constructor amidst.mojangapi.world.biome.Biome.Biome(int,java.lang.String,amidst.mojangapi.world.biome.BiomeType) is not applicable
      (argument mismatch; int cannot be converted to amidst.mojangapi.world.biome.BiomeType)
[ERROR] /workspaces/master-thesis-pascal-joos/code_cure_agent/cca_workspace/amidst/src/main/java/amidst/mojangapi/world/versionfeatures/DefaultBiomes.java:[224,25] no suitable constructor found for Biome(int,java.lang.String,int)
    constructor amidst.mojangapi.world.biome.Biome.Biome(java.lang.String,int,amidst.mojangapi.world.biome.BiomeType) is not applicable
      (argument mismatch; int cannot be converted to java.lang.String)
    constructor amidst.mojangapi.world.biome.Biome.Biome(int,java.lang.String,amidst.mojangapi.world.biome.BiomeType) is not applicable
      (argument mismatch; int cannot be converted to amidst.mojangapi.world.biome.BiomeType)
[ERROR] /workspaces/master-thesis-pascal-joos/code_cure_agent/cca_workspace/amidst/src/main/java/amidst/mojangapi/world/versionfeatures/DefaultBiomes.java:[228,25] no suitable constructor found for Biome(int,java.lang.String,int)
    constructor amidst.mojangapi.world.biome.Biome.Biome(java.lang.String,int,amidst.mojangapi.world.biome.BiomeType) is not applicable
      (argument mismatch; int cannot be converted to java.lang.String)
    constructor amidst.mojangapi.world.biome.Biome.Biome(int,java.lang.String,amidst.mojangapi.world.biome.BiomeType) is not applicable
      (argument mismatch; int cannot be converted to amidst.mojangapi.world.biome.BiomeType)
[ERROR] /workspaces/master-thesis-pascal-joos/code_cure_agent/cca_workspace/amidst/src/main/java/amidst/mojangapi/world/versionfeatures/DefaultBiomes.java:[232,25] no suitable constructor found for Biome(int,java.lang.String,int)
    constructor amidst.mojangapi.world.biome.Biome.Biome(java.lang.String,int,amidst.mojangapi.world.biome.BiomeType) is not applicable
      (argument mismatch; int cannot be converted to java.lang.String)
    constructor amidst.mojangapi.world.biome.Biome.Biome(int,java.lang.String,amidst.mojangapi.world.biome.BiomeType) is not applicable
      (argument mismatch; int cannot be converted to amidst.mojangapi.world.biome.BiomeType)
[ERROR] /workspaces/master-thesis-pascal-joos/code_cure_agent/cca_workspace/amidst/src/main/java/amidst/mojangapi/world/versionfeatures/DefaultBiomes.java:[233,25] no suitable constructor found for Biome(int,java.lang.String,int)
    constructor amidst.mojangapi.world.biome.Biome.Biome(java.lang.String,int,amidst.mojangapi.world.biome.BiomeType) is not applicable
      (argument mismatch; int cannot be converted to java.lang.String)
    constructor amidst.mojangapi.world.biome.Biome.Biome(int,java.lang.String,amidst.mojangapi.world.biome.BiomeType) is not applicable
      (argument mismatch; int cannot be converted to amidst.mojangapi.world.biome.BiomeType)
[ERROR] /workspaces/master-thesis-pascal-joos/code_cure_agent/cca_workspace/amidst/src/main/java/amidst/mojangapi/world/versionfeatures/DefaultBiomes.java:[239,25] no suitable constructor found for Biome(int,java.lang.String,int)
    constructor amidst.mojangapi.world.biome.Biome.Biome(java.lang.String,int,amidst.mojangapi.world.biome.BiomeType) is not applicable
      (argument mismatch; int cannot be converted to java.lang.String)
    constructor amidst.mojangapi.world.biome.Biome.Biome(int,java.lang.String,amidst.mojangapi.world.biome.BiomeType) is not applicable
      (argument mismatch; int cannot be converted to amidst.mojangapi.world.biome.BiomeType)
[ERROR] /workspaces/master-thesis-pascal-joos/code_cure_agent/cca_workspace/amidst/src/main/java/amidst/mojangapi/world/versionfeatures/DefaultBiomes.java:[242,25] no suitable constructor found for Biome(int,java.lang.String,int)
    constructor amidst.mojangapi.world.biome.Biome.Biome(java.lang.String,int,amidst.mojangapi.world.biome.BiomeType) is not applicable
      (argument mismatch; int cannot be converted to java.lang.String)
    constructor amidst.mojangapi.world.biome.Biome.Biome(int,java.lang.String,amidst.mojangapi.world.biome.BiomeType) is not applicable
      (argument mismatch; int cannot be converted to amidst.mojangapi.world.biome.BiomeType)
[ERROR] /workspaces/master-thesis-pascal-joos/code_cure_agent/cca_workspace/amidst/src/main/java/amidst/mojangapi/world/versionfeatures/DefaultBiomes.java:[243,25] no suitable constructor found for Biome(int,java.lang.String,int)
    constructor amidst.mojangapi.world.biome.Biome.Biome(java.lang.String,int,amidst.mojangapi.world.biome.BiomeType) is not applicable
      (argument mismatch; int cannot be converted to java.lang.String)
    constructor amidst.mojangapi.world.biome.Biome.Biome(int,java.lang.String,amidst.mojangapi.world.biome.BiomeType) is not applicable
      (argument mismatch; int cannot be converted to amidst.mojangapi.world.biome.BiomeType)
[ERROR] /workspaces/master-thesis-pascal-joos/code_cure_agent/cca_workspace/amidst/src/main/java/amidst/mojangapi/world/versionfeatures/DefaultBiomes.java:[244,25] no suitable constructor found for Biome(int,java.lang.String,int)
    constructor amidst.mojangapi.world.biome.Biome.Biome(java.lang.String,int,amidst.mojangapi.world.biome.BiomeType) is not applicable
      (argument mismatch; int cannot be converted to java.lang.String)
    constructor amidst.mojangapi.world.biome.Biome.Biome(int,java.lang.String,amidst.mojangapi.world.biome.BiomeType) is not applicable
      (argument mismatch; int cannot be converted to amidst.mojangapi.world.biome.BiomeType)
[ERROR] /workspaces/master-thesis-pascal-joos/code_cure_agent/cca_workspace/amidst/src/main/java/amidst/mojangapi/world/versionfeatures/DefaultBiomes.java:[245,25] no suitable constructor found for Biome(int,java.lang.String,int)
    constructor amidst.mojangapi.world.biome.Biome.Biome(java.lang.String,int,amidst.mojangapi.world.biome.BiomeType) is not applicable
      (argument mismatch; int cannot be converted to java.lang.String)
    constructor amidst.mojangapi.world.biome.Biome.Biome(int,java.lang.String,amidst.mojangapi.world.biome.BiomeType) is not applicable
      (argument mismatch; int cannot be converted to amidst.mojangapi.world.biome.BiomeType)
[ERROR] /workspaces/master-thesis-pascal-joos/code_cure_agent/cca_workspace/amidst/src/main/java/amidst/mojangapi/world/versionfeatures/DefaultBiomes.java:[246,25] no suitable constructor found for Biome(int,java.lang.String,int)
    constructor amidst.mojangapi.world.biome.Biome.Biome(java.lang.String,int,amidst.mojangapi.world.biome.BiomeType) is not applicable
      (argument mismatch; int cannot be converted to java.lang.String)
    constructor amidst.mojangapi.world.biome.Biome.Biome(int,java.lang.String,amidst.mojangapi.world.biome.BiomeType) is not applicable
      (argument mismatch; int cannot be converted to amidst.mojangapi.world.biome.BiomeType)
[ERROR] /workspaces/master-thesis-pascal-joos/code_cure_agent/cca_workspace/amidst/src/main/java/amidst/mojangapi/world/versionfeatures/DefaultBiomes.java:[247,25] no suitable constructor found for Biome(int,java.lang.String,int)
    constructor amidst.mojangapi.world.biome.Biome.Biome(java.lang.String,int,amidst.mojangapi.world.biome.BiomeType) is not applicable
      (argument mismatch; int cannot be converted to java.lang.String)
    constructor amidst.mojangapi.world.biome.Biome.Biome(int,java.lang.String,amidst.mojangapi.world.biome.BiomeType) is not applicable
      (argument mismatch; int cannot be converted to amidst.mojangapi.world.biome.BiomeType)
[ERROR] /workspaces/master-thesis-pascal-joos/code_cure_agent/cca_workspace/amidst/src/main/java/amidst/mojangapi/world/versionfeatures/DefaultBiomes.java:[248,25] no suitable constructor found for Biome(int,java.lang.String,int)
    constructor amidst.mojangapi.world.biome.Biome.Biome(java.lang.String,int,amidst.mojangapi.world.biome.BiomeType) is not applicable
      (argument mismatch; int cannot be converted to java.lang.String)
    constructor amidst.mojangapi.world.biome.Biome.Biome(int,java.lang.String,amidst.mojangapi.world.biome.BiomeType) is not applicable
      (argument mismatch; int cannot be converted to amidst.mojangapi.world.biome.BiomeType)
[ERROR] /workspaces/master-thesis-pascal-joos/code_cure_agent/cca_workspace/amidst/src/main/java/amidst/mojangapi/world/versionfeatures/DefaultBiomes.java:[249,25] no suitable constructor found for Biome(int,java.lang.String,int)
    constructor amidst.mojangapi.world.biome.Biome.Biome(java.lang.String,int,amidst.mojangapi.world.biome.BiomeType) is not applicable
      (argument mismatch; int cannot be converted to java.lang.String)
    constructor amidst.mojangapi.world.biome.Biome.Biome(int,java.lang.String,amidst.mojangapi.world.biome.BiomeType) is not applicable
      (argument mismatch; int cannot be converted to amidst.mojangapi.world.biome.BiomeType)
[ERROR] /workspaces/master-thesis-pascal-joos/code_cure_agent/cca_workspace/amidst/src/main/java/amidst/mojangapi/world/versionfeatures/DefaultBiomes.java:[253,25] no suitable constructor found for Biome(java.lang.String,int,int)
    constructor amidst.mojangapi.world.biome.Biome.Biome(java.lang.String,int,amidst.mojangapi.world.biome.BiomeType) is not applicable
      (argument mismatch; int cannot be converted to amidst.mojangapi.world.biome.BiomeType)
    constructor amidst.mojangapi.world.biome.Biome.Biome(int,java.lang.String,amidst.mojangapi.world.biome.BiomeType) is not applicable
      (argument mismatch; java.lang.String cannot be converted to int)
[ERROR] /workspaces/master-thesis-pascal-joos/code_cure_agent/cca_workspace/amidst/src/main/java/amidst/mojangapi/world/versionfeatures/DefaultBiomes.java:[255,25] no suitable constructor found for Biome(java.lang.String,int,int)
    constructor amidst.mojangapi.world.biome.Biome.Biome(java.lang.String,int,amidst.mojangapi.world.biome.BiomeType) is not applicable
      (argument mismatch; int cannot be converted to amidst.mojangapi.world.biome.BiomeType)
    constructor amidst.mojangapi.world.biome.Biome.Biome(int,java.lang.String,amidst.mojangapi.world.biome.BiomeType) is not applicable
      (argument mismatch; java.lang.String cannot be converted to int)
[ERROR] /workspaces/master-thesis-pascal-joos/code_cure_agent/cca_workspace/amidst/src/main/java/amidst/mojangapi/world/versionfeatures/DefaultBiomes.java:[256,25] no suitable constructor found for Biome(java.lang.String,int,int)
    constructor amidst.mojangapi.world.biome.Biome.Biome(java.lang.String,int,amidst.mojangapi.world.biome.BiomeType) is not applicable
      (argument mismatch; int cannot be converted to amidst.mojangapi.world.biome.BiomeType)
    constructor amidst.mojangapi.world.biome.Biome.Biome(int,java.lang.String,amidst.mojangapi.world.biome.BiomeType) is not applicable
      (argument mismatch; java.lang.String cannot be converted to int)
[ERROR] /workspaces/master-thesis-pascal-joos/code_cure_agent/cca_workspace/amidst/src/main/java/amidst/mojangapi/world/versionfeatures/DefaultBiomes.java:[257,25] no suitable constructor found for Biome(java.lang.String,int,int)
    constructor amidst.mojangapi.world.biome.Biome.Biome(java.lang.String,int,amidst.mojangapi.world.biome.BiomeType) is not applicable
      (argument mismatch; int cannot be converted to amidst.mojangapi.world.biome.BiomeType)
    constructor amidst.mojangapi.world.biome.Biome.Biome(int,java.lang.String,amidst.mojangapi.world.biome.BiomeType) is not applicable
      (argument mismatch; java.lang.String cannot be converted to int)
[ERROR] /workspaces/master-thesis-pascal-joos/code_cure_agent/cca_workspace/amidst/src/main/java/amidst/mojangapi/world/versionfeatures/DefaultBiomes.java:[259,25] no suitable constructor found for Biome(java.lang.String,int,int)
    constructor amidst.mojangapi.world.biome.Biome.Biome(java.lang.String,int,amidst.mojangapi.world.biome.BiomeType) is not applicable
      (argument mismatch; int cannot be converted to amidst.mojangapi.world.biome.BiomeType)
    constructor amidst.mojangapi.world.biome.Biome.Biome(int,java.lang.String,amidst.mojangapi.world.biome.BiomeType) is not applicable
      (argument mismatch; java.lang.String cannot be converted to int)
[ERROR] /workspaces/master-thesis-pascal-joos/code_cure_agent/cca_workspace/amidst/src/main/java/amidst/mojangapi/world/versionfeatures/DefaultBiomes.java:[266,25] no suitable constructor found for Biome(java.lang.String,int,int)
    constructor amidst.mojangapi.world.biome.Biome.Biome(java.lang.String,int,amidst.mojangapi.world.biome.BiomeType) is not applicable
      (argument mismatch; int cannot be converted to amidst.mojangapi.world.biome.BiomeType)
    constructor amidst.mojangapi.world.biome.Biome.Biome(int,java.lang.String,amidst.mojangapi.world.biome.BiomeType) is not applicable
      (argument mismatch; java.lang.String cannot be converted to int)
[ERROR] /workspaces/master-thesis-pascal-joos/code_cure_agent/cca_workspace/amidst/src/main/java/amidst/mojangapi/world/versionfeatures/DefaultBiomes.java:[205,25] no suitable constructor found for Biome(int,java.lang.String,int)
    constructor amidst.mojangapi.world.biome.Biome.Biome(java.lang.String,int,amidst.mojangapi.world.biome.BiomeType) is not applicable
      (argument mismatch; int cannot be converted to java.lang.String)
    constructor amidst.mojangapi.world.biome.Biome.Biome(int,java.lang.String,amidst.mojangapi.world.biome.BiomeType) is not applicable
      (argument mismatch; int cannot be converted to amidst.mojangapi.world.biome.BiomeType)
[ERROR] /workspaces/master-thesis-pascal-joos/code_cure_agent/cca_workspace/amidst/src/main/java/amidst/mojangapi/world/versionfeatures/DefaultBiomes.java:[210,25] no suitable constructor found for Biome(java.lang.String,int,int)
    constructor amidst.mojangapi.world.biome.Biome.Biome(java.lang.String,int,amidst.mojangapi.world.biome.BiomeType) is not applicable
      (argument mismatch; int cannot be converted to amidst.mojangapi.world.biome.BiomeType)
    constructor amidst.mojangapi.world.biome.Biome.Biome(int,java.lang.String,amidst.mojangapi.world.biome.BiomeType) is not applicable
      (argument mismatch; java.lang.String cannot be converted to int)
[ERROR] /workspaces/master-thesis-pascal-joos/code_cure_agent/cca_workspace/amidst/src/main/java/amidst/mojangapi/world/versionfeatures/DefaultBiomes.java:[211,25] no suitable constructor found for Biome(java.lang.String,int,int)
    constructor amidst.mojangapi.world.biome.Biome.Biome(java.lang.String,int,amidst.mojangapi.world.biome.BiomeType) is not applicable
      (argument mismatch; int cannot be converted to amidst.mojangapi.world.biome.BiomeType)
    constructor amidst.mojangapi.world.biome.Biome.Biome(int,java.lang.String,amidst.mojangapi.world.biome.BiomeType) is not applicable
      (argument mismatch; java.lang.String cannot be converted to int)
[ERROR] /workspaces/master-thesis-pascal-joos/code_cure_agent/cca_workspace/amidst/src/main/java/amidst/mojangapi/world/versionfeatures/DefaultBiomes.java:[212,25] no suitable constructor found for Biome(java.lang.String,int,int)
    constructor amidst.mojangapi.world.biome.Biome.Biome(java.lang.String,int,amidst.mojangapi.world.biome.BiomeType) is not applicable
      (argument mismatch; int cannot be converted to amidst.mojangapi.world.biome.BiomeType)
    constructor amidst.mojangapi.world.biome.Biome.Biome(int,java.lang.String,amidst.mojangapi.world.biome.BiomeType) is not applicable
      (argument mismatch; java.lang.String cannot be converted to int)
[ERROR] /workspaces/master-thesis-pascal-joos/code_cure_agent/cca_workspace/amidst/src/main/java/amidst/mojangapi/world/versionfeatures/DefaultBiomes.java:[213,25] no suitable constructor found for Biome(java.lang.String,int,int)
    constructor amidst.mojangapi.world.biome.Biome.Biome(java.lang.String,int,amidst.mojangapi.world.biome.BiomeType) is not applicable
      (argument mismatch; int cannot be converted to amidst.mojangapi.world.biome.BiomeType)
    constructor amidst.mojangapi.world.biome.Biome.Biome(int,java.lang.String,amidst.mojangapi.world.biome.BiomeType) is not applicable
      (argument mismatch; java.lang.String cannot be converted to int)
[ERROR] /workspaces/master-thesis-pascal-joos/code_cure_agent/cca_workspace/amidst/src/main/java/amidst/mojangapi/world/versionfeatures/DefaultBiomes.java:[215,25] no suitable constructor found for Biome(java.lang.String,int,int)
    constructor amidst.mojangapi.world.biome.Biome.Biome(java.lang.String,int,amidst.mojangapi.world.biome.BiomeType) is not applicable
      (argument mismatch; int cannot be converted to amidst.mojangapi.world.biome.BiomeType)
    constructor amidst.mojangapi.world.biome.Biome.Biome(int,java.lang.String,amidst.mojangapi.world.biome.BiomeType) is not applicable
      (argument mismatch; java.lang.String cannot be converted to int)
[ERROR] /workspaces/master-thesis-pascal-joos/code_cure_agent/cca_workspace/amidst/src/main/java/amidst/mojangapi/world/versionfeatures/DefaultBiomes.java:[197,25] no suitable constructor found for Biome(int,java.lang.String,int)
    constructor amidst.mojangapi.world.biome.Biome.Biome(java.lang.String,int,amidst.mojangapi.world.biome.BiomeType) is not applicable
      (argument mismatch; int cannot be converted to java.lang.String)
    constructor amidst.mojangapi.world.biome.Biome.Biome(int,java.lang.String,amidst.mojangapi.world.biome.BiomeType) is not applicable
      (argument mismatch; int cannot be converted to amidst.mojangapi.world.biome.BiomeType)
[ERROR] /workspaces/master-thesis-pascal-joos/code_cure_agent/cca_workspace/amidst/src/main/java/amidst/mojangapi/world/versionfeatures/DefaultBiomes.java:[198,25] no suitable constructor found for Biome(int,java.lang.String,int)
    constructor amidst.mojangapi.world.biome.Biome.Biome(java.lang.String,int,amidst.mojangapi.world.biome.BiomeType) is not applicable
      (argument mismatch; int cannot be converted to java.lang.String)
    constructor amidst.mojangapi.world.biome.Biome.Biome(int,java.lang.String,amidst.mojangapi.world.biome.BiomeType) is not applicable
      (argument mismatch; int cannot be converted to amidst.mojangapi.world.biome.BiomeType)
[ERROR] /workspaces/master-thesis-pascal-joos/code_cure_agent/cca_workspace/amidst/src/main/java/amidst/mojangapi/world/versionfeatures/DefaultBiomes.java:[199,25] no suitable constructor found for Biome(int,java.lang.String,int)
    constructor amidst.mojangapi.world.biome.Biome.Biome(java.lang.String,int,amidst.mojangapi.world.biome.BiomeType) is not applicable
      (argument mismatch; int cannot be converted to java.lang.String)
    constructor amidst.mojangapi.world.biome.Biome.Biome(int,java.lang.String,amidst.mojangapi.world.biome.BiomeType) is not applicable
      (argument mismatch; int cannot be converted to amidst.mojangapi.world.biome.BiomeType)
[ERROR] /workspaces/master-thesis-pascal-joos/code_cure_agent/cca_workspace/amidst/src/main/java/amidst/mojangapi/world/versionfeatures/DefaultBiomes.java:[200,25] no suitable constructor found for Biome(int,java.lang.String,int)
    constructor amidst.mojangapi.world.biome.Biome.Biome(java.lang.String,int,amidst.mojangapi.world.biome.BiomeType) is not applicable
      (argument mismatch; int cannot be converted to java.lang.String)
    constructor amidst.mojangapi.world.biome.Biome.Biome(int,java.lang.String,amidst.mojangapi.world.biome.BiomeType) is not applicable
      (argument mismatch; int cannot be converted to amidst.mojangapi.world.biome.BiomeType)
[ERROR] /workspaces/master-thesis-pascal-joos/code_cure_agent/cca_workspace/amidst/src/main/java/amidst/mojangapi/world/versionfeatures/DefaultBiomes.java:[201,25] no suitable constructor found for Biome(int,java.lang.String,int)
    constructor amidst.mojangapi.world.biome.Biome.Biome(java.lang.String,int,amidst.mojangapi.world.biome.BiomeType) is not applicable
      (argument mismatch; int cannot be converted to java.lang.String)
    constructor amidst.mojangapi.world.biome.Biome.Biome(int,java.lang.String,amidst.mojangapi.world.biome.BiomeType) is not applicable
      (argument mismatch; int cannot be converted to amidst.mojangapi.world.biome.BiomeType)
[ERROR] /workspaces/master-thesis-pascal-joos/code_cure_agent/cca_workspace/amidst/src/main/java/amidst/mojangapi/world/versionfeatures/DefaultBiomes.java:[202,25] no suitable constructor found for Biome(int,java.lang.String,int)
    constructor amidst.mojangapi.world.biome.Biome.Biome(java.lang.String,int,amidst.mojangapi.world.biome.BiomeType) is not applicable
      (argument mismatch; int cannot be converted to java.lang.String)
    constructor amidst.mojangapi.world.biome.Biome.Biome(int,java.lang.String,amidst.mojangapi.world.biome.BiomeType) is not applicable
      (argument mismatch; int cannot be converted to amidst.mojangapi.world.biome.BiomeType)
[ERROR] /workspaces/master-thesis-pascal-joos/code_cure_agent/cca_workspace/amidst/src/main/java/amidst/mojangapi/world/versionfeatures/DefaultBiomes.java:[203,25] no suitable constructor found for Biome(int,java.lang.String,int)
    constructor amidst.mojangapi.world.biome.Biome.Biome(java.lang.String,int,amidst.mojangapi.world.biome.BiomeType) is not applicable
      (argument mismatch; int cannot be converted to java.lang.String)
    constructor amidst.mojangapi.world.biome.Biome.Biome(int,java.lang.String,amidst.mojangapi.world.biome.BiomeType) is not applicable
      (argument mismatch; int cannot be converted to amidst.mojangapi.world.biome.BiomeType)
[ERROR] /workspaces/master-thesis-pascal-joos/code_cure_agent/cca_workspace/amidst/src/main/java/amidst/mojangapi/world/versionfeatures/DefaultBiomes.java:[192,25] no suitable constructor found for Biome(int,java.lang.String,int)
    constructor amidst.mojangapi.world.biome.Biome.Biome(java.lang.String,int,amidst.mojangapi.world.biome.BiomeType) is not applicable
      (argument mismatch; int cannot be converted to java.lang.String)
    constructor amidst.mojangapi.world.biome.Biome.Biome(int,java.lang.String,amidst.mojangapi.world.biome.BiomeType) is not applicable
      (argument mismatch; int cannot be converted to amidst.mojangapi.world.biome.BiomeType)
[ERROR] /workspaces/master-thesis-pascal-joos/code_cure_agent/cca_workspace/amidst/src/main/java/amidst/mojangapi/world/versionfeatures/DefaultBiomes.java:[193,25] no suitable constructor found for Biome(int,java.lang.String,int)
    constructor amidst.mojangapi.world.biome.Biome.Biome(java.lang.String,int,amidst.mojangapi.world.biome.BiomeType) is not applicable
      (argument mismatch; int cannot be converted to java.lang.String)
    constructor amidst.mojangapi.world.biome.Biome.Biome(int,java.lang.String,amidst.mojangapi.world.biome.BiomeType) is not applicable
      (argument mismatch; int cannot be converted to amidst.mojangapi.world.biome.BiomeType)
[ERROR] /workspaces/master-thesis-pascal-joos/code_cure_agent/cca_workspace/amidst/src/main/java/amidst/mojangapi/world/versionfeatures/DefaultBiomes.java:[194,25] no suitable constructor found for Biome(int,java.lang.String,int)
    constructor amidst.mojangapi.world.biome.Biome.Biome(java.lang.String,int,amidst.mojangapi.world.biome.BiomeType) is not applicable
      (argument mismatch; int cannot be converted to java.lang.String)
    constructor amidst.mojangapi.world.biome.Biome.Biome(int,java.lang.String,amidst.mojangapi.world.biome.BiomeType) is not applicable
      (argument mismatch; int cannot be converted to amidst.mojangapi.world.biome.BiomeType)
[ERROR] /workspaces/master-thesis-pascal-joos/code_cure_agent/cca_workspace/amidst/src/main/java/amidst/mojangapi/world/versionfeatures/DefaultBiomes.java:[195,25] no suitable constructor found for Biome(int,java.lang.String,int)
    constructor amidst.mojangapi.world.biome.Biome.Biome(java.lang.String,int,amidst.mojangapi.world.biome.BiomeType) is not applicable
      (argument mismatch; int cannot be converted to java.lang.String)
    constructor amidst.mojangapi.world.biome.Biome.Biome(int,java.lang.String,amidst.mojangapi.world.biome.BiomeType) is not applicable
      (argument mismatch; int cannot be converted to amidst.mojangapi.world.biome.BiomeType)
[ERROR] /workspaces/master-thesis-pascal-joos/code_cure_agent/cca_workspace/amidst/src/main/java/amidst/mojangapi/world/versionfeatures/DefaultBiomes.java:[190,25] no suitable constructor found for Biome(int,java.lang.String,int)
    constructor amidst.mojangapi.world.biome.Biome.Biome(java.lang.String,int,amidst.mojangapi.world.biome.BiomeType) is not applicable
      (argument mismatch; int cannot be converted to java.lang.String)
    constructor amidst.mojangapi.world.biome.Biome.Biome(int,java.lang.String,amidst.mojangapi.world.biome.BiomeType) is not applicable
      (argument mismatch; int cannot be converted to amidst.mojangapi.world.biome.BiomeType)
[ERROR] /workspaces/master-thesis-pascal-joos/code_cure_agent/cca_workspace/amidst/src/main/java/amidst/mojangapi/world/versionfeatures/DefaultBiomes.java:[184,25] no suitable constructor found for Biome(java.lang.String,int,int)
    constructor amidst.mojangapi.world.biome.Biome.Biome(java.lang.String,int,amidst.mojangapi.world.biome.BiomeType) is not applicable
      (argument mismatch; int cannot be converted to amidst.mojangapi.world.biome.BiomeType)
    constructor amidst.mojangapi.world.biome.Biome.Biome(int,java.lang.String,amidst.mojangapi.world.biome.BiomeType) is not applicable
      (argument mismatch; java.lang.String cannot be converted to int)
[ERROR] /workspaces/master-thesis-pascal-joos/code_cure_agent/cca_workspace/amidst/src/main/java/amidst/mojangapi/world/versionfeatures/DefaultBiomes.java:[185,25] no suitable constructor found for Biome(java.lang.String,int,int)
    constructor amidst.mojangapi.world.biome.Biome.Biome(java.lang.String,int,amidst.mojangapi.world.biome.BiomeType) is not applicable
      (argument mismatch; int cannot be converted to amidst.mojangapi.world.biome.BiomeType)
    constructor amidst.mojangapi.world.biome.Biome.Biome(int,java.lang.String,amidst.mojangapi.world.biome.BiomeType) is not applicable
      (argument mismatch; java.lang.String cannot be converted to int)
[ERROR] /workspaces/master-thesis-pascal-joos/code_cure_agent/cca_workspace/amidst/src/main/java/amidst/mojangapi/world/versionfeatures/DefaultBiomes.java:[188,25] no suitable constructor found for Biome(java.lang.String,int,int)
    constructor amidst.mojangapi.world.biome.Biome.Biome(java.lang.String,int,amidst.mojangapi.world.biome.BiomeType) is not applicable
      (argument mismatch; int cannot be converted to amidst.mojangapi.world.biome.BiomeType)
    constructor amidst.mojangapi.world.biome.Biome.Biome(int,java.lang.String,amidst.mojangapi.world.biome.BiomeType) is not applicable
      (argument mismatch; java.lang.String cannot be converted to int)
[ERROR] /workspaces/master-thesis-pascal-joos/code_cure_agent/cca_workspace/amidst/src/main/java/amidst/mojangapi/world/versionfeatures/DefaultBiomes.java:[182,25] no suitable constructor found for Biome(int,java.lang.String,int)
    constructor amidst.mojangapi.world.biome.Biome.Biome(java.lang.String,int,amidst.mojangapi.world.biome.BiomeType) is not applicable
      (argument mismatch; int cannot be converted to java.lang.String)
    constructor amidst.mojangapi.world.biome.Biome.Biome(int,java.lang.String,amidst.mojangapi.world.biome.BiomeType) is not applicable
      (argument mismatch; int cannot be converted to amidst.mojangapi.world.biome.BiomeType)
[ERROR] /workspaces/master-thesis-pascal-joos/code_cure_agent/cca_workspace/amidst/src/main/java/amidst/mojangapi/world/versionfeatures/DefaultBiomes.java:[139,25] no suitable constructor found for Biome(int,java.lang.String,int)
    constructor amidst.mojangapi.world.biome.Biome.Biome(java.lang.String,int,amidst.mojangapi.world.biome.BiomeType) is not applicable
      (argument mismatch; int cannot be converted to java.lang.String)
    constructor amidst.mojangapi.world.biome.Biome.Biome(int,java.lang.String,amidst.mojangapi.world.biome.BiomeType) is not applicable
      (argument mismatch; int cannot be converted to amidst.mojangapi.world.biome.BiomeType)
[ERROR] /workspaces/master-thesis-pascal-joos/code_cure_agent/cca_workspace/amidst/src/main/java/amidst/mojangapi/world/versionfeatures/DefaultBiomes.java:[140,25] no suitable constructor found for Biome(int,java.lang.String,int)
    constructor amidst.mojangapi.world.biome.Biome.Biome(java.lang.String,int,amidst.mojangapi.world.biome.BiomeType) is not applicable
      (argument mismatch; int cannot be converted to java.lang.String)
    constructor amidst.mojangapi.world.biome.Biome.Biome(int,java.lang.String,amidst.mojangapi.world.biome.BiomeType) is not applicable
      (argument mismatch; int cannot be converted to amidst.mojangapi.world.biome.BiomeType)
[ERROR] /workspaces/master-thesis-pascal-joos/code_cure_agent/cca_workspace/amidst/src/main/java/amidst/mojangapi/world/versionfeatures/DefaultBiomes.java:[142,25] no suitable constructor found for Biome(int,java.lang.String,int)
    constructor amidst.mojangapi.world.biome.Biome.Biome(java.lang.String,int,amidst.mojangapi.world.biome.BiomeType) is not applicable
      (argument mismatch; int cannot be converted to java.lang.String)
    constructor amidst.mojangapi.world.biome.Biome.Biome(int,java.lang.String,amidst.mojangapi.world.biome.BiomeType) is not applicable
      (argument mismatch; int cannot be converted to amidst.mojangapi.world.biome.BiomeType)
[ERROR] /workspaces/master-thesis-pascal-joos/code_cure_agent/cca_workspace/amidst/src/main/java/amidst/mojangapi/world/versionfeatures/DefaultBiomes.java:[143,25] no suitable constructor found for Biome(int,java.lang.String,int)
    constructor amidst.mojangapi.world.biome.Biome.Biome(java.lang.String,int,amidst.mojangapi.world.biome.BiomeType) is not applicable
      (argument mismatch; int cannot be converted to java.lang.String)
    constructor amidst.mojangapi.world.biome.Biome.Biome(int,java.lang.String,amidst.mojangapi.world.biome.BiomeType) is not applicable
      (argument mismatch; int cannot be converted to amidst.mojangapi.world.biome.BiomeType)
[ERROR] /workspaces/master-thesis-pascal-joos/code_cure_agent/cca_workspace/amidst/src/main/java/amidst/mojangapi/world/versionfeatures/DefaultBiomes.java:[145,25] no suitable constructor found for Biome(int,java.lang.String,int)
    constructor amidst.mojangapi.world.biome.Biome.Biome(java.lang.String,int,amidst.mojangapi.world.biome.BiomeType) is not applicable
      (argument mismatch; int cannot be converted to java.lang.String)
    constructor amidst.mojangapi.world.biome.Biome.Biome(int,java.lang.String,amidst.mojangapi.world.biome.BiomeType) is not applicable
      (argument mismatch; int cannot be converted to amidst.mojangapi.world.biome.BiomeType)
[ERROR] /workspaces/master-thesis-pascal-joos/code_cure_agent/cca_workspace/amidst/src/main/java/amidst/mojangapi/world/versionfeatures/DefaultBiomes.java:[153,25] no suitable constructor found for Biome(int,java.lang.String,int)
    constructor amidst.mojangapi.world.biome.Biome.Biome(java.lang.String,int,amidst.mojangapi.world.biome.BiomeType) is not applicable
      (argument mismatch; int cannot be converted to java.lang.String)
    constructor amidst.mojangapi.world.biome.Biome.Biome(int,java.lang.String,amidst.mojangapi.world.biome.BiomeType) is not applicable
      (argument mismatch; int cannot be converted to amidst.mojangapi.world.biome.BiomeType)
[ERROR] /workspaces/master-thesis-pascal-joos/code_cure_agent/cca_workspace/amidst/src/main/java/amidst/mojangapi/world/versionfeatures/DefaultBiomes.java:[157,25] no suitable constructor found for Biome(java.lang.String,int,int)
    constructor amidst.mojangapi.world.biome.Biome.Biome(java.lang.String,int,amidst.mojangapi.world.biome.BiomeType) is not applicable
      (argument mismatch; int cannot be converted to amidst.mojangapi.world.biome.BiomeType)
    constructor amidst.mojangapi.world.biome.Biome.Biome(int,java.lang.String,amidst.mojangapi.world.biome.BiomeType) is not applicable
      (argument mismatch; java.lang.String cannot be converted to int)
[ERROR] /workspaces/master-thesis-pascal-joos/code_cure_agent/cca_workspace/amidst/src/main/java/amidst/mojangapi/world/versionfeatures/DefaultBiomes.java:[160,25] no suitable constructor found for Biome(java.lang.String,int,int)
    constructor amidst.mojangapi.world.biome.Biome.Biome(java.lang.String,int,amidst.mojangapi.world.biome.BiomeType) is not applicable
      (argument mismatch; int cannot be converted to amidst.mojangapi.world.biome.BiomeType)
    constructor amidst.mojangapi.world.biome.Biome.Biome(int,java.lang.String,amidst.mojangapi.world.biome.BiomeType) is not applicable
      (argument mismatch; java.lang.String cannot be converted to int)
[ERROR] /workspaces/master-thesis-pascal-joos/code_cure_agent/cca_workspace/amidst/src/main/java/amidst/mojangapi/world/versionfeatures/DefaultBiomes.java:[163,25] no suitable constructor found for Biome(java.lang.String,int,int)
    constructor amidst.mojangapi.world.biome.Biome.Biome(java.lang.String,int,amidst.mojangapi.world.biome.BiomeType) is not applicable
      (argument mismatch; int cannot be converted to amidst.mojangapi.world.biome.BiomeType)
    constructor amidst.mojangapi.world.biome.Biome.Biome(int,java.lang.String,amidst.mojangapi.world.biome.BiomeType) is not applicable
      (argument mismatch; java.lang.String cannot be converted to int)
[ERROR] /workspaces/master-thesis-pascal-joos/code_cure_agent/cca_workspace/amidst/src/main/java/amidst/mojangapi/world/versionfeatures/DefaultBiomes.java:[165,25] no suitable constructor found for Biome(java.lang.String,int,int)
    constructor amidst.mojangapi.world.biome.Biome.Biome(java.lang.String,int,amidst.mojangapi.world.biome.BiomeType) is not applicable
      (argument mismatch; int cannot be converted to amidst.mojangapi.world.biome.BiomeType)
    constructor amidst.mojangapi.world.biome.Biome.Biome(int,java.lang.String,amidst.mojangapi.world.biome.BiomeType) is not applicable
      (argument mismatch; java.lang.String cannot be converted to int)
[ERROR] /workspaces/master-thesis-pascal-joos/code_cure_agent/cca_workspace/amidst/src/main/java/amidst/mojangapi/world/versionfeatures/DefaultBiomes.java:[166,25] no suitable constructor found for Biome(java.lang.String,int,int)
    constructor amidst.mojangapi.world.biome.Biome.Biome(java.lang.String,int,amidst.mojangapi.world.biome.BiomeType) is not applicable
      (argument mismatch; int cannot be converted to amidst.mojangapi.world.biome.BiomeType)
    constructor amidst.mojangapi.world.biome.Biome.Biome(int,java.lang.String,amidst.mojangapi.world.biome.BiomeType) is not applicable
      (argument mismatch; java.lang.String cannot be converted to int)
[ERROR] /workspaces/master-thesis-pascal-joos/code_cure_agent/cca_workspace/amidst/src/main/java/amidst/mojangapi/world/versionfeatures/DefaultBiomes.java:[167,25] no suitable constructor found for Biome(java.lang.String,int,int)
    constructor amidst.mojangapi.world.biome.Biome.Biome(java.lang.String,int,amidst.mojangapi.world.biome.BiomeType) is not applicable
      (argument mismatch; int cannot be converted to amidst.mojangapi.world.biome.BiomeType)
    constructor amidst.mojangapi.world.biome.Biome.Biome(int,java.lang.String,amidst.mojangapi.world.biome.BiomeType) is not applicable
      (argument mismatch; java.lang.String cannot be converted to int)
[ERROR] /workspaces/master-thesis-pascal-joos/code_cure_agent/cca_workspace/amidst/src/main/java/amidst/mojangapi/world/versionfeatures/DefaultBiomes.java:[169,25] no suitable constructor found for Biome(java.lang.String,int,int)
    constructor amidst.mojangapi.world.biome.Biome.Biome(java.lang.String,int,amidst.mojangapi.world.biome.BiomeType) is not applicable
      (argument mismatch; int cannot be converted to amidst.mojangapi.world.biome.BiomeType)
    constructor amidst.mojangapi.world.biome.Biome.Biome(int,java.lang.String,amidst.mojangapi.world.biome.BiomeType) is not applicable
      (argument mismatch; java.lang.String cannot be converted to int)
[ERROR] /workspaces/master-thesis-pascal-joos/code_cure_agent/cca_workspace/amidst/src/main/java/amidst/mojangapi/world/versionfeatures/DefaultBiomes.java:[176,25] no suitable constructor found for Biome(java.lang.String,int,int)
    constructor amidst.mojangapi.world.biome.Biome.Biome(java.lang.String,int,amidst.mojangapi.world.biome.BiomeType) is not applicable
      (argument mismatch; int cannot be converted to amidst.mojangapi.world.biome.BiomeType)
    constructor amidst.mojangapi.world.biome.Biome.Biome(int,java.lang.String,amidst.mojangapi.world.biome.BiomeType) is not applicable
      (argument mismatch; java.lang.String cannot be converted to int)
[ERROR] /workspaces/master-thesis-pascal-joos/code_cure_agent/cca_workspace/amidst/src/main/java/amidst/mojangapi/world/versionfeatures/DefaultBiomes.java:[136,25] no suitable constructor found for Biome(int,java.lang.String,int)
    constructor amidst.mojangapi.world.biome.Biome.Biome(java.lang.String,int,amidst.mojangapi.world.biome.BiomeType) is not applicable
      (argument mismatch; int cannot be converted to java.lang.String)
    constructor amidst.mojangapi.world.biome.Biome.Biome(int,java.lang.String,amidst.mojangapi.world.biome.BiomeType) is not applicable
      (argument mismatch; int cannot be converted to amidst.mojangapi.world.biome.BiomeType)
[ERROR] /workspaces/master-thesis-pascal-joos/code_cure_agent/cca_workspace/amidst/src/main/java/amidst/mojangapi/world/versionfeatures/DefaultBiomes.java:[130,25] no suitable constructor found for Biome(int,java.lang.String,int)
    constructor amidst.mojangapi.world.biome.Biome.Biome(java.lang.String,int,amidst.mojangapi.world.biome.BiomeType) is not applicable
      (argument mismatch; int cannot be converted to java.lang.String)
    constructor amidst.mojangapi.world.biome.Biome.Biome(int,java.lang.String,amidst.mojangapi.world.biome.BiomeType) is not applicable
      (argument mismatch; int cannot be converted to amidst.mojangapi.world.biome.BiomeType)
[ERROR] /workspaces/master-thesis-pascal-joos/code_cure_agent/cca_workspace/amidst/src/main/java/amidst/mojangapi/world/versionfeatures/DefaultBiomes.java:[123,25] no suitable constructor found for Biome(int,java.lang.String,int)
    constructor amidst.mojangapi.world.biome.Biome.Biome(java.lang.String,int,amidst.mojangapi.world.biome.BiomeType) is not applicable
      (argument mismatch; int cannot be converted to java.lang.String)
    constructor amidst.mojangapi.world.biome.Biome.Biome(int,java.lang.String,amidst.mojangapi.world.biome.BiomeType) is not applicable
      (argument mismatch; int cannot be converted to amidst.mojangapi.world.biome.BiomeType)
[ERROR] /workspaces/master-thesis-pascal-joos/code_cure_agent/cca_workspace/amidst/src/main/java/amidst/mojangapi/world/versionfeatures/DefaultBiomes.java:[124,25] no suitable constructor found for Biome(int,java.lang.String,int)
    constructor amidst.mojangapi.world.biome.Biome.Biome(java.lang.String,int,amidst.mojangapi.world.biome.BiomeType) is not applicable
      (argument mismatch; int cannot be converted to java.lang.String)
    constructor amidst.mojangapi.world.biome.Biome.Biome(int,java.lang.String,amidst.mojangapi.world.biome.BiomeType) is not applicable
      (argument mismatch; int cannot be converted to amidst.mojangapi.world.biome.BiomeType)
[ERROR] /workspaces/master-thesis-pascal-joos/code_cure_agent/cca_workspace/amidst/src/main/java/amidst/mojangapi/world/versionfeatures/DefaultBiomes.java:[128,25] no suitable constructor found for Biome(int,java.lang.String,int)
    constructor amidst.mojangapi.world.biome.Biome.Biome(java.lang.String,int,amidst.mojangapi.world.biome.BiomeType) is not applicable
      (argument mismatch; int cannot be converted to java.lang.String)
    constructor amidst.mojangapi.world.biome.Biome.Biome(int,java.lang.String,amidst.mojangapi.world.biome.BiomeType) is not applicable
      (argument mismatch; int cannot be converted to amidst.mojangapi.world.biome.BiomeType)
[ERROR] /workspaces/master-thesis-pascal-joos/code_cure_agent/cca_workspace/amidst/src/main/java/amidst/mojangapi/world/versionfeatures/DefaultBiomes.java:[112,25] no suitable constructor found for Biome(int,java.lang.String,int)
    constructor amidst.mojangapi.world.biome.Biome.Biome(java.lang.String,int,amidst.mojangapi.world.biome.BiomeType) is not applicable
      (argument mismatch; int cannot be converted to java.lang.String)
    constructor amidst.mojangapi.world.biome.Biome.Biome(int,java.lang.String,amidst.mojangapi.world.biome.BiomeType) is not applicable
      (argument mismatch; int cannot be converted to amidst.mojangapi.world.biome.BiomeType)
[ERROR] /workspaces/master-thesis-pascal-joos/code_cure_agent/cca_workspace/amidst/src/main/java/amidst/mojangapi/world/versionfeatures/DefaultBiomes.java:[113,25] no suitable constructor found for Biome(int,java.lang.String,int)
    constructor amidst.mojangapi.world.biome.Biome.Biome(java.lang.String,int,amidst.mojangapi.world.biome.BiomeType) is not applicable
      (argument mismatch; int cannot be converted to java.lang.String)
    constructor amidst.mojangapi.world.biome.Biome.Biome(int,java.lang.String,amidst.mojangapi.world.biome.BiomeType) is not applicable
      (argument mismatch; int cannot be converted to amidst.mojangapi.world.biome.BiomeType)
[ERROR] /workspaces/master-thesis-pascal-joos/code_cure_agent/cca_workspace/amidst/src/main/java/amidst/mojangapi/world/versionfeatures/DefaultBiomes.java:[116,25] no suitable constructor found for Biome(int,java.lang.String,int)
    constructor amidst.mojangapi.world.biome.Biome.Biome(java.lang.String,int,amidst.mojangapi.world.biome.BiomeType) is not applicable
      (argument mismatch; int cannot be converted to java.lang.String)
    constructor amidst.mojangapi.world.biome.Biome.Biome(int,java.lang.String,amidst.mojangapi.world.biome.BiomeType) is not applicable
      (argument mismatch; int cannot be converted to amidst.mojangapi.world.biome.BiomeType)
[ERROR] /workspaces/master-thesis-pascal-joos/code_cure_agent/cca_workspace/amidst/src/main/java/amidst/mojangapi/world/versionfeatures/DefaultBiomes.java:[118,25] no suitable constructor found for Biome(int,java.lang.String,int)
    constructor amidst.mojangapi.world.biome.Biome.Biome(java.lang.String,int,amidst.mojangapi.world.biome.BiomeType) is not applicable
      (argument mismatch; int cannot be converted to java.lang.String)
    constructor amidst.mojangapi.world.biome.Biome.Biome(int,java.lang.String,amidst.mojangapi.world.biome.BiomeType) is not applicable
      (argument mismatch; int cannot be converted to amidst.mojangapi.world.biome.BiomeType)
[ERROR] /workspaces/master-thesis-pascal-joos/code_cure_agent/cca_workspace/amidst/src/main/java/amidst/mojangapi/world/versionfeatures/DefaultBiomes.java:[119,25] no suitable constructor found for Biome(int,java.lang.String,int)
    constructor amidst.mojangapi.world.biome.Biome.Biome(java.lang.String,int,amidst.mojangapi.world.biome.BiomeType) is not applicable
      (argument mismatch; int cannot be converted to java.lang.String)
    constructor amidst.mojangapi.world.biome.Biome.Biome(int,java.lang.String,amidst.mojangapi.world.biome.BiomeType) is not applicable
      (argument mismatch; int cannot be converted to amidst.mojangapi.world.biome.BiomeType)
[ERROR] /workspaces/master-thesis-pascal-joos/code_cure_agent/cca_workspace/amidst/src/main/java/amidst/mojangapi/world/versionfeatures/DefaultBiomes.java:[120,25] no suitable constructor found for Biome(int,java.lang.String,int)
    constructor amidst.mojangapi.world.biome.Biome.Biome(java.lang.String,int,amidst.mojangapi.world.biome.BiomeType) is not applicable
      (argument mismatch; int cannot be converted to java.lang.String)
    constructor amidst.mojangapi.world.biome.Biome.Biome(int,java.lang.String,amidst.mojangapi.world.biome.BiomeType) is not applicable
      (argument mismatch; int cannot be converted to amidst.mojangapi.world.biome.BiomeType)
[ERROR] /workspaces/master-thesis-pascal-joos/code_cure_agent/cca_workspace/amidst/src/main/java/amidst/mojangapi/world/versionfeatures/DefaultBiomes.java:[121,25] no suitable constructor found for Biome(int,java.lang.String,int)
    constructor amidst.mojangapi.world.biome.Biome.Biome(java.lang.String,int,amidst.mojangapi.world.biome.BiomeType) is not applicable
      (argument mismatch; int cannot be converted to java.lang.String)
    constructor amidst.mojangapi.world.biome.Biome.Biome(int,java.lang.String,amidst.mojangapi.world.biome.BiomeType) is not applicable
      (argument mismatch; int cannot be converted to amidst.mojangapi.world.biome.BiomeType)
[ERROR] /workspaces/master-thesis-pascal-joos/code_cure_agent/cca_workspace/amidst/src/main/java/amidst/gui/main/viewer/widget/CursorInformationWidget.java:[64,69] cannot find symbol
  symbol:   variable theEnd
  location: class amidst.mojangapi.world.versionfeatures.DefaultBiomes
[ERROR] /workspaces/master-thesis-pascal-joos/code_cure_agent/cca_workspace/amidst/src/main/java/amidst/mojangapi/world/versionfeatures/DefaultVersionFeatures.java:[203,54] cannot find symbol
  symbol:   variable jungle
  location: class amidst.mojangapi.world.versionfeatures.DefaultBiomes
[ERROR] /workspaces/master-thesis-pascal-joos/code_cure_agent/cca_workspace/amidst/src/main/java/amidst/mojangapi/world/versionfeatures/DefaultVersionFeatures.java:[204,54] cannot find symbol
  symbol:   variable jungleHills
  location: class amidst.mojangapi.world.versionfeatures.DefaultBiomes
[ERROR] /workspaces/master-thesis-pascal-joos/code_cure_agent/cca_workspace/amidst/src/main/java/amidst/mojangapi/world/versionfeatures/DefaultVersionFeatures.java:[200,54] cannot find symbol
  symbol:   variable taigaHills
  location: class amidst.mojangapi.world.versionfeatures.DefaultBiomes
[ERROR] /workspaces/master-thesis-pascal-joos/code_cure_agent/cca_workspace/amidst/src/main/java/amidst/mojangapi/world/versionfeatures/DefaultVersionFeatures.java:[201,54] cannot find symbol
  symbol:   variable forestHills
  location: class amidst.mojangapi.world.versionfeatures.DefaultBiomes
[ERROR] /workspaces/master-thesis-pascal-joos/code_cure_agent/cca_workspace/amidst/src/main/java/amidst/mojangapi/world/versionfeatures/DefaultVersionFeatures.java:[196,54] cannot find symbol
  symbol:   variable forest
  location: class amidst.mojangapi.world.versionfeatures.DefaultBiomes
[ERROR] /workspaces/master-thesis-pascal-joos/code_cure_agent/cca_workspace/amidst/src/main/java/amidst/mojangapi/world/versionfeatures/DefaultVersionFeatures.java:[197,54] cannot find symbol
  symbol:   variable plains
  location: class amidst.mojangapi.world.versionfeatures.DefaultBiomes
[ERROR] /workspaces/master-thesis-pascal-joos/code_cure_agent/cca_workspace/amidst/src/main/java/amidst/mojangapi/world/versionfeatures/DefaultVersionFeatures.java:[198,54] cannot find symbol
  symbol:   variable taiga
  location: class amidst.mojangapi.world.versionfeatures.DefaultBiomes
[ERROR] /workspaces/master-thesis-pascal-joos/code_cure_agent/cca_workspace/amidst/src/main/java/amidst/mojangapi/world/versionfeatures/DefaultVersionFeatures.java:[249,54] cannot find symbol
  symbol:   variable hell
  location: class amidst.mojangapi.world.versionfeatures.DefaultBiomes
[ERROR] /workspaces/master-thesis-pascal-joos/code_cure_agent/cca_workspace/amidst/src/main/java/amidst/mojangapi/world/versionfeatures/DefaultVersionFeatures.java:[250,54] cannot find symbol
  symbol:   variable soulSandValley
  location: class amidst.mojangapi.world.versionfeatures.DefaultBiomes
[ERROR] /workspaces/master-thesis-pascal-joos/code_cure_agent/cca_workspace/amidst/src/main/java/amidst/mojangapi/world/versionfeatures/DefaultVersionFeatures.java:[251,54] cannot find symbol
  symbol:   variable crimsonForest
  location: class amidst.mojangapi.world.versionfeatures.DefaultBiomes
[ERROR] /workspaces/master-thesis-pascal-joos/code_cure_agent/cca_workspace/amidst/src/main/java/amidst/mojangapi/world/versionfeatures/DefaultVersionFeatures.java:[252,54] cannot find symbol
  symbol:   variable warpedForest
  location: class amidst.mojangapi.world.versionfeatures.DefaultBiomes
[ERROR] /workspaces/master-thesis-pascal-joos/code_cure_agent/cca_workspace/amidst/src/main/java/amidst/mojangapi/world/versionfeatures/DefaultVersionFeatures.java:[358,54] cannot find symbol
  symbol:   variable bambooJungle
  location: class amidst.mojangapi.world.versionfeatures.DefaultBiomes
[ERROR] /workspaces/master-thesis-pascal-joos/code_cure_agent/cca_workspace/amidst/src/main/java/amidst/mojangapi/world/versionfeatures/DefaultVersionFeatures.java:[359,54] cannot find symbol
  symbol:   variable bambooJungleHills
  location: class amidst.mojangapi.world.versionfeatures.DefaultBiomes
[ERROR] /workspaces/master-thesis-pascal-joos/code_cure_agent/cca_workspace/amidst/src/main/java/amidst/mojangapi/world/versionfeatures/DefaultVersionFeatures.java:[356,54] cannot find symbol
  symbol:   variable mushroomIslandShore
  location: class amidst.mojangapi.world.versionfeatures.DefaultBiomes
[ERROR] /workspaces/master-thesis-pascal-joos/code_cure_agent/cca_workspace/amidst/src/main/java/amidst/mojangapi/world/versionfeatures/DefaultVersionFeatures.java:[350,54] cannot find symbol
  symbol:   variable jungle
  location: class amidst.mojangapi.world.versionfeatures.DefaultBiomes
[ERROR] /workspaces/master-thesis-pascal-joos/code_cure_agent/cca_workspace/amidst/src/main/java/amidst/mojangapi/world/versionfeatures/DefaultVersionFeatures.java:[351,54] cannot find symbol
  symbol:   variable jungleHills
  location: class amidst.mojangapi.world.versionfeatures.DefaultBiomes
[ERROR] /workspaces/master-thesis-pascal-joos/code_cure_agent/cca_workspace/amidst/src/main/java/amidst/mojangapi/world/versionfeatures/DefaultVersionFeatures.java:[346,54] cannot find symbol
  symbol:   variable desertHills
  location: class amidst.mojangapi.world.versionfeatures.DefaultBiomes
[ERROR] /workspaces/master-thesis-pascal-joos/code_cure_agent/cca_workspace/amidst/src/main/java/amidst/mojangapi/world/versionfeatures/DefaultVersionFeatures.java:[347,54] cannot find symbol
  symbol:   variable forestHills
  location: class amidst.mojangapi.world.versionfeatures.DefaultBiomes
[ERROR] /workspaces/master-thesis-pascal-joos/code_cure_agent/cca_workspace/amidst/src/main/java/amidst/mojangapi/world/versionfeatures/DefaultVersionFeatures.java:[348,54] cannot find symbol
  symbol:   variable extremeHillsEdge
  location: class amidst.mojangapi.world.versionfeatures.DefaultBiomes
[ERROR] /workspaces/master-thesis-pascal-joos/code_cure_agent/cca_workspace/amidst/src/main/java/amidst/mojangapi/world/versionfeatures/DefaultVersionFeatures.java:[342,54] cannot find symbol
  symbol:   variable taiga
  location: class amidst.mojangapi.world.versionfeatures.DefaultBiomes
[ERROR] /workspaces/master-thesis-pascal-joos/code_cure_agent/cca_workspace/amidst/src/main/java/amidst/mojangapi/world/versionfeatures/DefaultVersionFeatures.java:[343,54] cannot find symbol
  symbol:   variable icePlains
  location: class amidst.mojangapi.world.versionfeatures.DefaultBiomes
[ERROR] /workspaces/master-thesis-pascal-joos/code_cure_agent/cca_workspace/amidst/src/main/java/amidst/mojangapi/world/versionfeatures/DefaultVersionFeatures.java:[344,54] cannot find symbol
  symbol:   variable iceMountains
  location: class amidst.mojangapi.world.versionfeatures.DefaultBiomes
[ERROR] /workspaces/master-thesis-pascal-joos/code_cure_agent/cca_workspace/amidst/src/main/java/amidst/mojangapi/world/versionfeatures/DefaultVersionFeatures.java:[337,54] cannot find symbol
  symbol:   variable desert
  location: class amidst.mojangapi.world.versionfeatures.DefaultBiomes
[ERROR] /workspaces/master-thesis-pascal-joos/code_cure_agent/cca_workspace/amidst/src/main/java/amidst/mojangapi/world/versionfeatures/DefaultVersionFeatures.java:[338,54] cannot find symbol
  symbol:   variable forest
  location: class amidst.mojangapi.world.versionfeatures.DefaultBiomes
[ERROR] /workspaces/master-thesis-pascal-joos/code_cure_agent/cca_workspace/amidst/src/main/java/amidst/mojangapi/world/versionfeatures/DefaultVersionFeatures.java:[339,54] cannot find symbol
  symbol:   variable extremeHills
  location: class amidst.mojangapi.world.versionfeatures.DefaultBiomes
[ERROR] /workspaces/master-thesis-pascal-joos/code_cure_agent/cca_workspace/amidst/src/main/java/amidst/mojangapi/world/versionfeatures/DefaultVersionFeatures.java:[340,54] cannot find symbol
  symbol:   variable swampland
  location: class amidst.mojangapi.world.versionfeatures.DefaultBiomes
[INFO] 100 errors 
[INFO] -------------------------------------------------------------
[INFO] ------------------------------------------------------------------------
[INFO] BUILD FAILURE
[INFO] ------------------------------------------------------------------------
[INFO] Total time:  3.714 s
[INFO] Finished at: 2025-08-29T23:58:08Z
[INFO] ------------------------------------------------------------------------
[ERROR] Failed to execute goal org.apache.maven.plugins:maven-compiler-plugin:3.8.1:compile (default-compile) on project amidst: Compilation failure: Compilation failure: 
[ERROR] /workspaces/master-thesis-pascal-joos/code_cure_agent/cca_workspace/amidst/src/main/java/amidst/mojangapi/world/versionfeatures/DefaultBiomes.java:[278,25] no suitable constructor found for Biome(int,java.lang.String,int)
[ERROR]     constructor amidst.mojangapi.world.biome.Biome.Biome(java.lang.String,int,amidst.mojangapi.world.biome.BiomeType) is not applicable
[ERROR]       (argument mismatch; int cannot be converted to java.lang.String)
[ERROR]     constructor amidst.mojangapi.world.biome.Biome.Biome(int,java.lang.String,amidst.mojangapi.world.biome.BiomeType) is not applicable
[ERROR]       (argument mismatch; int cannot be converted to amidst.mojangapi.world.biome.BiomeType)
[ERROR] /workspaces/master-thesis-pascal-joos/code_cure_agent/cca_workspace/amidst/src/main/java/amidst/mojangapi/world/versionfeatures/DefaultBiomes.java:[273,25] no suitable constructor found for Biome(int,java.lang.String,int)
[ERROR]     constructor amidst.mojangapi.world.biome.Biome.Biome(java.lang.String,int,amidst.mojangapi.world.biome.BiomeType) is not applicable
[ERROR]       (argument mismatch; int cannot be converted to java.lang.String)
[ERROR]     constructor amidst.mojangapi.world.biome.Biome.Biome(int,java.lang.String,amidst.mojangapi.world.biome.BiomeType) is not applicable
[ERROR]       (argument mismatch; int cannot be converted to amidst.mojangapi.world.biome.BiomeType)
[ERROR] /workspaces/master-thesis-pascal-joos/code_cure_agent/cca_workspace/amidst/src/main/java/amidst/mojangapi/world/versionfeatures/DefaultBiomes.java:[274,25] no suitable constructor found for Biome(int,java.lang.String,int)
[ERROR]     constructor amidst.mojangapi.world.biome.Biome.Biome(java.lang.String,int,amidst.mojangapi.world.biome.BiomeType) is not applicable
[ERROR]       (argument mismatch; int cannot be converted to java.lang.String)
[ERROR]     constructor amidst.mojangapi.world.biome.Biome.Biome(int,java.lang.String,amidst.mojangapi.world.biome.BiomeType) is not applicable
[ERROR]       (argument mismatch; int cannot be converted to amidst.mojangapi.world.biome.BiomeType)
[ERROR] /workspaces/master-thesis-pascal-joos/code_cure_agent/cca_workspace/amidst/src/main/java/amidst/mojangapi/world/versionfeatures/DefaultBiomes.java:[275,25] no suitable constructor found for Biome(int,java.lang.String,int)
[ERROR]     constructor amidst.mojangapi.world.biome.Biome.Biome(java.lang.String,int,amidst.mojangapi.world.biome.BiomeType) is not applicable
[ERROR]       (argument mismatch; int cannot be converted to java.lang.String)
[ERROR]     constructor amidst.mojangapi.world.biome.Biome.Biome(int,java.lang.String,amidst.mojangapi.world.biome.BiomeType) is not applicable
[ERROR]       (argument mismatch; int cannot be converted to amidst.mojangapi.world.biome.BiomeType)
[ERROR] /workspaces/master-thesis-pascal-joos/code_cure_agent/cca_workspace/amidst/src/main/java/amidst/mojangapi/world/versionfeatures/DefaultBiomes.java:[276,25] no suitable constructor found for Biome(int,java.lang.String,int)
[ERROR]     constructor amidst.mojangapi.world.biome.Biome.Biome(java.lang.String,int,amidst.mojangapi.world.biome.BiomeType) is not applicable
[ERROR]       (argument mismatch; int cannot be converted to java.lang.String)
[ERROR]     constructor amidst.mojangapi.world.biome.Biome.Biome(int,java.lang.String,amidst.mojangapi.world.biome.BiomeType) is not applicable
[ERROR]       (argument mismatch; int cannot be converted to amidst.mojangapi.world.biome.BiomeType)
[ERROR] /workspaces/master-thesis-pascal-joos/code_cure_agent/cca_workspace/amidst/src/main/java/amidst/mojangapi/world/versionfeatures/DefaultBiomes.java:[270,25] no suitable constructor found for Biome(int,java.lang.String,int)
[ERROR]     constructor amidst.mojangapi.world.biome.Biome.Biome(java.lang.String,int,amidst.mojangapi.world.biome.BiomeType) is not applicable
[ERROR]       (argument mismatch; int cannot be converted to java.lang.String)
[ERROR]     constructor amidst.mojangapi.world.biome.Biome.Biome(int,java.lang.String,amidst.mojangapi.world.biome.BiomeType) is not applicable
[ERROR]       (argument mismatch; int cannot be converted to amidst.mojangapi.world.biome.BiomeType)
[ERROR] /workspaces/master-thesis-pascal-joos/code_cure_agent/cca_workspace/amidst/src/main/java/amidst/mojangapi/world/versionfeatures/DefaultBiomes.java:[224,25] no suitable constructor found for Biome(int,java.lang.String,int)
[ERROR]     constructor amidst.mojangapi.world.biome.Biome.Biome(java.lang.String,int,amidst.mojangapi.world.biome.BiomeType) is not applicable
[ERROR]       (argument mismatch; int cannot be converted to java.lang.String)
[ERROR]     constructor amidst.mojangapi.world.biome.Biome.Biome(int,java.lang.String,amidst.mojangapi.world.biome.BiomeType) is not applicable
[ERROR]       (argument mismatch; int cannot be converted to amidst.mojangapi.world.biome.BiomeType)
[ERROR] /workspaces/master-thesis-pascal-joos/code_cure_agent/cca_workspace/amidst/src/main/java/amidst/mojangapi/world/versionfeatures/DefaultBiomes.java:[228,25] no suitable constructor found for Biome(int,java.lang.String,int)
[ERROR]     constructor amidst.mojangapi.world.biome.Biome.Biome(java.lang.String,int,amidst.mojangapi.world.biome.BiomeType) is not applicable
[ERROR]       (argument mismatch; int cannot be converted to java.lang.String)
[ERROR]     constructor amidst.mojangapi.world.biome.Biome.Biome(int,java.lang.String,amidst.mojangapi.world.biome.BiomeType) is not applicable
[ERROR]       (argument mismatch; int cannot be converted to amidst.mojangapi.world.biome.BiomeType)
[ERROR] /workspaces/master-thesis-pascal-joos/code_cure_agent/cca_workspace/amidst/src/main/java/amidst/mojangapi/world/versionfeatures/DefaultBiomes.java:[232,25] no suitable constructor found for Biome(int,java.lang.String,int)
[ERROR]     constructor amidst.mojangapi.world.biome.Biome.Biome(java.lang.String,int,amidst.mojangapi.world.biome.BiomeType) is not applicable
[ERROR]       (argument mismatch; int cannot be converted to java.lang.String)
[ERROR]     constructor amidst.mojangapi.world.biome.Biome.Biome(int,java.lang.String,amidst.mojangapi.world.biome.BiomeType) is not applicable
[ERROR]       (argument mismatch; int cannot be converted to amidst.mojangapi.world.biome.BiomeType)
[ERROR] /workspaces/master-thesis-pascal-joos/code_cure_agent/cca_workspace/amidst/src/main/java/amidst/mojangapi/world/versionfeatures/DefaultBiomes.java:[233,25] no suitable constructor found for Biome(int,java.lang.String,int)
[ERROR]     constructor amidst.mojangapi.world.biome.Biome.Biome(java.lang.String,int,amidst.mojangapi.world.biome.BiomeType) is not applicable
[ERROR]       (argument mismatch; int cannot be converted to java.lang.String)
[ERROR]     constructor amidst.mojangapi.world.biome.Biome.Biome(int,java.lang.String,amidst.mojangapi.world.biome.BiomeType) is not applicable
[ERROR]       (argument mismatch; int cannot be converted to amidst.mojangapi.world.biome.BiomeType)
[ERROR] /workspaces/master-thesis-pascal-joos/code_cure_agent/cca_workspace/amidst/src/main/java/amidst/mojangapi/world/versionfeatures/DefaultBiomes.java:[239,25] no suitable constructor found for Biome(int,java.lang.String,int)
[ERROR]     constructor amidst.mojangapi.world.biome.Biome.Biome(java.lang.String,int,amidst.mojangapi.world.biome.BiomeType) is not applicable
[ERROR]       (argument mismatch; int cannot be converted to java.lang.String)
[ERROR]     constructor amidst.mojangapi.world.biome.Biome.Biome(int,java.lang.String,amidst.mojangapi.world.biome.BiomeType) is not applicable
[ERROR]       (argument mismatch; int cannot be converted to amidst.mojangapi.world.biome.BiomeType)
[ERROR] /workspaces/master-thesis-pascal-joos/code_cure_agent/cca_workspace/amidst/src/main/java/amidst/mojangapi/world/versionfeatures/DefaultBiomes.java:[242,25] no suitable constructor found for Biome(int,java.lang.String,int)
[ERROR]     constructor amidst.mojangapi.world.biome.Biome.Biome(java.lang.String,int,amidst.mojangapi.world.biome.BiomeType) is not applicable
[ERROR]       (argument mismatch; int cannot be converted to java.lang.String)
[ERROR]     constructor amidst.mojangapi.world.biome.Biome.Biome(int,java.lang.String,amidst.mojangapi.world.biome.BiomeType) is not applicable
[ERROR]       (argument mismatch; int cannot be converted to amidst.mojangapi.world.biome.BiomeType)
[ERROR] /workspaces/master-thesis-pascal-joos/code_cure_agent/cca_workspace/amidst/src/main/java/amidst/mojangapi/world/versionfeatures/DefaultBiomes.java:[243,25] no suitable constructor found for Biome(int,java.lang.String,int)
[ERROR]     constructor amidst.mojangapi.world.biome.Biome.Biome(java.lang.String,int,amidst.mojangapi.world.biome.BiomeType) is not applicable
[ERROR]       (argument mismatch; int cannot be converted to java.lang.String)
[ERROR]     constructor amidst.mojangapi.world.biome.Biome.Biome(int,java.lang.String,amidst.mojangapi.world.biome.BiomeType) is not applicable
[ERROR]       (argument mismatch; int cannot be converted to amidst.mojangapi.world.biome.BiomeType)
[ERROR] /workspaces/master-thesis-pascal-joos/code_cure_agent/cca_workspace/amidst/src/main/java/amidst/mojangapi/world/versionfeatures/DefaultBiomes.java:[244,25] no suitable constructor found for Biome(int,java.lang.String,int)
[ERROR]     constructor amidst.mojangapi.world.biome.Biome.Biome(java.lang.String,int,amidst.mojangapi.world.biome.BiomeType) is not applicable
[ERROR]       (argument mismatch; int cannot be converted to java.lang.String)
[ERROR]     constructor amidst.mojangapi.world.biome.Biome.Biome(int,java.lang.String,amidst.mojangapi.world.biome.BiomeType) is not applicable
[ERROR]       (argument mismatch; int cannot be converted to amidst.mojangapi.world.biome.BiomeType)
[ERROR] /workspaces/master-thesis-pascal-joos/code_cure_agent/cca_workspace/amidst/src/main/java/amidst/mojangapi/world/versionfeatures/DefaultBiomes.java:[245,25] no suitable constructor found for Biome(int,java.lang.String,int)
[ERROR]     constructor amidst.mojangapi.world.biome.Biome.Biome(java.lang.String,int,amidst.mojangapi.world.biome.BiomeType) is not applicable
[ERROR]       (argument mismatch; int cannot be converted to java.lang.String)
[ERROR]     constructor amidst.mojangapi.world.biome.Biome.Biome(int,java.lang.String,amidst.mojangapi.world.biome.BiomeType) is not applicable
[ERROR]       (argument mismatch; int cannot be converted to amidst.mojangapi.world.biome.BiomeType)
[ERROR] /workspaces/master-thesis-pascal-joos/code_cure_agent/cca_workspace/amidst/src/main/java/amidst/mojangapi/world/versionfeatures/DefaultBiomes.java:[246,25] no suitable constructor found for Biome(int,java.lang.String,int)
[ERROR]     constructor amidst.mojangapi.world.biome.Biome.Biome(java.lang.String,int,amidst.mojangapi.world.biome.BiomeType) is not applicable
[ERROR]       (argument mismatch; int cannot be converted to java.lang.String)
[ERROR]     constructor amidst.mojangapi.world.biome.Biome.Biome(int,java.lang.String,amidst.mojangapi.world.biome.BiomeType) is not applicable
[ERROR]       (argument mismatch; int cannot be converted to amidst.mojangapi.world.biome.BiomeType)
[ERROR] /workspaces/master-thesis-pascal-joos/code_cure_agent/cca_workspace/amidst/src/main/java/amidst/mojangapi/world/versionfeatures/DefaultBiomes.java:[247,25] no suitable constructor found for Biome(int,java.lang.String,int)
[ERROR]     constructor amidst.mojangapi.world.biome.Biome.Biome(java.lang.String,int,amidst.mojangapi.world.biome.BiomeType) is not applicable
[ERROR]       (argument mismatch; int cannot be converted to java.lang.String)
[ERROR]     constructor amidst.mojangapi.world.biome.Biome.Biome(int,java.lang.String,amidst.mojangapi.world.biome.BiomeType) is not applicable
[ERROR]       (argument mismatch; int cannot be converted to amidst.mojangapi.world.biome.BiomeType)
[ERROR] /workspaces/master-thesis-pascal-joos/code_cure_agent/cca_workspace/amidst/src/main/java/amidst/mojangapi/world/versionfeatures/DefaultBiomes.java:[248,25] no suitable constructor found for Biome(int,java.lang.String,int)
[ERROR]     constructor amidst.mojangapi.world.biome.Biome.Biome(java.lang.String,int,amidst.mojangapi.world.biome.BiomeType) is not applicable
[ERROR]       (argument mismatch; int cannot be converted to java.lang.String)
[ERROR]     constructor amidst.mojangapi.world.biome.Biome.Biome(int,java.lang.String,amidst.mojangapi.world.biome.BiomeType) is not applicable
[ERROR]       (argument mismatch; int cannot be converted to amidst.mojangapi.world.biome.BiomeType)
[ERROR] /workspaces/master-thesis-pascal-joos/code_cure_agent/cca_workspace/amidst/src/main/java/amidst/mojangapi/world/versionfeatures/DefaultBiomes.java:[249,25] no suitable constructor found for Biome(int,java.lang.String,int)
[ERROR]     constructor amidst.mojangapi.world.biome.Biome.Biome(java.lang.String,int,amidst.mojangapi.world.biome.BiomeType) is not applicable
[ERROR]       (argument mismatch; int cannot be converted to java.lang.String)
[ERROR]     constructor amidst.mojangapi.world.biome.Biome.Biome(int,java.lang.String,amidst.mojangapi.world.biome.BiomeType) is not applicable
[ERROR]       (argument mismatch; int cannot be converted to amidst.mojangapi.world.biome.BiomeType)
[ERROR] /workspaces/master-thesis-pascal-joos/code_cure_agent/cca_workspace/amidst/src/main/java/amidst/mojangapi/world/versionfeatures/DefaultBiomes.java:[253,25] no suitable constructor found for Biome(java.lang.String,int,int)
[ERROR]     constructor amidst.mojangapi.world.biome.Biome.Biome(java.lang.String,int,amidst.mojangapi.world.biome.BiomeType) is not applicable
[ERROR]       (argument mismatch; int cannot be converted to amidst.mojangapi.world.biome.BiomeType)
[ERROR]     constructor amidst.mojangapi.world.biome.Biome.Biome(int,java.lang.String,amidst.mojangapi.world.biome.BiomeType) is not applicable
[ERROR]       (argument mismatch; java.lang.String cannot be converted to int)
[ERROR] /workspaces/master-thesis-pascal-joos/code_cure_agent/cca_workspace/amidst/src/main/java/amidst/mojangapi/world/versionfeatures/DefaultBiomes.java:[255,25] no suitable constructor found for Biome(java.lang.String,int,int)
[ERROR]     constructor amidst.mojangapi.world.biome.Biome.Biome(java.lang.String,int,amidst.mojangapi.world.biome.BiomeType) is not applicable
[ERROR]       (argument mismatch; int cannot be converted to amidst.mojangapi.world.biome.BiomeType)
[ERROR]     constructor amidst.mojangapi.world.biome.Biome.Biome(int,java.lang.String,amidst.mojangapi.world.biome.BiomeType) is not applicable
[ERROR]       (argument mismatch; java.lang.String cannot be converted to int)
[ERROR] /workspaces/master-thesis-pascal-joos/code_cure_agent/cca_workspace/amidst/src/main/java/amidst/mojangapi/world/versionfeatures/DefaultBiomes.java:[256,25] no suitable constructor found for Biome(java.lang.String,int,int)
[ERROR]     constructor amidst.mojangapi.world.biome.Biome.Biome(java.lang.String,int,amidst.mojangapi.world.biome.BiomeType) is not applicable
[ERROR]       (argument mismatch; int cannot be converted to amidst.mojangapi.world.biome.BiomeType)
[ERROR]     constructor amidst.mojangapi.world.biome.Biome.Biome(int,java.lang.String,amidst.mojangapi.world.biome.BiomeType) is not applicable
[ERROR]       (argument mismatch; java.lang.String cannot be converted to int)
[ERROR] /workspaces/master-thesis-pascal-joos/code_cure_agent/cca_workspace/amidst/src/main/java/amidst/mojangapi/world/versionfeatures/DefaultBiomes.java:[257,25] no suitable constructor found for Biome(java.lang.String,int,int)
[ERROR]     constructor amidst.mojangapi.world.biome.Biome.Biome(java.lang.String,int,amidst.mojangapi.world.biome.BiomeType) is not applicable
[ERROR]       (argument mismatch; int cannot be converted to amidst.mojangapi.world.biome.BiomeType)
[ERROR]     constructor amidst.mojangapi.world.biome.Biome.Biome(int,java.lang.String,amidst.mojangapi.world.biome.BiomeType) is not applicable
[ERROR]       (argument mismatch; java.lang.String cannot be converted to int)
[ERROR] /workspaces/master-thesis-pascal-joos/code_cure_agent/cca_workspace/amidst/src/main/java/amidst/mojangapi/world/versionfeatures/DefaultBiomes.java:[259,25] no suitable constructor found for Biome(java.lang.String,int,int)
[ERROR]     constructor amidst.mojangapi.world.biome.Biome.Biome(java.lang.String,int,amidst.mojangapi.world.biome.BiomeType) is not applicable
[ERROR]       (argument mismatch; int cannot be converted to amidst.mojangapi.world.biome.BiomeType)
[ERROR]     constructor amidst.mojangapi.world.biome.Biome.Biome(int,java.lang.String,amidst.mojangapi.world.biome.BiomeType) is not applicable
[ERROR]       (argument mismatch; java.lang.String cannot be converted to int)
[ERROR] /workspaces/master-thesis-pascal-joos/code_cure_agent/cca_workspace/amidst/src/main/java/amidst/mojangapi/world/versionfeatures/DefaultBiomes.java:[266,25] no suitable constructor found for Biome(java.lang.String,int,int)
[ERROR]     constructor amidst.mojangapi.world.biome.Biome.Biome(java.lang.String,int,amidst.mojangapi.world.biome.BiomeType) is not applicable
[ERROR]       (argument mismatch; int cannot be converted to amidst.mojangapi.world.biome.BiomeType)
[ERROR]     constructor amidst.mojangapi.world.biome.Biome.Biome(int,java.lang.String,amidst.mojangapi.world.biome.BiomeType) is not applicable
[ERROR]       (argument mismatch; java.lang.String cannot be converted to int)
[ERROR] /workspaces/master-thesis-pascal-joos/code_cure_agent/cca_workspace/amidst/src/main/java/amidst/mojangapi/world/versionfeatures/DefaultBiomes.java:[205,25] no suitable constructor found for Biome(int,java.lang.String,int)
[ERROR]     constructor amidst.mojangapi.world.biome.Biome.Biome(java.lang.String,int,amidst.mojangapi.world.biome.BiomeType) is not applicable
[ERROR]       (argument mismatch; int cannot be converted to java.lang.String)
[ERROR]     constructor amidst.mojangapi.world.biome.Biome.Biome(int,java.lang.String,amidst.mojangapi.world.biome.BiomeType) is not applicable
[ERROR]       (argument mismatch; int cannot be converted to amidst.mojangapi.world.biome.BiomeType)
[ERROR] /workspaces/master-thesis-pascal-joos/code_cure_agent/cca_workspace/amidst/src/main/java/amidst/mojangapi/world/versionfeatures/DefaultBiomes.java:[210,25] no suitable constructor found for Biome(java.lang.String,int,int)
[ERROR]     constructor amidst.mojangapi.world.biome.Biome.Biome(java.lang.String,int,amidst.mojangapi.world.biome.BiomeType) is not applicable
[ERROR]       (argument mismatch; int cannot be converted to amidst.mojangapi.world.biome.BiomeType)
[ERROR]     constructor amidst.mojangapi.world.biome.Biome.Biome(int,java.lang.String,amidst.mojangapi.world.biome.BiomeType) is not applicable
[ERROR]       (argument mismatch; java.lang.String cannot be converted to int)
[ERROR] /workspaces/master-thesis-pascal-joos/code_cure_agent/cca_workspace/amidst/src/main/java/amidst/mojangapi/world/versionfeatures/DefaultBiomes.java:[211,25] no suitable constructor found for Biome(java.lang.String,int,int)
[ERROR]     constructor amidst.mojangapi.world.biome.Biome.Biome(java.lang.String,int,amidst.mojangapi.world.biome.BiomeType) is not applicable
[ERROR]       (argument mismatch; int cannot be converted to amidst.mojangapi.world.biome.BiomeType)
[ERROR]     constructor amidst.mojangapi.world.biome.Biome.Biome(int,java.lang.String,amidst.mojangapi.world.biome.BiomeType) is not applicable
[ERROR]       (argument mismatch; java.lang.String cannot be converted to int)
[ERROR] /workspaces/master-thesis-pascal-joos/code_cure_agent/cca_workspace/amidst/src/main/java/amidst/mojangapi/world/versionfeatures/DefaultBiomes.java:[212,25] no suitable constructor found for Biome(java.lang.String,int,int)
[ERROR]     constructor amidst.mojangapi.world.biome.Biome.Biome(java.lang.String,int,amidst.mojangapi.world.biome.BiomeType) is not applicable
[ERROR]       (argument mismatch; int cannot be converted to amidst.mojangapi.world.biome.BiomeType)
[ERROR]     constructor amidst.mojangapi.world.biome.Biome.Biome(int,java.lang.String,amidst.mojangapi.world.biome.BiomeType) is not applicable
[ERROR]       (argument mismatch; java.lang.String cannot be converted to int)
[ERROR] /workspaces/master-thesis-pascal-joos/code_cure_agent/cca_workspace/amidst/src/main/java/amidst/mojangapi/world/versionfeatures/DefaultBiomes.java:[213,25] no suitable constructor found for Biome(java.lang.String,int,int)
[ERROR]     constructor amidst.mojangapi.world.biome.Biome.Biome(java.lang.String,int,amidst.mojangapi.world.biome.BiomeType) is not applicable
[ERROR]       (argument mismatch; int cannot be converted to amidst.mojangapi.world.biome.BiomeType)
[ERROR]     constructor amidst.mojangapi.world.biome.Biome.Biome(int,java.lang.String,amidst.mojangapi.world.biome.BiomeType) is not applicable
[ERROR]       (argument mismatch; java.lang.String cannot be converted to int)
[ERROR] /workspaces/master-thesis-pascal-joos/code_cure_agent/cca_workspace/amidst/src/main/java/amidst/mojangapi/world/versionfeatures/DefaultBiomes.java:[215,25] no suitable constructor found for Biome(java.lang.String,int,int)
[ERROR]     constructor amidst.mojangapi.world.biome.Biome.Biome(java.lang.String,int,amidst.mojangapi.world.biome.BiomeType) is not applicable
[ERROR]       (argument mismatch; int cannot be converted to amidst.mojangapi.world.biome.BiomeType)
[ERROR]     constructor amidst.mojangapi.world.biome.Biome.Biome(int,java.lang.String,amidst.mojangapi.world.biome.BiomeType) is not applicable
[ERROR]       (argument mismatch; java.lang.String cannot be converted to int)
[ERROR] /workspaces/master-thesis-pascal-joos/code_cure_agent/cca_workspace/amidst/src/main/java/amidst/mojangapi/world/versionfeatures/DefaultBiomes.java:[197,25] no suitable constructor found for Biome(int,java.lang.String,int)
[ERROR]     constructor amidst.mojangapi.world.biome.Biome.Biome(java.lang.String,int,amidst.mojangapi.world.biome.BiomeType) is not applicable
[ERROR]       (argument mismatch; int cannot be converted to java.lang.String)
[ERROR]     constructor amidst.mojangapi.world.biome.Biome.Biome(int,java.lang.String,amidst.mojangapi.world.biome.BiomeType) is not applicable
[ERROR]       (argument mismatch; int cannot be converted to amidst.mojangapi.world.biome.BiomeType)
[ERROR] /workspaces/master-thesis-pascal-joos/code_cure_agent/cca_workspace/amidst/src/main/java/amidst/mojangapi/world/versionfeatures/DefaultBiomes.java:[198,25] no suitable constructor found for Biome(int,java.lang.String,int)
[ERROR]     constructor amidst.mojangapi.world.biome.Biome.Biome(java.lang.String,int,amidst.mojangapi.world.biome.BiomeType) is not applicable
[ERROR]       (argument mismatch; int cannot be converted to java.lang.String)
[ERROR]     constructor amidst.mojangapi.world.biome.Biome.Biome(int,java.lang.String,amidst.mojangapi.world.biome.BiomeType) is not applicable
[ERROR]       (argument mismatch; int cannot be converted to amidst.mojangapi.world.biome.BiomeType)
[ERROR] /workspaces/master-thesis-pascal-joos/code_cure_agent/cca_workspace/amidst/src/main/java/amidst/mojangapi/world/versionfeatures/DefaultBiomes.java:[199,25] no suitable constructor found for Biome(int,java.lang.String,int)
[ERROR]     constructor amidst.mojangapi.world.biome.Biome.Biome(java.lang.String,int,amidst.mojangapi.world.biome.BiomeType) is not applicable
[ERROR]       (argument mismatch; int cannot be converted to java.lang.String)
[ERROR]     constructor amidst.mojangapi.world.biome.Biome.Biome(int,java.lang.String,amidst.mojangapi.world.biome.BiomeType) is not applicable
[ERROR]       (argument mismatch; int cannot be converted to amidst.mojangapi.world.biome.BiomeType)
[ERROR] /workspaces/master-thesis-pascal-joos/code_cure_agent/cca_workspace/amidst/src/main/java/amidst/mojangapi/world/versionfeatures/DefaultBiomes.java:[200,25] no suitable constructor found for Biome(int,java.lang.String,int)
[ERROR]     constructor amidst.mojangapi.world.biome.Biome.Biome(java.lang.String,int,amidst.mojangapi.world.biome.BiomeType) is not applicable
[ERROR]       (argument mismatch; int cannot be converted to java.lang.String)
[ERROR]     constructor amidst.mojangapi.world.biome.Biome.Biome(int,java.lang.String,amidst.mojangapi.world.biome.BiomeType) is not applicable
[ERROR]       (argument mismatch; int cannot be converted to amidst.mojangapi.world.biome.BiomeType)
[ERROR] /workspaces/master-thesis-pascal-joos/code_cure_agent/cca_workspace/amidst/src/main/java/amidst/mojangapi/world/versionfeatures/DefaultBiomes.java:[201,25] no suitable constructor found for Biome(int,java.lang.String,int)
[ERROR]     constructor amidst.mojangapi.world.biome.Biome.Biome(java.lang.String,int,amidst.mojangapi.world.biome.BiomeType) is not applicable
[ERROR]       (argument mismatch; int cannot be converted to java.lang.String)
[ERROR]     constructor amidst.mojangapi.world.biome.Biome.Biome(int,java.lang.String,amidst.mojangapi.world.biome.BiomeType) is not applicable
[ERROR]       (argument mismatch; int cannot be converted to amidst.mojangapi.world.biome.BiomeType)
[ERROR] /workspaces/master-thesis-pascal-joos/code_cure_agent/cca_workspace/amidst/src/main/java/amidst/mojangapi/world/versionfeatures/DefaultBiomes.java:[202,25] no suitable constructor found for Biome(int,java.lang.String,int)
[ERROR]     constructor amidst.mojangapi.world.biome.Biome.Biome(java.lang.String,int,amidst.mojangapi.world.biome.BiomeType) is not applicable
[ERROR]       (argument mismatch; int cannot be converted to java.lang.String)
[ERROR]     constructor amidst.mojangapi.world.biome.Biome.Biome(int,java.lang.String,amidst.mojangapi.world.biome.BiomeType) is not applicable
[ERROR]       (argument mismatch; int cannot be converted to amidst.mojangapi.world.biome.BiomeType)
[ERROR] /workspaces/master-thesis-pascal-joos/code_cure_agent/cca_workspace/amidst/src/main/java/amidst/mojangapi/world/versionfeatures/DefaultBiomes.java:[203,25] no suitable constructor found for Biome(int,java.lang.String,int)
[ERROR]     constructor amidst.mojangapi.world.biome.Biome.Biome(java.lang.String,int,amidst.mojangapi.world.biome.BiomeType) is not applicable
[ERROR]       (argument mismatch; int cannot be converted to java.lang.String)
[ERROR]     constructor amidst.mojangapi.world.biome.Biome.Biome(int,java.lang.String,amidst.mojangapi.world.biome.BiomeType) is not applicable
[ERROR]       (argument mismatch; int cannot be converted to amidst.mojangapi.world.biome.BiomeType)
[ERROR] /workspaces/master-thesis-pascal-joos/code_cure_agent/cca_workspace/amidst/src/main/java/amidst/mojangapi/world/versionfeatures/DefaultBiomes.java:[192,25] no suitable constructor found for Biome(int,java.lang.String,int)
[ERROR]     constructor amidst.mojangapi.world.biome.Biome.Biome(java.lang.String,int,amidst.mojangapi.world.biome.BiomeType) is not applicable
[ERROR]       (argument mismatch; int cannot be converted to java.lang.String)
[ERROR]     constructor amidst.mojangapi.world.biome.Biome.Biome(int,java.lang.String,amidst.mojangapi.world.biome.BiomeType) is not applicable
[ERROR]       (argument mismatch; int cannot be converted to amidst.mojangapi.world.biome.BiomeType)
[ERROR] /workspaces/master-thesis-pascal-joos/code_cure_agent/cca_workspace/amidst/src/main/java/amidst/mojangapi/world/versionfeatures/DefaultBiomes.java:[193,25] no suitable constructor found for Biome(int,java.lang.String,int)
[ERROR]     constructor amidst.mojangapi.world.biome.Biome.Biome(java.lang.String,int,amidst.mojangapi.world.biome.BiomeType) is not applicable
[ERROR]       (argument mismatch; int cannot be converted to java.lang.String)
[ERROR]     constructor amidst.mojangapi.world.biome.Biome.Biome(int,java.lang.String,amidst.mojangapi.world.biome.BiomeType) is not applicable
[ERROR]       (argument mismatch; int cannot be converted to amidst.mojangapi.world.biome.BiomeType)
[ERROR] /workspaces/master-thesis-pascal-joos/code_cure_agent/cca_workspace/amidst/src/main/java/amidst/mojangapi/world/versionfeatures/DefaultBiomes.java:[194,25] no suitable constructor found for Biome(int,java.lang.String,int)
[ERROR]     constructor amidst.mojangapi.world.biome.Biome.Biome(java.lang.String,int,amidst.mojangapi.world.biome.BiomeType) is not applicable
[ERROR]       (argument mismatch; int cannot be converted to java.lang.String)
[ERROR]     constructor amidst.mojangapi.world.biome.Biome.Biome(int,java.lang.String,amidst.mojangapi.world.biome.BiomeType) is not applicable
[ERROR]       (argument mismatch; int cannot be converted to amidst.mojangapi.world.biome.BiomeType)
[ERROR] /workspaces/master-thesis-pascal-joos/code_cure_agent/cca_workspace/amidst/src/main/java/amidst/mojangapi/world/versionfeatures/DefaultBiomes.java:[195,25] no suitable constructor found for Biome(int,java.lang.String,int)
[ERROR]     constructor amidst.mojangapi.world.biome.Biome.Biome(java.lang.String,int,amidst.mojangapi.world.biome.BiomeType) is not applicable
[ERROR]       (argument mismatch; int cannot be converted to java.lang.String)
[ERROR]     constructor amidst.mojangapi.world.biome.Biome.Biome(int,java.lang.String,amidst.mojangapi.world.biome.BiomeType) is not applicable
[ERROR]       (argument mismatch; int cannot be converted to amidst.mojangapi.world.biome.BiomeType)
[ERROR] /workspaces/master-thesis-pascal-joos/code_cure_agent/cca_workspace/amidst/src/main/java/amidst/mojangapi/world/versionfeatures/DefaultBiomes.java:[190,25] no suitable constructor found for Biome(int,java.lang.String,int)
[ERROR]     constructor amidst.mojangapi.world.biome.Biome.Biome(java.lang.String,int,amidst.mojangapi.world.biome.BiomeType) is not applicable
[ERROR]       (argument mismatch; int cannot be converted to java.lang.String)
[ERROR]     constructor amidst.mojangapi.world.biome.Biome.Biome(int,java.lang.String,amidst.mojangapi.world.biome.BiomeType) is not applicable
[ERROR]       (argument mismatch; int cannot be converted to amidst.mojangapi.world.biome.BiomeType)
[ERROR] /workspaces/master-thesis-pascal-joos/code_cure_agent/cca_workspace/amidst/src/main/java/amidst/mojangapi/world/versionfeatures/DefaultBiomes.java:[184,25] no suitable constructor found for Biome(java.lang.String,int,int)
[ERROR]     constructor amidst.mojangapi.world.biome.Biome.Biome(java.lang.String,int,amidst.mojangapi.world.biome.BiomeType) is not applicable
[ERROR]       (argument mismatch; int cannot be converted to amidst.mojangapi.world.biome.BiomeType)
[ERROR]     constructor amidst.mojangapi.world.biome.Biome.Biome(int,java.lang.String,amidst.mojangapi.world.biome.BiomeType) is not applicable
[ERROR]       (argument mismatch; java.lang.String cannot be converted to int)
[ERROR] /workspaces/master-thesis-pascal-joos/code_cure_agent/cca_workspace/amidst/src/main/java/amidst/mojangapi/world/versionfeatures/DefaultBiomes.java:[185,25] no suitable constructor found for Biome(java.lang.String,int,int)
[ERROR]     constructor amidst.mojangapi.world.biome.Biome.Biome(java.lang.String,int,amidst.mojangapi.world.biome.BiomeType) is not applicable
[ERROR]       (argument mismatch; int cannot be converted to amidst.mojangapi.world.biome.BiomeType)
[ERROR]     constructor amidst.mojangapi.world.biome.Biome.Biome(int,java.lang.String,amidst.mojangapi.world.biome.BiomeType) is not applicable
[ERROR]       (argument mismatch; java.lang.String cannot be converted to int)
[ERROR] /workspaces/master-thesis-pascal-joos/code_cure_agent/cca_workspace/amidst/src/main/java/amidst/mojangapi/world/versionfeatures/DefaultBiomes.java:[188,25] no suitable constructor found for Biome(java.lang.String,int,int)
[ERROR]     constructor amidst.mojangapi.world.biome.Biome.Biome(java.lang.String,int,amidst.mojangapi.world.biome.BiomeType) is not applicable
[ERROR]       (argument mismatch; int cannot be converted to amidst.mojangapi.world.biome.BiomeType)
[ERROR]     constructor amidst.mojangapi.world.biome.Biome.Biome(int,java.lang.String,amidst.mojangapi.world.biome.BiomeType) is not applicable
[ERROR]       (argument mismatch; java.lang.String cannot be converted to int)
[ERROR] /workspaces/master-thesis-pascal-joos/code_cure_agent/cca_workspace/amidst/src/main/java/amidst/mojangapi/world/versionfeatures/DefaultBiomes.java:[182,25] no suitable constructor found for Biome(int,java.lang.String,int)
[ERROR]     constructor amidst.mojangapi.world.biome.Biome.Biome(java.lang.String,int,amidst.mojangapi.world.biome.BiomeType) is not applicable
[ERROR]       (argument mismatch; int cannot be converted to java.lang.String)
[ERROR]     constructor amidst.mojangapi.world.biome.Biome.Biome(int,java.lang.String,amidst.mojangapi.world.biome.BiomeType) is not applicable
[ERROR]       (argument mismatch; int cannot be converted to amidst.mojangapi.world.biome.BiomeType)
[ERROR] /workspaces/master-thesis-pascal-joos/code_cure_agent/cca_workspace/amidst/src/main/java/amidst/mojangapi/world/versionfeatures/DefaultBiomes.java:[139,25] no suitable constructor found for Biome(int,java.lang.String,int)
[ERROR]     constructor amidst.mojangapi.world.biome.Biome.Biome(java.lang.String,int,amidst.mojangapi.world.biome.BiomeType) is not applicable
[ERROR]       (argument mismatch; int cannot be converted to java.lang.String)
[ERROR]     constructor amidst.mojangapi.world.biome.Biome.Biome(int,java.lang.String,amidst.mojangapi.world.biome.BiomeType) is not applicable
[ERROR]       (argument mismatch; int cannot be converted to amidst.mojangapi.world.biome.BiomeType)
[ERROR] /workspaces/master-thesis-pascal-joos/code_cure_agent/cca_workspace/amidst/src/main/java/amidst/mojangapi/world/versionfeatures/DefaultBiomes.java:[140,25] no suitable constructor found for Biome(int,java.lang.String,int)
[ERROR]     constructor amidst.mojangapi.world.biome.Biome.Biome(java.lang.String,int,amidst.mojangapi.world.biome.BiomeType) is not applicable
[ERROR]       (argument mismatch; int cannot be converted to java.lang.String)
[ERROR]     constructor amidst.mojangapi.world.biome.Biome.Biome(int,java.lang.String,amidst.mojangapi.world.biome.BiomeType) is not applicable
[ERROR]       (argument mismatch; int cannot be converted to amidst.mojangapi.world.biome.BiomeType)
[ERROR] /workspaces/master-thesis-pascal-joos/code_cure_agent/cca_workspace/amidst/src/main/java/amidst/mojangapi/world/versionfeatures/DefaultBiomes.java:[142,25] no suitable constructor found for Biome(int,java.lang.String,int)
[ERROR]     constructor amidst.mojangapi.world.biome.Biome.Biome(java.lang.String,int,amidst.mojangapi.world.biome.BiomeType) is not applicable
[ERROR]       (argument mismatch; int cannot be converted to java.lang.String)
[ERROR]     constructor amidst.mojangapi.world.biome.Biome.Biome(int,java.lang.String,amidst.mojangapi.world.biome.BiomeType) is not applicable
[ERROR]       (argument mismatch; int cannot be converted to amidst.mojangapi.world.biome.BiomeType)
[ERROR] /workspaces/master-thesis-pascal-joos/code_cure_agent/cca_workspace/amidst/src/main/java/amidst/mojangapi/world/versionfeatures/DefaultBiomes.java:[143,25] no suitable constructor found for Biome(int,java.lang.String,int)
[ERROR]     constructor amidst.mojangapi.world.biome.Biome.Biome(java.lang.String,int,amidst.mojangapi.world.biome.BiomeType) is not applicable
[ERROR]       (argument mismatch; int cannot be converted to java.lang.String)
[ERROR]     constructor amidst.mojangapi.world.biome.Biome.Biome(int,java.lang.String,amidst.mojangapi.world.biome.BiomeType) is not applicable
[ERROR]       (argument mismatch; int cannot be converted to amidst.mojangapi.world.biome.BiomeType)
[ERROR] /workspaces/master-thesis-pascal-joos/code_cure_agent/cca_workspace/amidst/src/main/java/amidst/mojangapi/world/versionfeatures/DefaultBiomes.java:[145,25] no suitable constructor found for Biome(int,java.lang.String,int)
[ERROR]     constructor amidst.mojangapi.world.biome.Biome.Biome(java.lang.String,int,amidst.mojangapi.world.biome.BiomeType) is not applicable
[ERROR]       (argument mismatch; int cannot be converted to java.lang.String)
[ERROR]     constructor amidst.mojangapi.world.biome.Biome.Biome(int,java.lang.String,amidst.mojangapi.world.biome.BiomeType) is not applicable
[ERROR]       (argument mismatch; int cannot be converted to amidst.mojangapi.world.biome.BiomeType)
[ERROR] /workspaces/master-thesis-pascal-joos/code_cure_agent/cca_workspace/amidst/src/main/java/amidst/mojangapi/world/versionfeatures/DefaultBiomes.java:[153,25] no suitable constructor found for Biome(int,java.lang.String,int)
[ERROR]     constructor amidst.mojangapi.world.biome.Biome.Biome(java.lang.String,int,amidst.mojangapi.world.biome.BiomeType) is not applicable
[ERROR]       (argument mismatch; int cannot be converted to java.lang.String)
[ERROR]     constructor amidst.mojangapi.world.biome.Biome.Biome(int,java.lang.String,amidst.mojangapi.world.biome.BiomeType) is not applicable
[ERROR]       (argument mismatch; int cannot be converted to amidst.mojangapi.world.biome.BiomeType)
[ERROR] /workspaces/master-thesis-pascal-joos/code_cure_agent/cca_workspace/amidst/src/main/java/amidst/mojangapi/world/versionfeatures/DefaultBiomes.java:[157,25] no suitable constructor found for Biome(java.lang.String,int,int)
[ERROR]     constructor amidst.mojangapi.world.biome.Biome.Biome(java.lang.String,int,amidst.mojangapi.world.biome.BiomeType) is not applicable
[ERROR]       (argument mismatch; int cannot be converted to amidst.mojangapi.world.biome.BiomeType)
[ERROR]     constructor amidst.mojangapi.world.biome.Biome.Biome(int,java.lang.String,amidst.mojangapi.world.biome.BiomeType) is not applicable
[ERROR]       (argument mismatch; java.lang.String cannot be converted to int)
[ERROR] /workspaces/master-thesis-pascal-joos/code_cure_agent/cca_workspace/amidst/src/main/java/amidst/mojangapi/world/versionfeatures/DefaultBiomes.java:[160,25] no suitable constructor found for Biome(java.lang.String,int,int)
[ERROR]     constructor amidst.mojangapi.world.biome.Biome.Biome(java.lang.String,int,amidst.mojangapi.world.biome.BiomeType) is not applicable
[ERROR]       (argument mismatch; int cannot be converted to amidst.mojangapi.world.biome.BiomeType)
[ERROR]     constructor amidst.mojangapi.world.biome.Biome.Biome(int,java.lang.String,amidst.mojangapi.world.biome.BiomeType) is not applicable
[ERROR]       (argument mismatch; java.lang.String cannot be converted to int)
[ERROR] /workspaces/master-thesis-pascal-joos/code_cure_agent/cca_workspace/amidst/src/main/java/amidst/mojangapi/world/versionfeatures/DefaultBiomes.java:[163,25] no suitable constructor found for Biome(java.lang.String,int,int)
[ERROR]     constructor amidst.mojangapi.world.biome.Biome.Biome(java.lang.String,int,amidst.mojangapi.world.biome.BiomeType) is not applicable
[ERROR]       (argument mismatch; int cannot be converted to amidst.mojangapi.world.biome.BiomeType)
[ERROR]     constructor amidst.mojangapi.world.biome.Biome.Biome(int,java.lang.String,amidst.mojangapi.world.biome.BiomeType) is not applicable
[ERROR]       (argument mismatch; java.lang.String cannot be converted to int)
[ERROR] /workspaces/master-thesis-pascal-joos/code_cure_agent/cca_workspace/amidst/src/main/java/amidst/mojangapi/world/versionfeatures/DefaultBiomes.java:[165,25] no suitable constructor found for Biome(java.lang.String,int,int)
[ERROR]     constructor amidst.mojangapi.world.biome.Biome.Biome(java.lang.String,int,amidst.mojangapi.world.biome.BiomeType) is not applicable
[ERROR]       (argument mismatch; int cannot be converted to amidst.mojangapi.world.biome.BiomeType)
[ERROR]     constructor amidst.mojangapi.world.biome.Biome.Biome(int,java.lang.String,amidst.mojangapi.world.biome.BiomeType) is not applicable
[ERROR]       (argument mismatch; java.lang.String cannot be converted to int)
[ERROR] /workspaces/master-thesis-pascal-joos/code_cure_agent/cca_workspace/amidst/src/main/java/amidst/mojangapi/world/versionfeatures/DefaultBiomes.java:[166,25] no suitable constructor found for Biome(java.lang.String,int,int)
[ERROR]     constructor amidst.mojangapi.world.biome.Biome.Biome(java.lang.String,int,amidst.mojangapi.world.biome.BiomeType) is not applicable
[ERROR]       (argument mismatch; int cannot be converted to amidst.mojangapi.world.biome.BiomeType)
[ERROR]     constructor amidst.mojangapi.world.biome.Biome.Biome(int,java.lang.String,amidst.mojangapi.world.biome.BiomeType) is not applicable
[ERROR]       (argument mismatch; java.lang.String cannot be converted to int)
[ERROR] /workspaces/master-thesis-pascal-joos/code_cure_agent/cca_workspace/amidst/src/main/java/amidst/mojangapi/world/versionfeatures/DefaultBiomes.java:[167,25] no suitable constructor found for Biome(java.lang.String,int,int)
[ERROR]     constructor amidst.mojangapi.world.biome.Biome.Biome(java.lang.String,int,amidst.mojangapi.world.biome.BiomeType) is not applicable
[ERROR]       (argument mismatch; int cannot be converted to amidst.mojangapi.world.biome.BiomeType)
[ERROR]     constructor amidst.mojangapi.world.biome.Biome.Biome(int,java.lang.String,amidst.mojangapi.world.biome.BiomeType) is not applicable
[ERROR]       (argument mismatch; java.lang.String cannot be converted to int)
[ERROR] /workspaces/master-thesis-pascal-joos/code_cure_agent/cca_workspace/amidst/src/main/java/amidst/mojangapi/world/versionfeatures/DefaultBiomes.java:[169,25] no suitable constructor found for Biome(java.lang.String,int,int)
[ERROR]     constructor amidst.mojangapi.world.biome.Biome.Biome(java.lang.String,int,amidst.mojangapi.world.biome.BiomeType) is not applicable
[ERROR]       (argument mismatch; int cannot be converted to amidst.mojangapi.world.biome.BiomeType)
[ERROR]     constructor amidst.mojangapi.world.biome.Biome.Biome(int,java.lang.String,amidst.mojangapi.world.biome.BiomeType) is not applicable
[ERROR]       (argument mismatch; java.lang.String cannot be converted to int)
[ERROR] /workspaces/master-thesis-pascal-joos/code_cure_agent/cca_workspace/amidst/src/main/java/amidst/mojangapi/world/versionfeatures/DefaultBiomes.java:[176,25] no suitable constructor found for Biome(java.lang.String,int,int)
[ERROR]     constructor amidst.mojangapi.world.biome.Biome.Biome(java.lang.String,int,amidst.mojangapi.world.biome.BiomeType) is not applicable
[ERROR]       (argument mismatch; int cannot be converted to amidst.mojangapi.world.biome.BiomeType)
[ERROR]     constructor amidst.mojangapi.world.biome.Biome.Biome(int,java.lang.String,amidst.mojangapi.world.biome.BiomeType) is not applicable
[ERROR]       (argument mismatch; java.lang.String cannot be converted to int)
[ERROR] /workspaces/master-thesis-pascal-joos/code_cure_agent/cca_workspace/amidst/src/main/java/amidst/mojangapi/world/versionfeatures/DefaultBiomes.java:[136,25] no suitable constructor found for Biome(int,java.lang.String,int)
[ERROR]     constructor amidst.mojangapi.world.biome.Biome.Biome(java.lang.String,int,amidst.mojangapi.world.biome.BiomeType) is not applicable
[ERROR]       (argument mismatch; int cannot be converted to java.lang.String)
[ERROR]     constructor amidst.mojangapi.world.biome.Biome.Biome(int,java.lang.String,amidst.mojangapi.world.biome.BiomeType) is not applicable
[ERROR]       (argument mismatch; int cannot be converted to amidst.mojangapi.world.biome.BiomeType)
[ERROR] /workspaces/master-thesis-pascal-joos/code_cure_agent/cca_workspace/amidst/src/main/java/amidst/mojangapi/world/versionfeatures/DefaultBiomes.java:[130,25] no suitable constructor found for Biome(int,java.lang.String,int)
[ERROR]     constructor amidst.mojangapi.world.biome.Biome.Biome(java.lang.String,int,amidst.mojangapi.world.biome.BiomeType) is not applicable
[ERROR]       (argument mismatch; int cannot be converted to java.lang.String)
[ERROR]     constructor amidst.mojangapi.world.biome.Biome.Biome(int,java.lang.String,amidst.mojangapi.world.biome.BiomeType) is not applicable
[ERROR]       (argument mismatch; int cannot be converted to amidst.mojangapi.world.biome.BiomeType)
[ERROR] /workspaces/master-thesis-pascal-joos/code_cure_agent/cca_workspace/amidst/src/main/java/amidst/mojangapi/world/versionfeatures/DefaultBiomes.java:[123,25] no suitable constructor found for Biome(int,java.lang.String,int)
[ERROR]     constructor amidst.mojangapi.world.biome.Biome.Biome(java.lang.String,int,amidst.mojangapi.world.biome.BiomeType) is not applicable
[ERROR]       (argument mismatch; int cannot be converted to java.lang.String)
[ERROR]     constructor amidst.mojangapi.world.biome.Biome.Biome(int,java.lang.String,amidst.mojangapi.world.biome.BiomeType) is not applicable
[ERROR]       (argument mismatch; int cannot be converted to amidst.mojangapi.world.biome.BiomeType)
[ERROR] /workspaces/master-thesis-pascal-joos/code_cure_agent/cca_workspace/amidst/src/main/java/amidst/mojangapi/world/versionfeatures/DefaultBiomes.java:[124,25] no suitable constructor found for Biome(int,java.lang.String,int)
[ERROR]     constructor amidst.mojangapi.world.biome.Biome.Biome(java.lang.String,int,amidst.mojangapi.world.biome.BiomeType) is not applicable
[ERROR]       (argument mismatch; int cannot be converted to java.lang.String)
[ERROR]     constructor amidst.mojangapi.world.biome.Biome.Biome(int,java.lang.String,amidst.mojangapi.world.biome.BiomeType) is not applicable
[ERROR]       (argument mismatch; int cannot be converted to amidst.mojangapi.world.biome.BiomeType)
[ERROR] /workspaces/master-thesis-pascal-joos/code_cure_agent/cca_workspace/amidst/src/main/java/amidst/mojangapi/world/versionfeatures/DefaultBiomes.java:[128,25] no suitable constructor found for Biome(int,java.lang.String,int)
[ERROR]     constructor amidst.mojangapi.world.biome.Biome.Biome(java.lang.String,int,amidst.mojangapi.world.biome.BiomeType) is not applicable
[ERROR]       (argument mismatch; int cannot be converted to java.lang.String)
[ERROR]     constructor amidst.mojangapi.world.biome.Biome.Biome(int,java.lang.String,amidst.mojangapi.world.biome.BiomeType) is not applicable
[ERROR]       (argument mismatch; int cannot be converted to amidst.mojangapi.world.biome.BiomeType)
[ERROR] /workspaces/master-thesis-pascal-joos/code_cure_agent/cca_workspace/amidst/src/main/java/amidst/mojangapi/world/versionfeatures/DefaultBiomes.java:[112,25] no suitable constructor found for Biome(int,java.lang.String,int)
[ERROR]     constructor amidst.mojangapi.world.biome.Biome.Biome(java.lang.String,int,amidst.mojangapi.world.biome.BiomeType) is not applicable
[ERROR]       (argument mismatch; int cannot be converted to java.lang.String)
[ERROR]     constructor amidst.mojangapi.world.biome.Biome.Biome(int,java.lang.String,amidst.mojangapi.world.biome.BiomeType) is not applicable
[ERROR]       (argument mismatch; int cannot be converted to amidst.mojangapi.world.biome.BiomeType)
[ERROR] /workspaces/master-thesis-pascal-joos/code_cure_agent/cca_workspace/amidst/src/main/java/amidst/mojangapi/world/versionfeatures/DefaultBiomes.java:[113,25] no suitable constructor found for Biome(int,java.lang.String,int)
[ERROR]     constructor amidst.mojangapi.world.biome.Biome.Biome(java.lang.String,int,amidst.mojangapi.world.biome.BiomeType) is not applicable
[ERROR]       (argument mismatch; int cannot be converted to java.lang.String)
[ERROR]     constructor amidst.mojangapi.world.biome.Biome.Biome(int,java.lang.String,amidst.mojangapi.world.biome.BiomeType) is not applicable
[ERROR]       (argument mismatch; int cannot be converted to amidst.mojangapi.world.biome.BiomeType)
[ERROR] /workspaces/master-thesis-pascal-joos/code_cure_agent/cca_workspace/amidst/src/main/java/amidst/mojangapi/world/versionfeatures/DefaultBiomes.java:[116,25] no suitable constructor found for Biome(int,java.lang.String,int)
[ERROR]     constructor amidst.mojangapi.world.biome.Biome.Biome(java.lang.String,int,amidst.mojangapi.world.biome.BiomeType) is not applicable
[ERROR]       (argument mismatch; int cannot be converted to java.lang.String)
[ERROR]     constructor amidst.mojangapi.world.biome.Biome.Biome(int,java.lang.String,amidst.mojangapi.world.biome.BiomeType) is not applicable
[ERROR]       (argument mismatch; int cannot be converted to amidst.mojangapi.world.biome.BiomeType)
[ERROR] /workspaces/master-thesis-pascal-joos/code_cure_agent/cca_workspace/amidst/src/main/java/amidst/mojangapi/world/versionfeatures/DefaultBiomes.java:[118,25] no suitable constructor found for Biome(int,java.lang.String,int)
[ERROR]     constructor amidst.mojangapi.world.biome.Biome.Biome(java.lang.String,int,amidst.mojangapi.world.biome.BiomeType) is not applicable
[ERROR]       (argument mismatch; int cannot be converted to java.lang.String)
[ERROR]     constructor amidst.mojangapi.world.biome.Biome.Biome(int,java.lang.String,amidst.mojangapi.world.biome.BiomeType) is not applicable
[ERROR]       (argument mismatch; int cannot be converted to amidst.mojangapi.world.biome.BiomeType)
[ERROR] /workspaces/master-thesis-pascal-joos/code_cure_agent/cca_workspace/amidst/src/main/java/amidst/mojangapi/world/versionfeatures/DefaultBiomes.java:[119,25] no suitable constructor found for Biome(int,java.lang.String,int)
[ERROR]     constructor amidst.mojangapi.world.biome.Biome.Biome(java.lang.String,int,amidst.mojangapi.world.biome.BiomeType) is not applicable
[ERROR]       (argument mismatch; int cannot be converted to java.lang.String)
[ERROR]     constructor amidst.mojangapi.world.biome.Biome.Biome(int,java.lang.String,amidst.mojangapi.world.biome.BiomeType) is not applicable
[ERROR]       (argument mismatch; int cannot be converted to amidst.mojangapi.world.biome.BiomeType)
[ERROR] /workspaces/master-thesis-pascal-joos/code_cure_agent/cca_workspace/amidst/src/main/java/amidst/mojangapi/world/versionfeatures/DefaultBiomes.java:[120,25] no suitable constructor found for Biome(int,java.lang.String,int)
[ERROR]     constructor amidst.mojangapi.world.biome.Biome.Biome(java.lang.String,int,amidst.mojangapi.world.biome.BiomeType) is not applicable
[ERROR]       (argument mismatch; int cannot be converted to java.lang.String)
[ERROR]     constructor amidst.mojangapi.world.biome.Biome.Biome(int,java.lang.String,amidst.mojangapi.world.biome.BiomeType) is not applicable
[ERROR]       (argument mismatch; int cannot be converted to amidst.mojangapi.world.biome.BiomeType)
[ERROR] /workspaces/master-thesis-pascal-joos/code_cure_agent/cca_workspace/amidst/src/main/java/amidst/mojangapi/world/versionfeatures/DefaultBiomes.java:[121,25] no suitable constructor found for Biome(int,java.lang.String,int)
[ERROR]     constructor amidst.mojangapi.world.biome.Biome.Biome(java.lang.String,int,amidst.mojangapi.world.biome.BiomeType) is not applicable
[ERROR]       (argument mismatch; int cannot be converted to java.lang.String)
[ERROR]     constructor amidst.mojangapi.world.biome.Biome.Biome(int,java.lang.String,amidst.mojangapi.world.biome.BiomeType) is not applicable
[ERROR]       (argument mismatch; int cannot be converted to amidst.mojangapi.world.biome.BiomeType)
[ERROR] /workspaces/master-thesis-pascal-joos/code_cure_agent/cca_workspace/amidst/src/main/java/amidst/gui/main/viewer/widget/CursorInformationWidget.java:[64,69] cannot find symbol
[ERROR]   symbol:   variable theEnd
[ERROR]   location: class amidst.mojangapi.world.versionfeatures.DefaultBiomes
[ERROR] /workspaces/master-thesis-pascal-joos/code_cure_agent/cca_workspace/amidst/src/main/java/amidst/mojangapi/world/versionfeatures/DefaultVersionFeatures.java:[203,54] cannot find symbol
[ERROR]   symbol:   variable jungle
[ERROR]   location: class amidst.mojangapi.world.versionfeatures.DefaultBiomes
[ERROR] /workspaces/master-thesis-pascal-joos/code_cure_agent/cca_workspace/amidst/src/main/java/amidst/mojangapi/world/versionfeatures/DefaultVersionFeatures.java:[204,54] cannot find symbol
[ERROR]   symbol:   variable jungleHills
[ERROR]   location: class amidst.mojangapi.world.versionfeatures.DefaultBiomes
[ERROR] /workspaces/master-thesis-pascal-joos/code_cure_agent/cca_workspace/amidst/src/main/java/amidst/mojangapi/world/versionfeatures/DefaultVersionFeatures.java:[200,54] cannot find symbol
[ERROR]   symbol:   variable taigaHills
[ERROR]   location: class amidst.mojangapi.world.versionfeatures.DefaultBiomes
[ERROR] /workspaces/master-thesis-pascal-joos/code_cure_agent/cca_workspace/amidst/src/main/java/amidst/mojangapi/world/versionfeatures/DefaultVersionFeatures.java:[201,54] cannot find symbol
[ERROR]   symbol:   variable forestHills
[ERROR]   location: class amidst.mojangapi.world.versionfeatures.DefaultBiomes
[ERROR] /workspaces/master-thesis-pascal-joos/code_cure_agent/cca_workspace/amidst/src/main/java/amidst/mojangapi/world/versionfeatures/DefaultVersionFeatures.java:[196,54] cannot find symbol
[ERROR]   symbol:   variable forest
[ERROR]   location: class amidst.mojangapi.world.versionfeatures.DefaultBiomes
[ERROR] /workspaces/master-thesis-pascal-joos/code_cure_agent/cca_workspace/amidst/src/main/java/amidst/mojangapi/world/versionfeatures/DefaultVersionFeatures.java:[197,54] cannot find symbol
[ERROR]   symbol:   variable plains
[ERROR]   location: class amidst.mojangapi.world.versionfeatures.DefaultBiomes
[ERROR] /workspaces/master-thesis-pascal-joos/code_cure_agent/cca_workspace/amidst/src/main/java/amidst/mojangapi/world/versionfeatures/DefaultVersionFeatures.java:[198,54] cannot find symbol
[ERROR]   symbol:   variable taiga
[ERROR]   location: class amidst.mojangapi.world.versionfeatures.DefaultBiomes
[ERROR] /workspaces/master-thesis-pascal-joos/code_cure_agent/cca_workspace/amidst/src/main/java/amidst/mojangapi/world/versionfeatures/DefaultVersionFeatures.java:[249,54] cannot find symbol
[ERROR]   symbol:   variable hell
[ERROR]   location: class amidst.mojangapi.world.versionfeatures.DefaultBiomes
[ERROR] /workspaces/master-thesis-pascal-joos/code_cure_agent/cca_workspace/amidst/src/main/java/amidst/mojangapi/world/versionfeatures/DefaultVersionFeatures.java:[250,54] cannot find symbol
[ERROR]   symbol:   variable soulSandValley
[ERROR]   location: class amidst.mojangapi.world.versionfeatures.DefaultBiomes
[ERROR] /workspaces/master-thesis-pascal-joos/code_cure_agent/cca_workspace/amidst/src/main/java/amidst/mojangapi/world/versionfeatures/DefaultVersionFeatures.java:[251,54] cannot find symbol
[ERROR]   symbol:   variable crimsonForest
[ERROR]   location: class amidst.mojangapi.world.versionfeatures.DefaultBiomes
[ERROR] /workspaces/master-thesis-pascal-joos/code_cure_agent/cca_workspace/amidst/src/main/java/amidst/mojangapi/world/versionfeatures/DefaultVersionFeatures.java:[252,54] cannot find symbol
[ERROR]   symbol:   variable warpedForest
[ERROR]   location: class amidst.mojangapi.world.versionfeatures.DefaultBiomes
[ERROR] /workspaces/master-thesis-pascal-joos/code_cure_agent/cca_workspace/amidst/src/main/java/amidst/mojangapi/world/versionfeatures/DefaultVersionFeatures.java:[358,54] cannot find symbol
[ERROR]   symbol:   variable bambooJungle
[ERROR]   location: class amidst.mojangapi.world.versionfeatures.DefaultBiomes
[ERROR] /workspaces/master-thesis-pascal-joos/code_cure_agent/cca_workspace/amidst/src/main/java/amidst/mojangapi/world/versionfeatures/DefaultVersionFeatures.java:[359,54] cannot find symbol
[ERROR]   symbol:   variable bambooJungleHills
[ERROR]   location: class amidst.mojangapi.world.versionfeatures.DefaultBiomes
[ERROR] /workspaces/master-thesis-pascal-joos/code_cure_agent/cca_workspace/amidst/src/main/java/amidst/mojangapi/world/versionfeatures/DefaultVersionFeatures.java:[356,54] cannot find symbol
[ERROR]   symbol:   variable mushroomIslandShore
[ERROR]   location: class amidst.mojangapi.world.versionfeatures.DefaultBiomes
[ERROR] /workspaces/master-thesis-pascal-joos/code_cure_agent/cca_workspace/amidst/src/main/java/amidst/mojangapi/world/versionfeatures/DefaultVersionFeatures.java:[350,54] cannot find symbol
[ERROR]   symbol:   variable jungle
[ERROR]   location: class amidst.mojangapi.world.versionfeatures.DefaultBiomes
[ERROR] /workspaces/master-thesis-pascal-joos/code_cure_agent/cca_workspace/amidst/src/main/java/amidst/mojangapi/world/versionfeatures/DefaultVersionFeatures.java:[351,54] cannot find symbol
[ERROR]   symbol:   variable jungleHills
[ERROR]   location: class amidst.mojangapi.world.versionfeatures.DefaultBiomes
[ERROR] /workspaces/master-thesis-pascal-joos/code_cure_agent/cca_workspace/amidst/src/main/java/amidst/mojangapi/world/versionfeatures/DefaultVersionFeatures.java:[346,54] cannot find symbol
[ERROR]   symbol:   variable desertHills
[ERROR]   location: class amidst.mojangapi.world.versionfeatures.DefaultBiomes
[ERROR] /workspaces/master-thesis-pascal-joos/code_cure_agent/cca_workspace/amidst/src/main/java/amidst/mojangapi/world/versionfeatures/DefaultVersionFeatures.java:[347,54] cannot find symbol
[ERROR]   symbol:   variable forestHills
[ERROR]   location: class amidst.mojangapi.world.versionfeatures.DefaultBiomes
[ERROR] /workspaces/master-thesis-pascal-joos/code_cure_agent/cca_workspace/amidst/src/main/java/amidst/mojangapi/world/versionfeatures/DefaultVersionFeatures.java:[348,54] cannot find symbol
[ERROR]   symbol:   variable extremeHillsEdge
[ERROR]   location: class amidst.mojangapi.world.versionfeatures.DefaultBiomes
[ERROR] /workspaces/master-thesis-pascal-joos/code_cure_agent/cca_workspace/amidst/src/main/java/amidst/mojangapi/world/versionfeatures/DefaultVersionFeatures.java:[342,54] cannot find symbol
[ERROR]   symbol:   variable taiga
[ERROR]   location: class amidst.mojangapi.world.versionfeatures.DefaultBiomes
[ERROR] /workspaces/master-thesis-pascal-joos/code_cure_agent/cca_workspace/amidst/src/main/java/amidst/mojangapi/world/versionfeatures/DefaultVersionFeatures.java:[343,54] cannot find symbol
[ERROR]   symbol:   variable icePlains
[ERROR]   location: class amidst.mojangapi.world.versionfeatures.DefaultBiomes
[ERROR] /workspaces/master-thesis-pascal-joos/code_cure_agent/cca_workspace/amidst/src/main/java/amidst/mojangapi/world/versionfeatures/DefaultVersionFeatures.java:[344,54] cannot find symbol
[ERROR]   symbol:   variable iceMountains
[ERROR]   location: class amidst.mojangapi.world.versionfeatures.DefaultBiomes
[ERROR] /workspaces/master-thesis-pascal-joos/code_cure_agent/cca_workspace/amidst/src/main/java/amidst/mojangapi/world/versionfeatures/DefaultVersionFeatures.java:[337,54] cannot find symbol
[ERROR]   symbol:   variable desert
[ERROR]   location: class amidst.mojangapi.world.versionfeatures.DefaultBiomes
[ERROR] /workspaces/master-thesis-pascal-joos/code_cure_agent/cca_workspace/amidst/src/main/java/amidst/mojangapi/world/versionfeatures/DefaultVersionFeatures.java:[338,54] cannot find symbol
[ERROR]   symbol:   variable forest
[ERROR]   location: class amidst.mojangapi.world.versionfeatures.DefaultBiomes
[ERROR] /workspaces/master-thesis-pascal-joos/code_cure_agent/cca_workspace/amidst/src/main/java/amidst/mojangapi/world/versionfeatures/DefaultVersionFeatures.java:[339,54] cannot find symbol
[ERROR]   symbol:   variable extremeHills
[ERROR]   location: class amidst.mojangapi.world.versionfeatures.DefaultBiomes
[ERROR] /workspaces/master-thesis-pascal-joos/code_cure_agent/cca_workspace/amidst/src/main/java/amidst/mojangapi/world/versionfeatures/DefaultVersionFeatures.java:[340,54] cannot find symbol
[ERROR]   symbol:   variable swampland
[ERROR]   location: class amidst.mojangapi.world.versionfeatures.DefaultBiomes
[ERROR] -> [Help 1]
[ERROR] 
[ERROR] To see the full stack trace of the errors, re-run Maven with the -e switch.
[ERROR] Re-run Maven using the -X switch to enable full debug logging.
[ERROR] 
[ERROR] For more information about the errors and possible solutions, please read the following articles:
[ERROR] [Help 1] http://cwiki.apache.org/confluence/display/MAVEN/MojoFailureException
