"instanceID","projectName","ruleKey","ruleName","ruleType","experimentNumber","classification","plausibleFix","fixComplexity","classificationSoundness","fixCorrectness","classificationSoundnessExplanation","fixCorrectnessExplanation","coreFixCreated","coreNumberOfFixesCreated","corePromptingTime","coreStage4Time","coreRankingTime","coreTotalTime","coreNumberBuildSuccessful","coreNumberSonarCheckRemovedWarning","coreNumberSonarCheckNoNewWarning","coreNumberTestSuccessful","coreNumberBuildAndRemovedWarning","coreNumberBuildAndRemovedWarningAndNoNewWarning","coreNumberBuildAndRemovedWarningAndNoNewWarningAndTest","coreTPAssumptionSoundness","coreNumberCorrectFixes","codeSmellOutsideOfSonarQubeIntroduced","coreTPAssumptionSoundnessExplanation","coreFixCorrectnessExplanation"
"1","simplenlg","S1610","Abstract classes without fields should be converted to interfaces","Code_Smell","1","TP","True","Single Line","Sound","Correct","","","True","2","129967400336","6151384165","3186971800","133293214995","2","2","2","2","2","2","2","","","","",""
"2","sqlite-jdbc","S1175","The signature of ""finalize()"" should match that of ""Object.finalize()""","Bug","1","FP","True","Single Line","Sound","Correct","Intentionally named finalize to reflect the SQLite C API finalize function.","","True","7","207845851132","16287409140","29869133159","254002393431","0","7","7","0","0","0","0","","","","",""
"3","jMetal","S3518","Zero should not be a possible denominator","Bug","1","FP","True","Single Line","Sound","Correct","The default constructor leads to no division by zero.","","True","9","36104527845","24142291827","19735247235","79982066907","9","9","9","9","9","9","9","","","","",""
"4","dataenum","S1128","Unnecessary imports should be removed","Code_Smell","1","TP","False","Single Line","Not sound","Unfixed","Should actually be a FP. The file is a resource used to check that compilation with javac of a file yields a compiled file with the same source. And javac adds all libraries explicitly. So this is intentional here.","Can't fix as the test fails after changing as it is a FP","True","2","30440073083","5951499899","3007871912","39399444894","2","2","2","0","2","2","0","","","","",""
"5","sqlite-jdbc","S1125","Boolean literals should not be redundant","Code_Smell","1","TP","True","Single Line","Sound","Correct","","","False","0","280968524703","23489975852","24137813544","328596314099","0","0","0","0","0","0","0","","","","",""
"6","gerrit-rest-java-client","S1104","Class variable fields should not have public accessibility","Code_Smell","4","TP","True","Multi File","Sound","Correct","","Complex fix with changing call-sites and also adding an annotation for the json serialization of the field. The search_for_patterns command missed an option to search in non java files, so added this option and then re-ran this sample.","True","2","51890577255","6142366977","3335627435","61368571667","0","2","0","0","0","0","0","","","","",""
"7","obfuscator","S2245","Using pseudorandom number generators (PRNGs) is security-sensitive","Security_Hotspot","1","FP","True","Single Line","Sound","Correct","A obfuscation library. Creates random package names etc.. But obfuscation doesn't require/include cryptography. An attacker could only guess the next random package obfuscation, but this is given in the obfuscation output anyways. Finding out the package name that was replaced should not be possible.","","True","2","149768387180","6671726079","5215447346","161655560605","2","2","2","2","2","2","2","","","","",""
"8","zt-process-killer","S4036","Searching OS commands in PATH is security-sensitive","Security_Hotspot","1","TP","True","Single Line","Sound","Correct","","It is just an example file of how to use the library. The command is not actually existent. So, the change is correct to give a proper example to the user.","True","5","29756224095","12306209690","9087027705","51149461490","5","5","5","5","5","5","5","","","","",""
"9","openstack4j","S1206","""equals(Object obj)"" and ""hashCode()"" should be overridden in pairs","Bug","1","TP","True","Multi Line","Sound","Correct","","","True","7","154509896103","16581268062","19518807298","190609971463","7","7","7","7","7","7","7","","","","",""
"10","dd-plist","S2975","""clone"" should not be overridden","Code_Smell","1","FP","True","Single Line","Sound","Correct","The abstract clone() method in NSObject.java forces subclasses to implement clone(), and the subclasses implement clone() properly by instanciating a new object and setting all relevant fields, rather than the problematic Object.clone() approach. The method could be renamed to something else, instead of overwriting clone(), but that doesn't add any value. (However, TP would be sound here too)","","True","10","98162463416","25071596864","33248713335","156482773615","0","10","9","0","0","0","0","","","","",""
"11","Nukkit","S4838","An iteration on a Collection should be performed on the type handled by the Collection","Code_Smell","1","FP","True","Single Line","Sound","Correct","Uses raw Map type. Therefore the type is not checked at compile time and the list can contain non Map elements. Therefore the iteration with object is needed. The project should get a major redesign though, by using generics instead of raw types. This is a different rule though. This one is a FP.","","True","4","183477473647","15320958281","18360870171","217159302099","2","4","0","2","2","0","0","","","","",""
"12","Vitro","S4143","Map values should not be replaced unconditionally","Bug","1","TP","True","Single Line","Sound","Correct","Same map field put twice in a row with different values","The second put was deleted. If we were very strict, then deleting the first would be better, as the output doesn't change. However, it depends on the developers intend. Also in this case the value isn't used anywhere, so it doesn't matter.","True","4","45168811266","22231340589","22388507540","89788659395","4","4","3","4","4","3","3","","","","",""
"13","jMetal","S119","Type parameter names should comply with a naming convention","Code_Smell","1","TP","True","Multi Line","Sound","Correct","Generic type was 'Result' but should be single character (R)","Changed all occurences in the file.","True","2","53292888690","6096122981","5112141789","64501153460","2","2","2","2","2","2","2","","","","",""
"14","nlp-lang","S120","Package names should comply with a naming convention","Code_Smell","1","TP","True","Single Line","Sound","Not correct","","We don't support renaming a package name as a secondary violation about the directory path not matching will be introduced and renaming directories isn't a feature we support. The agent ran into this and then suppressed the initial warning. It is however a true TP, so this is not a correct fix for TP.","True","1","11405675142","3926218294","3093972944","18425866380","1","1","0","1","1","0","0","","","","",""
"15","pitest","S1612","Lambdas should be replaced with method references","Code_Smell","1","TP","True","Single Line","Sound","Correct","","","True","4","147630039510","12889561783","15607719913","176127321206","0","4","4","0","0","0","0","","","","",""
"16","rest-driver","S6437","Credentials should not be hard-coded","Vulnerability","2","FP","True","Single Line","Sound","Correct","Hardcoded password in a test file. This is intentional for testing and not security sensitive.","","True","10","39921805011","22661010260","19561738722","82144553993","10","10","10","0","10","10","0","","","","",""
"17","Nukkit","S2160","Subclasses that add fields should override ""equals""","Code_Smell","1","TP","True","Multi Line","Sound","Correct","","equals and hashCode overwritten in a meaningful manner.","True","9","46191223911","20971407411","32182920304","99345551626","9","9","6","9","9","6","6","","","","",""
"18","dd-plist","S1182","Classes that override ""clone"" should be ""Cloneable"" and call ""super.clone()""","Code_Smell","1","FP","True","Single Line","Sound","Correct","Subclasses implement clone manually for deep copying. This would not be easily possible by using super.clone().","","True","10","73030795942","22381862044","37085482746","132498140732","0","10","10","0","0","0","0","","","","",""
"19","OpenTripPlanner","S1940","Boolean checks should not be inverted","Code_Smell","1","TP","True","Single Line","Sound","Correct","","","False","0","3907094889","11491622049","2398062448","17796779386","0","0","0","0","0","0","0","","","","",""
"20","pitest","S3655","Optional value should only be accessed after calling isPresent()","Bug","1","TP","True","Multi Line","Sound","Correct","","Uses an adequate project local RuntimeException that it throws if not present. This is a good practice.","True","9","161392534858","22638982272","17543723760","201575240890","9","9","9","9","9","9","9","","","","",""
"21","owasp-security-logging","S3014","""ThreadGroup"" should not be used","Code_Smell","3","FP","True","Single Line","Sound","Correct","There is no way of fixing this issue without a complete redesign of the project. In theory ThreadGroup could be replaced by Thread.getAllStackTraces() here for getting all Threads in the JVM. However, this is not completely equivalent, as Thread.getAllStackTraces() can return further Threads that enumerate() with ThreadGroup doesn't find if the JVM setup is complicated. So this would be a semantic change. Therefore, this cannot be fixed without a complete refactoring, eventhough it should be, as enumerate() is insecure.","","True","10","66655230367","22307971275","23614825418","112578027060","8","10","7","8","8","6","6","","","","",""
"22","elasticsearch-maven-plugin","S2274","""Object.wait(...)"" and ""Condition.await(...)"" should be called inside a ""while"" loop","Code_Smell","3","FP","True","Multi Line","Not sound","Correct","It can be fixed by adding a while(true){} around the lock.wait(). This is actually needed for correct functionality of the code. The agent missed this. (in a rerun it did classify correctly and fix it)","(correct if it would be a FP)","False","0","13067005212","7880989804","7127057832","28075052848","0","0","0","0","0","0","0","","","","",""
"23","miso-lims","S6213","Restricted Identifiers should not be used as Identifiers","Code_Smell","3","TP","True","Multi Line","Sound","Correct","Restricted identifier 'record' has to be renamed","Renamed, and also saved string literal as a constant that was raised as a new warning.","True","7","42186448974","16188423495","12956414898","71331287367","7","7","7","7","7","7","7","","","","",""
"24","singer","S3551","Overrides should match their parent class methods in synchronization","Bug","3","FP","True","Single Line","Not sound","Correct","Should actually be a FP. The agent thought (from its 'knowledge') that it knew that BufferedInputStream's read method is not synchronized. However, it is (as of Java 8). The agent has no option of looking into library code. A JavaDoc reading tool would not have helped either, as it doesn't include the synchronized info (would have confused even more).","(correct if it would be a FP)","True","6","34253122180","13916757878","13997579706","62167459764","6","6","3","6","6","3","3","","","","",""
"25","Nukkit","S1121","Assignments should not be made from within sub-expressions","Code_Smell","3","TP","True","Multi Line","Sound","Correct","","","True","1","27009448558","3952873335","1701534763","32663856656","1","1","1","1","1","1","1","","","","",""
"26","nfe","S6377","XML signatures should be validated securely","Vulnerability","3","TP","True","Single Line","Sound","Correct","","","True","5","84123953276","15429848868","9109264083","108663066227","5","5","5","5","5","5","5","","","","",""
"27","modelmapper","S4524","""default"" clauses should be last","Code_Smell","3","FP","True","Single Line","Sound","Correct","This is generated code by Protobuf compiler. It must therefore not be edited. In running this special code with its native interpreter the order of the switch clauses might be relevant for semantics. So it musn't be fixed.","","True","1","120918607366","6562937942","1519893205","129001438513","1","1","1","1","1","1","1","","","","",""
"28","amidst","S3077","Non-primitive fields should not be ""volatile""","Bug","3","TP","True","Single Line","Sound","Correct","","Removes the volatile keyword which doesn't make the list thread safe as the rule describes. If there would be some concurrency on the list then further changes would be needed. However, there seems to only be a Gson constructor, so there should be no changes after initial creation.","True","2","25640084113","10076817251","9984593972","45701495336","2","2","2","2","2","2","2","","","","",""
"29","obfuscator","S3010","Static fields should not be updated in constructors","Code_Smell","3","FP","True","Single Line","Sound","Correct","The project is built upon the static acccessing of this field. Changing this would need a complete architectural redesign of the project. This is not reasonable for a simple refactoring, but a fullon rearch project.","","True","9","120014987565","25479512717","17079829336","162574329618","8","9","9","0","8","8","0","","","","",""
"30","gerrit-rest-java-client","S1319","Declarations should use Java collection interfaces such as ""List"" rather than specific implementation classes such as ""LinkedList""","Code_Smell","3","TP","True","Multi Line","Sound","Correct","","","True","3","56895683622","8052046934","5770308039","70718038595","3","3","3","3","3","3","3","","","","",""
"31","protostuff","S2111","""BigDecimal(double)"" should not be used","Bug","3","TP","True","Multi Line","Sound","Correct","","","True","3","493453744172","8488443722","4728181567","506670369461","1","3","3","0","1","1","0","","","","",""
"32","openstack4j","S1313","Using hardcoded IP addresses is security-sensitive","Security_Hotspot","3","FP","True","Single Line","Sound","Correct","The hardcoded IP address is a private IP used only in test code for mocked URLs and does not pose a security risk in this context.","","True","10","192735305910","22545217219","22589589657","237870112786","10","10","8","2","10","8","0","","","","",""
"33","geometry-api-java","S1126","Return of boolean expressions should not be wrapped into an ""if-then-else"" statement","Code_Smell","3","TP","True","Multi Line","Sound","Correct","","","False","0","144608154452","14681242834","7561794029","166851191315","0","0","0","0","0","0","0","","","","",""
"34","OpenTripPlanner","S1065","Unused labels should be removed","Code_Smell","3","TP","True","Single Line","Sound","Correct","","","True","3","306342115953","12587501748","7755988571","326685606272","1","3","3","1","1","1","1","","","","",""
"35","jMetal","S2097","""equals(Object obj)"" should test argument type","Bug","3","TP","True","Multi Line","Sound","Correct","","Null Check is now implicitly handled by the instanceof check. This now properly returns false as you would expect from equals(). Also the type check is now correctly done.","True","2","48666008310","6190320875","2290073398","57146402583","2","2","2","2","2","2","2","","","","",""
"36","sqlite-jdbc","S5445","Insecure temporary file creation methods should not be used","Vulnerability","3","TP","True","Multi Line","Sound","Correct","It is a good idea to fix this here, eventhough it is only a test. FP would have also been acceptable here.","Fix the problem. Then suppressed a second rule violation on the line that is unrelated to the fix and a false positive (due to being in a test file)","True","3","51880761966","8200509354","8354401034","68435672354","3","3","3","3","3","3","3","","","","",""
"37","OpenTripPlanner","S2445","Blocks should be synchronized on ""private final"" fields","Bug","3","TP","True","Multi Line","Sound","Correct","","","True","7","99192375931","16780352104","19140244021","135112972056","0","7","7","0","0","0","0","","","","",""
"38","Nukkit","S2583","Conditionally executed code should be reachable","Bug","3","TP","True","Multi Line","Sound","Correct","","","False","0","96984096700","12510564700","0","109494661400","0","0","0","0","0","0","0","","","","",""
"39","obfuscator","S5542","Encryption algorithms should be used with secure mode and padding scheme","Vulnerability","3","TP","True","Multi Line","Sound","Correct","","Correct as far as I can judge. Much simpler fixes might have been possible too, without the added IV. The changes have unreachable return statements which is not ideal (SonarQube fails to raise this issue).","True","10","27815883393","22326844063","31999524244","82142251700","10","10","10","10","10","10","10","","","","",""
"40","jts","S1172","Unused method parameters should be removed","Code_Smell","3","TP","True","Multi Line","Sound","Not correct","","The file is in a part of the project that is not part of the standard mvn compile pipeline. It would require an extra driver and flag to mvn. Therefore syntax errors are not reported and the specific tests not run. The change messed up closing braces. Can not imagine a way to easily fix that.","True","9","144011596412","20206455671","17587545760","181805597843","9","9","9","9","9","9","9","","","","",""
"41","robot","S2185","Silly math should not be performed","Code_Smell","3","TP","True","Single Line","Sound","Correct","","","True","4","77463691686","22762240562","23433031925","123658964173","4","4","4","4","4","4","4","","","","",""
"42","openstack4j","S1168","Empty arrays and collections should be returned instead of null","Code_Smell","3","FP","True","Single Line","Not sound","Correct","Should be TP. There is even a public method that should throw a NullPointerException if used with value() returning null. Changing to returning an empty list should be sufficient here.","","True","3","33042545274","8130644968","5501859390","46675049632","3","3","3","3","3","3","3","","","","",""
"43","dd-plist","S2864","""entrySet()"" should be iterated when both the key and value are needed","Code_Smell","3","TP","True","Multi Line","Sound","Correct","","","True","4","172470596063","12788151000","10236759963","195495507026","3","4","4","3","3","3","3","","","","",""
"44","pitest","S1066","Collapsible ""if"" statements should be merged","Code_Smell","3","TP","True","Multi Line","Sound","Correct","","Merging the outer if statement would not have been needed. But fine.","True","6","113989357364","16993003972","22156050296","153138411632","5","6","5","5","5","5","5","","","","",""
"45","Nukkit","S1193","Exception types should not be tested using ""instanceof"" in catch blocks","Code_Smell","3","TP","True","Multi Line","Sound","Correct","","","True","2","33303507712","6202580050","5453525280","44959613042","2","2","2","2","2","2","2","","","","",""
"46","carml","S1157","Case insensitive string comparisons should be made without intermediate upper or lower casing","Code_Smell","3","TP","True","Single Line","Sound","Correct","","","True","2","31845755510","6157099688","2658490736","40661345934","2","2","2","2","2","2","2","","","","",""
"47","OpenTripPlanner","S5669","Vararg method arguments should not be confusing","Code_Smell","3","FP","True","Single Line","Sound","Correct","null is intentionally used here and checked as vararg argument","","True","2","226193077474","6524022182","4971495471","237688595127","0","2","2","0","0","0","0","","","","",""
"48","MutabilityDetector","S2159","Silly equality checks should not be made","Bug","3","TP","True","Single Line","Not sound","Correct","The type mismatch seems intentional as part of this class used for testing.","","True","10","130877497094","22576535799","20152628454","173606661347","10","10","3","10","10","3","3","","","","",""
"49","movsim","S5993","Constructors of an ""abstract"" class should not be declared ""public""","Code_Smell","3","TP","True","Single Line","Sound","Correct","","","True","2","96021169413","6180663362","2757445106","104959277881","2","2","2","2","2","2","2","","","","",""
"50","gson-fire","S4977","Type parameters should not shadow other type parameters","Code_Smell","3","TP","True","Multi Line","Sound","Correct","","","True","4","32860139090","10180563497","7999727302","51040429889","4","4","4","4","4","4","4","","","","",""
"51","jMetal","S128","Switch cases should end with an unconditional ""break"" statement","Code_Smell","5","TP","True","Single Line","Sound","Not correct","","switch case -1 seems to intentionally fall through to the default case. So introducing the break statement breaks functionality. Instead a comment should be added, or the code replicated into the -1 case.","True","7","166953811124","18829652225","17068172646","202851635995","3","7","7","3","3","3","3","","","","",""
"52","epubcheck","S2479","Whitespace and control characters in literals should be explicit","Code_Smell","5","FP","True","Single Line","Sound","Correct","Both would be fine, as we are in a test, where there is merit for both implicit and explicit tabs.","Fine. It actually also replaced the implicit tabs by explicit once (as if TP). This is ok here. (Maybe there is no way of implicitly passing tabs?)","False","0","279285168379","15626538549","14390583954","309302290882","0","0","0","0","0","0","0","","","","",""
"53","sqlite-jdbc","S2093","Try-with-resources should be used","Code_Smell","5","TP","True","Multi Line","Sound","Correct","","","True","10","125102211757","23511729053","19246896218","167860837028","10","10","10","10","10","10","10","","","","",""
"54","geometry-api-java","S1199","Nested code blocks should not be used","Code_Smell","5","FP","True","Single Line","Sound","Correct","Both FP and TP are possible here. The agent reasons that extracting the code blocks into methods would not improve the readability in this test file in this case. This is a sound argument here, as the code blocks are small and meaningfully structured.","","True","8","263135236086","29544783707","43080097042","335760116835","0","8","8","0","0","0","0","","","","",""
"55","jMetal","S1764","Identical expressions should not be used on both sides of a binary operator","Bug","5","TP","True","Single Line","Sound","Correct","","","True","4","55425251516","16503713223","11138014144","83066978883","4","4","4","4","4","4","4","","","","",""
"56","singer","S2676","Neither ""Math.abs"" nor negation should be used on numbers that could be ""MIN_VALUE""","Bug","5","TP","True","Single Line","Sound","Correct","","","True","5","86206219587","17809794102","18311967807","122327981496","0","5","5","0","0","0","0","","","","",""
"57","sql-to-mongo-db-query-converter","S6202","Operator ""instanceof"" should be used instead of ""A.class.isInstance()""","Code_Smell","5","TP","True","Single Line","Sound","Correct","","","True","1","229005997917","4423891197","1831104897","235260994011","0","1","1","0","0","0","0","","","","",""
"58","GoogleAuth","S1181","Throwable and Error should not be caught","Code_Smell","6","TP","True","Single Line","Sound","Correct","","","True","3","45466538405","8164325639","6882833025","60513697069","3","3","3","3","3","3","3","","","","",""
"59","RestFixture","S2176","Class names should not shadow interfaces or superclasses","Code_Smell","5","TP","True","Multi Line","Sound","Not correct","","Second occurence where renaming file/directory would have been necessary. Renaming the class would require renaming the file for compilation, which we do not support. The agent did then simply suppress the warning.","True","6","19997940780","13675771325","41471205369","75144917474","0","6","6","0","0","0","0","","","","",""
"60","sql-to-mongo-db-query-converter","S5857","Character classes should be preferred over reluctant quantifiers in regular expressions","Code_Smell","5","TP","True","Single Line","Sound","Correct","","","True","4","108490376587","11236560452","9017133551","128744070590","0","4","4","0","0","0","0","","","","",""
"61","Nukkit","S1068","Unused ""private"" fields should be removed","Code_Smell","5","FP","True","Single Line","Sound","Correct","Uses Lombok for generating getters and then uses the field in that manner.","","False","0","49970412895","6148168255","0","56118581150","0","0","0","0","0","0","0","","","","",""
"62","obfuscator","S4790","Using weak hashing algorithms is security-sensitive","Security_Hotspot","5","FP","True","Single Line","Not sound","Correct","It is easy to replace insecure MD5 by SHA-512 or similar. The agent for some reason said that it can not be changed without breaking changes. This is not sound.","","True","2","41648461264","6015450243","3196501177","50860412684","2","2","2","2","2","2","2","","","","",""
"63","OpenTripPlanner","S1155","Collection.isEmpty() should be used to test for emptiness","Code_Smell","5","TP","True","Single Line","Sound","Correct","","","True","2","15059034832","5994513039","12106846143","33160394014","2","2","2","2","2","2","2","","","","",""
"64","Wikidata-Toolkit","S1170","Public constants and fields initialized at declaration should be ""static final"" rather than merely ""final""","Code_Smell","5","FP","True","Single Line","Sound","Correct","As we are in a test class only one instance of the class will be created anyways. So there is no to only a little impact on memory requirement. Still fixing it would not be a problem eather (easy to do). So both FP and TP are sound here.","","True","3","221549400338","8085993373","8249012474","237884406185","3","3","0","3","3","0","0","","","","",""
"65","MsgViewer","S106","Standard outputs should not be used directly to log anything","Code_Smell","5","TP","True","Multi Line","Sound","Correct","System.out used for error logging (not even System.error) => definitely use a logger","","True","10","64371070399","22548171910","19127183459","106046425768","10","10","1","10","10","1","1","","","","",""
"66","sds","S4065","""ThreadLocal.withInitial"" should be preferred","Code_Smell","6","TP","True","Multi Line","Sound","Correct","","","True","2","126434324467","6290658966","4375926821","137100910254","2","2","2","2","2","2","2","","","","",""
"67","openhtmltopdf","S1871","Two branches in a conditional structure should not have exactly the same implementation","Code_Smell","5","TP","True","Multi Line","Sound","Correct","","","False","0","193718680407","21708823917","18727881996","234155386320","0","0","0","0","0","0","0","","","","",""
"68","JWT4B","S6418","Hard-coded secrets are security-sensitive","Security_Hotspot","5","FP","True","Single Line","Sound","Correct","The flagged 'token' is a hard-coded string in a test class containing sample or invalid JWT tokens used for testing purposes, not real secrets used in production or distributed code.","","True","10","30076177780","21435898120","24534628457","76046704357","9","10","5","0","9","5","0","","","","",""
"69","hamcrest-date","S3008","Static non-final field names should comply with a naming convention","Code_Smell","5","TP","True","Multi File","Sound","Not correct","It is sound to say, that this issue has to be fixed. However, the public static non-final field acts as a constant (never changed and ment to be accessed as utility constants), so renaming it to camelCasing (and making it private and adding getter) is wrong here. Instead, the field should be made final (as expected for constants). The rule for making it final is actually also raised at the same line.","Wrong approach for fixing it. Should instead make the field final. (then it would be a Single Line fix)","True","2","114134915418","6392853598","4004768202","124532537218","0","2","2","0","0","0","0","","","","",""
"70","protostuff","S1171","Only static class initializers should be used","Code_Smell","6","FP","True","Single Line","Sound","Correct","Static class initializers and constructors can not be used in anonymous inner classes. So this warning doesn't apply here / can not be fixed.","","False","0","187456739925","4561723267","1680052127","193698515319","0","0","0","0","0","0","0","","","","",""
"71","openstack4j","S4275","Getters and setters should access the expected fields","Bug","5","TP","True","Single Line","Sound","Correct","","","True","2","32295452647","5909947930","3027001520","41232402097","2","2","2","2","2","2","2","","","","",""
"72","geometry-api-java","S1214","Constants should not be defined in interfaces","Code_Smell","7","TP","False","Multi File","Sound","Unfixed","","Changed the interface to a public final class. This worked fine. However, the two declared constants didn't adhere to the naming convention. As the full interface was replaced with lines changed by one (comment) the warning could not be referenced back to an initial warning. Therefore, it was counted as new warning to fix. There were many references in two different files, that were not all successfully changed.","True","7","15894317996","15216935439","15856550140","46967803575","7","7","7","7","7","7","7","","","","",""
"73","cbor-java","S2200","""compareTo"" results should not be checked for specific values","Bug","7","FP","True","Single Line","Not sound","Correct","Rule says: 'Even if a specific comparator always returns -1, 0, or 1, this is only an implementation detail, not the API contract developers can rely on.' This is the case here. Therefore, it should still be changed, even if it is not a real bug currently present.","","True","1","85428194890","4092727924","2555925853","92076848667","1","1","1","1","1","1","1","","","","",""
"74","miso-lims","S4507","Delivering code in production with debug features activated is security-sensitive","Security_Hotspot","7","TP","False","Multi File","Sound","Unfixed","","Started on a wrong path of introducing a debug flag, instead of using logging instead of directly printing stacktraces. Then it tries more complicated things it can not get running anymore.","True","9","70714289237","20513284338","18518390483","109745964058","9","9","9","9","9","9","9","","","","",""
"75","pitest","S1604","Anonymous inner classes containing only one method should become lambdas","Code_Smell","7","TP","True","Multi Line","Sound","Correct","","","True","4","90691684542","10593423695","5020703538","106305811775","4","4","4","4","4","4","4","","","","",""
"76","obfuscator","S5547","Cipher algorithms should be robust","Vulnerability","7","TP","True","Multi Line","Sound","Correct","","","True","10","34507200652","22261471153","22019781886","78788453691","10","10","10","8","10","10","8","","","","",""
"77","jts","S2153","Boxing and unboxing should not be immediately reversed","Bug","7","FP","True","Multi Line","Sound","Correct","The toArray() method expects an Object array (Double[]). Changing this to a double[] is not possible. So using Double in the first place is necessary. Then unboxing this for the coordinate assignment is correct to use primitive types for the coordinates.","","True","6","116529860255","17759282859","14816499848","149105642962","0","6","6","0","0","0","0","","","","",""
"78","protostuff","S3034","Raw byte values should not be used in bitwise operations in combination with shifts","Bug","7","TP","True","Single Line","Sound","Correct","","","True","2","92452280796","6085701206","3807108413","102345090415","2","2","2","2","2","2","2","","","","",""
"79","weblogic-monitoring-exporter","S100","Method names should comply with a naming convention","Code_Smell","7","FP","True","Single Line","Sound","Correct","The method name violates the naming convention due to underscores, so the rule violation is correctly raised. However, the underscores are an intentional style choice in test method names to improve readability and expressiveness. Fixing the violation by renaming would reduce clarity and is not necessary for functionality. Thus, this violation should not be fixed and is a False Positive.","","True","1","211331158625","8248763615","1438543194","221018465434","1","1","1","1","1","1","1","","","","",""
"80","joshua","S4348","""iterator"" should not return ""this""","Bug","7","FP","True","Single Line","Sound","Correct","The GrammarReader class intentionally implements both Iterable and Iterator and returns this from iterator() to support a stateful, single traversal iterator reading from a file sequentially. It is not ment to be iterated multiple times with the same GrammarReader instance.","","True","10","84856595477","22869864205","37235303146","144961762828","5","10","1","5","5","1","1","","","","",""
"81","MsgViewer","S2112","""URL.hashCode"" and ""URL.equals"" should be avoided","Code_Smell","7","TP","True","Multi Line","Sound","Correct","","","True","10","75753433048","23179783327","60193818969","159127035344","9","10","10","9","9","9","9","","","","",""
"82","gerrit-rest-java-client","S1144","Unused ""private"" methods should be removed","Code_Smell","7","FP","True","Single Line","Sound","Correct","Actual bug in SonarQube. The private method is used in an anonymous class method.","","True","1","143280944756","19601562998","3255077277","166137585031","0","1","0","0","0","0","0","","","","",""
"83","singer","S2276","""wait(...)"" should be used instead of ""Thread.sleep(...)"" when a lock is held","Bug","7","TP","True","Single Line","Sound","Correct","","In general just introducing wait() could lead to race conditions, as other threads can execute synchronized methods. However, in this specific instance only start() and stop() are synchronized and they do not introduce any change of state that might be racy. So it is correct here.","True","8","217316005815","18980849172","17275809998","253572664985","7","8","8","6","7","7","6","","","","",""
"84","nfe","S3066","""enum"" fields should not be publicly mutable","Code_Smell","7","TP","True","Multi Line","Sound","Correct","","Setter removed and there were no references to the setter that needed to change.","True","10","16341431544","21997811385","17188264314","55527507243","10","10","6","10","10","6","6","","","","",""
"85","semver4j","S5852","Using slow regular expressions is security-sensitive","Security_Hotspot","7","FP","True","Single Line","Sound","Correct","The pattern is not prone to catastrophic backtracking. It is simple and clearly separated by the dots, leading to linear time complexity. This seems to be a SonarQube bug / imprecision.","","False","0","112266594297","22692211204","0","134958805501","0","0","0","0","0","0","0","","","","",""
"86","sql-to-mongo-db-query-converter","S4929","""read(byte[],int,int)"" should be overridden","Code_Smell","7","TP","True","Multi Line","Sound","Correct","","Adds the method with appropriate implementation (it is not used but still sound to add it).","True","9","34638249736","22256194463","23179601815","80074046014","0","9","9","0","0","0","0","","","","",""
"87","GoogleAuth","S2440","Classes with only ""static"" methods should not be instantiated","Code_Smell","7","FP","True","Single Line","Sound","Correct","Base64 class doesn't only have static methods. Maybe SonarQube references some wrong version of the Apache commons library.","","False","0","161191176938","20157053564","24003560408","205351790910","0","0","0","0","0","0","0","","","","",""
"88","simplenlg","S5869","Character classes in regular expressions should not contain the same character twice","Code_Smell","7","TP","True","Multi Line","Sound","Correct","Raised actually due to a proper bug in the regex. It did not do what the comment specified before.","","False","0","135464663965","4102553841","2994017405","142561235211","0","0","0","0","0","0","0","","","","",""
"89","sqlite-jdbc","S2077","Formatting SQL queries is security-sensitive","Security_Hotspot","7","FP","True","Single Line","Sound","Correct","","","True","5","156135466993","23306758135","17692808504","197135033632","2","5","1","0","2","0","0","","","","",""
"90","rxjava2-extras","S1185","Overriding methods should do more than simply call the same method in the super class","Code_Smell","7","TP","True","Multi Line","Sound","Correct","","","True","8","114821262921","23576280645","16092719391","154490262957","7","8","6","7","7","5","5","","","","",""
"91","singer","S2168","Double-checked locking should not be used","Bug","7","TP","True","Multi Line","Sound","Correct","","","True","10","37824209079","22384290471","18259125643","78467625193","10","10","10","10","10","10","10","","","","",""
"92","simplenlg","S2438","""Threads"" should not be used where ""Runnables"" are expected","Code_Smell","7","TP","True","Single Line","Sound","Correct","","","True","7","113620238197","16502724633","18372951976","148495914806","7","7","7","7","7","7","7","","","","",""
"93","Nukkit","S1113","The Object.finalize() method should not be overridden","Code_Smell","7","TP","True","Multi Line","Sound","Correct","","The finalize() override was removed. clean() methods exist in the class that are used for cleanup at all locations where the class is being used. So the finalize() was just a safety precaution, but it is not needed and should not be relied upon.","True","10","49408628333","22893403096","19907117839","92209149268","10","10","10","10","10","10","10","","","","",""
"94","Paguro","S1158","Primitive wrappers should not be instantiated only for ""toString"" or ""compareTo"" calls","Code_Smell","7","FP","True","Single Line","Sound","Correct","Intentionally wanted to test if the compareTo() behaves equivalent to the self-implemented defCompCtx().compare(). Checking equivalence of it with Integer.compare() would have been a slightly different test, however could have considered fine too as it should do the same thing as compareTo().","","True","4","107123446452","10292838320","6445848698","123862133470","4","4","4","4","4","4","4","","","","",""
"95","OpenTripPlanner","S6355","Deprecated annotations should include explanations","Code_Smell","7","TP","True","Single Line","Sound","Correct","","Sets to since v. 2.0.0 which is a sensible educated guess here but maybe not perfect.","True","6","80438548285","15481573258","11991995562","107912117105","6","6","3","6","6","3","3","","","","",""
"96","OpenTripPlanner","S117","Local variable and method parameter names should comply with a naming convention","Code_Smell","8","FP","True","Single Line","Sound","Correct","The naming style with underscores is used consistently and intentionally in this test class for clarity. Both FP and TP would be fine here.","","True","2","104314976166","8388166229","4203125510","116906267905","2","2","2","2","2","2","2","","","","",""
"97","epubcheck","S1192","String literals should not be duplicated","Code_Smell","7","TP","True","Multi Line","Sound","Correct","","","True","7","83567453991","20522082325","9298214474","113387750790","7","7","7","7","7","7","7","","","","",""
"98","sqlite-jdbc","S2095","Resources should be closed","Bug","7","TP","True","Multi Line","Sound","Correct","","","True","10","113286902983","23178948758","25065748382","161531600123","0","10","10","0","0","0","0","","","","",""
"99","java-jdbc","S108","Nested blocks of code should not be left empty","Code_Smell","7","TP","True","Single Line","Sound","Correct","","","True","9","50692717657","20830378303","11381339114","82904435074","9","9","9","9","9","9","9","","","","",""
"100","java-jdbc","S5860","Names of regular expressions named groups should be used","Code_Smell","7","FP","True","Single Line","Sound","Correct","3 of the 4 named groups are referenced by there name. Only one of them isn't. This one might be removed from the regex. However, here this 4th named group kind of acts as an explanation of the part of the regex, to understand what it captures. This could be replaced by a comment, but retaining the same structure as for the other parts holds merit. Therefore both TP and FP are sound here.","","True","2","17114972259","19666664537","30886468697","67668105493","2","2","0","2","2","0","0","","","","",""
"101","joshua","S2437","Silly bit operations should not be performed","Code_Smell","9","TP","True","Single Line","Sound","Correct","","","True","2","45883859614","5809217884","4315452890","56008530388","2","2","2","2","2","2","2","","","","",""
"102","joshua","S2677","""read"" and ""readLine"" return values should be used","Bug","9","FP","True","Single Line","Sound","Correct","The discarded readLine() call is intentionally used to skip a line","","True","8","305035760608","24075596654","21942321061","351053678323","0","8","8","0","0","0","0","","","","",""
"103","robot","S5996","Regex boundaries should not be used in a way that can never be matched","Bug","9","TP","True","Single Line","Sound","Correct","","","False","0","213388233613","4526011397","1768225744","219682470754","0","0","0","0","0","0","0","","","","",""
"104","openhtmltopdf","S4201","Null checks should not be used with ""instanceof""","Code_Smell","9","TP","True","Single Line","Sound","Correct","","","True","4","20400467273","10033977504","4860815468","35295260245","4","4","4","4","4","4","4","","","","",""
"105","protostuff","S3011","Reflection should not be used to increase accessibility of classes, methods, or fields","Code_Smell","9","FP","True","Single Line","Sound","Correct","It is a serialization framework and as such relies on reflection for the serialization purpose.","","True","9","272215444036","24571517758","26791675162","323578636956","0","9","9","0","0","0","0","","","","",""
"106","aesh","S5443","Using publicly writable directories is security-sensitive","Security_Hotspot","9","TP","True","Multi Line","Sound","Correct","","Removes the temp file creation. As this is not used in the test (and not what triggers the expected exception) this is correct.","True","9","91253947949","22726399586","22203642663","136183990198","7","9","4","1","7","4","0","","","","",""
"107","miso-lims","S1602","Lambdas containing only one statement should not nest this statement in a block","Code_Smell","9","TP","True","Multi Line","Sound","Correct","","","True","3","39338936903","8100172625","3428041262","50867150790","3","3","3","3","3","3","3","","","","",""
"108","nlp-lang","S1143","Jump statements should not occur in ""finally"" blocks","Bug","9","TP","True","Multi Line","Sound","Correct","","","False","0","187000927006","17054411418","0","204055338424","0","0","0","0","0","0","0","","","","",""
"109","OpenTripPlanner","S2157","""Cloneables"" should implement ""clone""","Code_Smell","9","TP","True","Single Line","Sound","Correct","","Implements Clonable was removed. This is fine here, as RoutingContext is never cloned. In other classes (RoutingRequest and State) where a RoutingContext is used and clone() is implemented these implementations do not clone the RoutingRequest. So removing the Clonable is fine.","True","10","130974850916","23709229089","36809706684","191493786689","6","10","0","6","6","0","0","","","","",""
"110","Vitro","S3981","Collection sizes and array length comparisons should make sense","Bug","9","TP","True","Single Line","Sound","Correct","","Changes the behavior of the DAO method (in an expected way). The method isn't used anywhere in the project so this is fine. However, any project using this project as a dependency might need to update the usage, if they use the method.","False","0","165423618069","4354008057","1546990685","171324616811","0","0","0","0","0","0","0","","","","",""
"111","pitest","S2123","Values should not be uselessly incremented","Bug","9","TP","True","Single Line","Sound","Correct","","","True","3","42187948734","8242539686","3658054646","54088543066","3","3","3","3","3","3","3","","","","",""
"112","juniversalchardet","S4517","InputSteam.read() implementation should not return a signed byte","Bug","9","TP","True","Single Line","Sound","Correct","","This is a proper bug, that existed in the code, that is resolved here.","True","5","45878238605","12169238594","8032658662","66080135861","5","5","5","5","5","5","5","","","","",""
"113","protostuff","S1596","""Collections.EMPTY_LIST"", ""EMPTY_MAP"", and ""EMPTY_SET"" should not be used","Code_Smell","9","FP","True","Single Line","Sound","Correct","This is a complicated class that implements a polymorphic Map. In that context it intentionally uses the raw type here and suppresses any unchecked warnings when casting to a generic type. This is intentional here in the polymorphic design of the class. So FP is sound here.","","True","1","115412768909","4305724275","1559919435","121278412619","0","1","1","0","0","0","0","","","","",""
"114","openstack4j","S4423","Weak SSL/TLS protocols should not be used","Vulnerability","9","FP","True","Single Line","Sound","Correct","The class is intentionally designed to allow untrusted SSL connections by trusting all certificates and disabling hostname verification.","","True","3","17778024834","8392341583","5019073077","31189439494","3","3","3","3","3","3","3","","","","",""
"115","vue-gwt","S1598","Package declaration should match source file directory","Code_Smell","9","TP","True","Single Line","Not sound","Correct","Actually a FP. The java file is a resource used to test for equivalence with a generated file. So changing something about it is wrong and makes the test fail.","Got a failing test and then realized that it needs to suppress the warning instead. After doing this the test passes. However, the classification was still wrong.","False","0","8067992141","6046579517","2163248917","16277820575","0","0","0","0","0","0","0","","","","",""
"116","hamcrest-date","S1444","""public static"" fields should be constant","Code_Smell","9","TP","True","Single Line","Sound","Correct","","","True","3","116068408826","8440641246","6178486080","130687536152","3","3","3","3","3","3","3","","","","",""
"117","jMetal","S2786","Nested ""enum""s should not be declared static","Code_Smell","9","TP","True","Single Line","Sound","Correct","","","True","1","110684799635","6340302756","3596512874","120621615265","1","1","1","1","1","1","1","","","","",""
"118","nlp-lang","S4351","""compareTo"" should not be overloaded","Bug","9","TP","True","Multi File","Sound","Correct","","","True","9","130802909120","22905234183","26231902218","179940045521","0","9","6","0","0","0","0","","","","",""
"119","Nukkit","S2134","Classes extending java.lang.Thread should override the ""run"" method","Bug","9","TP","True","Multi Line","Sound","Correct","","","True","1","6036784374","3845472821","1889146786","11771403981","0","1","1","0","0","0","0","","","","",""
"120","Vitro","S3740","Raw types should not be used","Code_Smell","9","TP","True","Single Line","Sound","Correct","","","True","3","11148863517","8161482106","8580605459","27890951082","3","3","2","3","3","2","2","","","","",""
"121","sds","S1611","Parentheses should be removed from a single lambda input parameter when its type is inferred","Code_Smell","9","TP","True","Single Line","Sound","Correct","","","True","2","38945543931","5953470506","2892123548","47791137985","2","2","2","2","2","2","2","","","","",""
"122","Nukkit","S1479","""switch"" statements should not have too many ""case"" clauses","Code_Smell","9","TP","True","Multi Line","Sound","Correct","","","True","6","68266589662","14434738281","17606294906","100307622849","6","6","6","6","6","6","6","","","","",""
"123","joshua","S1210","""equals(Object obj)"" should be overridden along with the ""compareTo(T obj)"" method","Code_Smell","9","TP","True","Multi Line","Sound","Correct","","The equals and hashCode are implemented in such a way that two objects are equal iff compareTo is 0. This is exactly what we want.","True","9","101903305855","21241493566","21152776029","144297575450","1","9","9","1","1","1","1","","","","",""
"124","jts","S1110","Redundant pairs of parentheses should be removed","Code_Smell","9","TP","True","Single Line","Sound","Correct","","","True","6","132283164177","14170029313","8665718249","155118911739","6","6","6","5","6","6","5","","","","",""
"125","jts","S2259","Null pointers should not be dereferenced","Bug","9","FP","True","Single Line","Sound","Correct","Both FP and TP are acceptable. The NullPointerException will never occur in this test class, as the runVoronoi method is always called with computePolys set to true. And as it is a test, there are also no other classes calling this package private method. However, if new callers would be added to the test method down the line this might become an issue if they set computePolys to false. Therefore also TP would have been sound.","","False","0","79416275942","23799406133","0","103215682075","0","0","0","0","0","0","0","","","","",""
"126","Nukkit","S2236","Methods ""wait(...)"", ""notify()"" and ""notifyAll()"" should not be called on Thread instances","Bug","9","TP","True","Multi Line","Sound","Correct","","","True","7","83510100577","20344780095","21892490928","125747371600","1","7","7","1","1","1","1","","","","",""
"127","joshua","S1858","""toString()"" should never be called on a String object","Code_Smell","9","TP","True","Single Line","Sound","Correct","","","False","0","4642096730","4332772889","3304749115","12279618734","0","0","0","0","0","0","0","","","","",""
"128","openhtmltopdf","S1119","Labels should not be used","Code_Smell","9","TP","True","Multi Line","Sound","Correct","","","True","9","176592124177","21867899028","22811947526","221271970731","0","9","9","0","0","0","0","","","","",""
"129","rescu","S3358","Ternary operators should not be nested","Code_Smell","9","TP","True","Multi Line","Sound","Correct","","","True","7","56309359443","16370638945","12877155312","85557153700","7","7","7","7","7","7","7","","","","",""
"130","sql-builder","S2115","A secure password should be used when connecting to a database","Vulnerability","9","FP","True","Single Line","Sound","Correct","As this is test code using an empty password is intended here.","","True","3","11511907176","7857361572","6477913124","25847181872","3","3","3","3","3","3","3","","","","",""
"131","jts","S1123","Deprecated elements should have both the annotation and the Javadoc tag","Code_Smell","9","TP","True","Single Line","Sound","Correct","","","True","4","155915417411","20653545227","20639987403","197208950041","0","4","4","0","0","0","0","","","","",""
"132","nanojson","S4719","""StandardCharsets"" constants should be preferred","Code_Smell","9","TP","True","Multi Line","Sound","Correct","","","True","2","216846373257","8721876691","5488882432","231057132380","0","2","2","0","0","0","0","","","","",""
"133","nfe","S1149","Synchronized classes Vector, Hashtable, Stack and StringBuffer should not be used","Code_Smell","9","TP","True","Multi Line","Sound","Correct","","","True","1","192589730668","4312782670","1487540152","198390053490","0","1","1","0","0","0","0","","","","",""
"134","dataenum","S1221","Methods should not be named ""tostring"", ""hashcode"" or ""equal""","Bug","9","FP","True","Single Line","Sound","Correct","The method 'equal' is intentionally named and widely used as a static utility method (not overriding the equals() method), so renaming it is not justified. FP and TP are both fine here.","","True","1","18403397532","3981179547","1153419617","23537996696","0","1","1","0","0","0","0","","","","",""
"135","nlp-lang","S1264","A ""while"" loop should be used instead of a ""for"" loop","Code_Smell","9","TP","True","Single Line","Sound","Correct","","","True","2","93616744443","6554875479","2291530588","102463150510","2","2","2","2","2","2","2","","","","",""
"136","jts","S3038","Abstract methods should not be redundant","Code_Smell","9","TP","True","Single Line","Sound","Correct","","Correct, but it did not remove the JavaDoc. So this is not ideal.","True","6","110558169373","16386718586","13302648776","140247536735","6","6","4","6","6","4","4","","","","",""
"137","joshua","S2446","""notifyAll"" should be used","Bug","9","FP","True","Single Line","Sound","Correct","The notify() call is used in a context where only a single consumer thread waits on the monitor, so notify() is sufficient and does not risk missing waking the appropriate thread.","","True","1","58348447776","4025522072","1879406791","64253376639","1","1","1","1","1","1","1","","","","",""
"138","jts","S1905","Redundant casts should not be used","Code_Smell","9","FP","True","Single Line","Not sound","Correct","Is actually a TP. Agent thinks that the cast from int to double is needed. However, this cast is implicit in Java, as there is no loss in information from int to double.","","True","1","48788692525","4207596350","3459121644","56455410519","1","1","1","1","1","1","1","","","","",""
"139","aXMLRPC","S2647","Basic authentication should not be used","Vulnerability","9","FP","True","Single Line","Sound","Correct","The project is explicitly designed to use basic authentication via the AuthenticationManager class, and there are no alternative authentication mechanisms or support for more secure methods. Supporting more secure methods would need a complete redesign of the full project.","","True","10","18295361079","21621443284","17537183963","57453988326","4","10","5","3","4","0","0","","","","",""
"140","jts","S131","""switch"" statements should have ""default"" clauses","Code_Smell","9","TP","True","Multi Line","Sound","Correct","","","True","6","121254187519","22841383149","25143137958","169238708626","1","6","1","1","1","1","1","","","","",""
"141","protostuff","S3878","Arrays should not be created for varargs parameters","Code_Smell","9","FP","True","Single Line","Not sound","Correct","LLM halucinates into thinking the Arrays.asList() is a custom function and that it expects an Object[]. However, it is from java.util and expects a vararg. So it is actually a TP.","","True","2","227593984352","8224463794","8767142573","244585590719","0","2","2","0","0","0","0","","","","",""
"142","openstack4j","S1223","Non-constructor methods should not have the same name as the enclosing class","Code_Smell","9","TP","True","Single Line","Sound","Correct","","","True","3","16758825951","7706563891","6605198009","31070587851","3","3","3","3","3","3","3","","","","",""
"143","Wikidata-Toolkit","S125","Sections of code should not be commented out","Code_Smell","9","FP","True","Multi Line","Sound","Correct","Was a License header, not a commented out line of code","Ugly way of suppressing it. Adding a @SuppressWarnings() annotation is not possible here, and the version of the SonarQube analyzer seems to not recognize the //NOSONAR suppression in the correct line (was the first try) (newer version does). After adding //NOSONAR to all lines it was removed.","False","0","11769662335","7397657455","0","19167319790","0","0","0","0","0","0","0","","","","",""
"144","singer","S2189","Loops should not be infinite","Bug","9","FP","True","Single Line","Sound","Correct","The loop in the thread is intentionally without a normal break condition. However, on a InterruptedException a break is reached and the thread terminates properly. So this is correctly a FP.","","True","6","34507781209","15941572485","12364831835","62814185529","6","6","6","6","6","6","6","","","","",""
"145","redpen","S5998","Regular expressions should not overflow the stack","Bug","9","FP","True","Single Line","Sound","Correct","This simple pattern will not lead to stack overflows as there is little to no backtracking effort.","","True","9","125556954332","24314911356","23418605102","173290470790","9","9","7","5","9","7","3","","","","",""
"146","vue-gwt","S3864","""Stream.peek"" should be used with caution","Code_Smell","9","TP","True","Multi Line","Sound","Correct","","","True","7","249735052814","20894168467","26616563240","297245784521","0","7","7","0","0","0","0","","","","",""
"147","Wikidata-Toolkit","S1124","Modifiers should be declared in the correct order","Code_Smell","9","TP","True","Single Line","Sound","Correct","","","True","2","187026519013","6309426541","3201831699","196537777253","2","2","2","2","2","2","2","","","","",""
"148","redpen","S5854","Regexes containing characters subject to normalization should use the CANON_EQ flag","Code_Smell","9","FP","True","Single Line","Not sound","Correct","In general Japanese katakana characters are not subject to normalization. However, there are special cases that are and the warning is raised on such an instance. So here the flag is required for correctness (even if using the combining characters is rare).","","True","5","143903516243","17825416497","13201043326","174929976066","5","5","5","5","5","5","5","","","","",""
"149","Nukkit","S6353","Regular expression quantifiers and character classes should be used concisely","Code_Smell","9","TP","True","Single Line","Sound","Correct","","","True","7","65236705438","16725279947","17195651555","99157636940","7","7","5","7","7","5","5","","","","",""
"150","jts","S1656","Variables should not be self-assigned","Bug","9","TP","True","Single Line","Sound","Correct","","","True","2","44371689894","14107271473","12579452404","71058413771","2","2","2","2","2","2","2","","","","",""
"151","Simple-DSL","S6035","Single-character alternations in regular expressions should be replaced with character classes","Code_Smell","9","TP","True","Single Line","Sound","Correct","","","True","1","14252008424","4031516112","1043612520","19327137056","1","1","1","1","1","1","1","","","","",""
"152","redpen","S899","Return values should not be ignored when they contain the operation status code","Bug","9","TP","True","Multi Line","Sound","Correct","","","True","8","175101077004","21177038182","18094221600","214372336786","6","8","2","6","6","0","0","","","","",""
"153","weblogic-monitoring-exporter","S1075","URIs should not be hardcoded","Code_Smell","9","FP","True","Single Line","Sound","Correct","The hardcoded URI is in test code used to simulate file paths for testing the mojo behavior. This is intended here.","","True","10","75777609076","22965869347","19838059617","118581538040","10","10","4","10","10","4","4","","","","",""
"154","geometry-api-java","S2696","Instance methods should not write to ""static"" fields","Code_Smell","9","TP","True","Multi Line","Sound","Correct","There is no need for these fields to be static as they are used in a non-static fashion.","","True","10","148038750312","25635284603","20122809109","193796844024","8","10","9","8","8","7","7","","","","",""
"155","MsgViewer","S2885","Non-thread-safe fields should not be static","Bug","9","TP","False","Multi File","Sound","Unfixed","","Failed to update all references to the problematic field. Then it failed to create buildable files and didn't understand what it did wrong from the feedback.","True","2","20171606978","5937201208","4274297798","30383105984","0","2","0","0","0","0","0","","","","",""
"156","openhtmltopdf","S3824","""Map.get"" and value test should be replaced with single method call","Code_Smell","9","TP","False","Multi Line","Sound","Unfixed","","Again, created not buildable fix (didn't delete one closing curly brace) and didn't understand the issue (had a wrong idea about what it did wrong) and couldn't recover from this.","True","7","178467383008","27150534398","19158885077","224776802483","0","7","6","0","0","0","0","","","","",""
"157","license-maven-plugin","S2639","Inappropriate regular expressions should not be used","Bug","9","FP","True","Single Line","Sound","Correct","Using . to match everything here is intentional to mask everything with a star.","","True","3","67054922208","10379328702","12831167066","90265417976","0","3","3","0","0","0","0","","","","",""
"158","joshua","S3346","Expressions used in ""assert"" should not produce side effects","Bug","9","TP","True","Multi Line","Sound","Correct","","","True","2","104165259133","6258706077","3554759555","113978724765","2","2","2","2","2","2","2","","","","",""
"159","nfe","S3776","Cognitive Complexity of methods should not be too high","Code_Smell","9","FP","True","Single Line","Sound","Correct","As this is generated code rule violations are common and should not be fixed in the code itself.","","True","10","58702391885","22360559298","21453307983","102516259166","0","10","10","0","0","0","0","","","","",""
"160","sparkey-java","S2674","The value returned from a stream read should be checked","Bug","9","TP","True","Multi Line","Sound","Correct","","","True","10","130941920631","23186543943","26182776719","180311241293","10","10","10","9","10","10","9","","","","",""
"161","sql-to-mongo-db-query-converter","S3599","Double Brace Initialization should not be used","Bug","9","TP","True","Multi Line","Sound","Correct","","","True","6","228230192718","26505249695","27296728192","282032170605","0","6","4","0","0","0","0","","","","",""
"162","openhtmltopdf","S2130","Parsing should be used to convert ""Strings"" to primitives","Code_Smell","9","TP","True","Multi Line","Sound","Correct","","","True","2","46100657737","6262492510","3008180056","55371330303","2","2","2","2","2","2","2","","","","",""
"163","nfe","S3923","All branches in a conditional structure should not have exactly the same implementation","Bug","9","TP","True","Single Line","Sound","Correct","","","True","6","163065360604","17476971837","12174757565","192717090006","6","6","6","6","6","6","6","","","","",""
"164","openstack4j","S1845","Methods and field names should not be the same or differ only by capitalization","Code_Smell","9","TP","True","Multi File","Sound","Correct","","Updated all references to the corrected setter method in one other file.","True","2","17399819289","9975157716","2992307380","30367284385","0","2","2","0","0","0","0","","","","",""
"165","Nukkit","S6396","Superfluous curly brace quantifiers should be avoided","Code_Smell","9","TP","True","Single Line","Sound","Correct","","","True","2","76450945458","6204495588","2581514809","85236955855","2","2","2","2","2","2","2","","","","",""
"166","protostuff","S2147","Catches should be combined","Code_Smell","9","TP","True","Multi Line","Sound","Correct","","","True","4","86543258591","10464487415","6102306852","103110052858","4","4","4","4","4","4","4","","","","",""
"167","robot","S5850","Alternatives in regular expressions should be grouped when used with anchors","Bug","9","TP","True","Single Line","Sound","Not correct","Here anchoring of the alternatives is intentional. But the rule says that in this case groups can be added around the anchors and alternatives for explicitness. FP would have been fine here, too.","Is able to create a fix that correctly applies the grouping. However, this at the same time introduces a warning about not using unnecessary groupings (SonarQube has contradictory rules here). After that the agent suppresses, but it doesn't use the changed variant with the added groupings => it suppresses the initial warning and not the newly raised once. This therefore doesn't correctly fix the issue.","True","1","4167926444","7067019995","4934970006","16169916445","0","1","0","0","0","0","0","","","","",""
"168","lambda","S4968","The upper bound of type variables and wildcards should not be ""final""","Code_Smell","10","TP","True","Multi File","Sound","Not correct","","Did not manage to update the reference to the constructor in one other file to use the updated generic definition. After a while it gave up and suppressed the warning.","True","2","18716731515","5956271250","3643736113","28316738878","0","2","2","0","0","0","0","","","","",""
"169","aXMLRPC","S5527","Server hostnames should be verified during SSL/TLS connections","Vulnerability","10","TP","True","Multi Line","Not sound","Correct","Not verifying the server hostname is a critical vulnerability. However, the developer intentionally added this as a feature that can be enabled by setting a flag. So allowing to skip the hostname verification is part of the functionality of the project. Therefore, this feature should not be removed no matter how problematic.","","True","7","134558670949","24308657522","14451536977","173318865448","6","6","7","6","6","6","6","","","","",""
"170","jtar","S1130","""throws"" declarations should not be superfluous","Code_Smell","10","TP","True","Single Line","Sound","Correct","","","True","3","15662218771","8052989166","6258165433","29973373370","3","3","0","3","3","0","0","","","","",""
"171","sql-to-mongo-db-query-converter","S2119","""Random"" objects should be reused","Bug","10","FP","True","Single Line","Sound","Correct","The private method is called only once, so effectively the Random is not recreated multiple times.","","True","7","30404822970","16309355879","15474748775","62188927624","7","7","7","7","7","7","7","","","","",""
"172","joshua","S2386","Mutable fields should not be ""public static""","Code_Smell","10","TP","True","Single Line","Sound","Correct","","","True","2","105486284323","6782466800","3672117559","115940868682","2","2","2","2","2","2","2","","","","",""
"173","Vitro","S1640","Maps with keys that are enum values should be replaced with EnumMap","Code_Smell","10","TP","True","Multi Line","Sound","Correct","","","True","2","81828803316","8509833143","6401222491","96739858950","0","2","2","0","0","0","0","","","","",""
"174","movsim","S4274","Asserts should not be used to check the parameters of a public method","Code_Smell","10","TP","True","Multi Line","Sound","Correct","","","True","8","132095857530","18684888264","15650827003","166431572797","8","8","8","8","8","8","8","","","","",""
"175","model-citizen","S1862","Related ""if/else if"" statements should not have the same condition","Bug","10","TP","True","Single Line","Sound","Not correct","","Didn't change the last condition to 'blueprint instanceof Blueprint' as expected. Instead only removed the condition but not the content of the branch which is definitely wrong.","True","3","176487755093","8986520488","6765591937","192239867518","1","3","1","1","1","1","1","","","","",""
"176","pitest","S2133","Objects should not be created only to ""getClass""","Code_Smell","10","FP","True","Single Line","Sound","Correct","Using local.getClass() is not the same as using Object.class here.","","True","3","83766479470","10464980177","25341419785","119572879432","2","3","3","0","2","2","0","","","","",""
"177","jts","S2692","""indexOf"" checks should not be for positive numbers","Code_Smell","10","TP","True","Single Line","Sound","Correct","","Truly fixed a bug here. Sorald could not solve something like this as the way to solve depends on the context.","True","6","198987242726","16974217850","25443073770","241404534346","6","6","6","6","6","6","6","","","","",""
"178","Vitro","S112","Generic exceptions should never be thrown","Code_Smell","10","FP","True","Single Line","Not sound","Correct","Should change RuntimeException to UnsupportedOperationException here.","","True","8","92439172579","18472474170","15470432550","126382079299","8","8","8","8","8","8","8","","","","",""
"179","sensitive","S2068","Hard-coded passwords are security-sensitive","Security_Hotspot","10","FP","True","Single Line","Sound","Correct","Hard-coded password is only used in a test.","","True","2","28230832515","21903796440","3665324500","53799953455","2","2","2","1","2","2","1","","","","",""
"180","jts","S2062","""readResolve"" methods should be inheritable","Code_Smell","10","TP","True","Single Line","Sound","Correct","","","True","2","188325013181","6157450764","2937442013","197419905958","2","2","2","2","2","2","2","","","","",""
"181","pitest","S2629","""Preconditions"" and logging arguments should not require evaluation","Code_Smell","10","FP","True","Multi Line","Sound","Correct","Logging message is inside a condition if(DEBUG){}, so the concatenation will only be evaluated if DEBUG is true.","","True","3","74600625188","8377119592","4741275370","87719020150","3","3","3","3","3","3","3","","","","",""
"182","Wikidata-Toolkit","S1133","Deprecated code should be removed","Code_Smell","10","TP","False","Multi File","Sound","Unfixed","","Introduced compiler errors that couldn't be resolved.","True","9","251490289249","21104737423","17490102954","290085129626","0","9","9","0","0","0","0","","","","",""
"183","Vitro","S3626","Jump statements should not be redundant","Code_Smell","10","FP","True","Single Line","Sound","Correct","Bug in SonarQube analyzer. The return statements are needed to exit the method early.","","False","0","181688667190","23935077798","0","205623744988","0","0","0","0","0","0","0","","","","",""
"184","java-jdbc","S5361","""String#replace"" should be preferred to ""String#replaceAll""","Code_Smell","10","TP","False","Single Line","Sound","Unfixed","","Here the initial implementation actually seems buggy. The replaceAll() call, the way it is written replaces double quotes by double quotes so effectively does nothing. More likely it was inteded to add a backslash before the quote but thats not what the implementation does. After changing to replace() by the agent this now correctly adds this backslash. However, this makes a test fail that expects the bugged implementation. The agent doesn'T try to fix the test then.","True","2","36590215945","6141087001","2765115816","45496418762","2","2","2","0","2","2","0","","","","",""
"185","OpenTripPlanner","S1659","Multiple variables should not be declared on the same line","Code_Smell","10","TP","True","Multi Line","Sound","Correct","","Splits it into two lines. Suppresses the unrelated warning that was present before but is displayed as the lines change.","True","1","125559597563","4163720448","2418119537","132141437548","1","1","1","1","1","1","1","","","","",""
"186","pitest","S2139","Exceptions should be either logged or rethrown but not both","Code_Smell","10","FP","True","Single Line","Sound","Correct","The rethrown exception is not logged again. Therfore, the problem with multiple log messages about the same exception doesn't exist here.","","True","3","36037301905","8157837602","4886914954","49082054461","0","3","3","0","0","0","0","","","","",""
"187","epubcheck","S4425","""Integer.toHexString"" should not be used to build hexadecimal strings","Code_Smell","10","TP","True","Single Line","Sound","Correct","","","True","8","90701651819","18665679866","36544298532","145911630217","8","8","8","8","8","8","8","","","","",""
"188","openhtmltopdf","S1161","""@Override"" should be used on overriding and implementing methods","Code_Smell","10","TP","True","Single Line","Sound","Correct","","","True","3","165063668151","13274923516","10442890906","188781482573","0","3","3","0","0","0","0","","","","",""
"189","openhtmltopdf","S107","Methods should not have too many parameters","Code_Smell","10","FP","True","Single Line","Sound","Correct","The method is a private static helper class. It has more than the allowed number of parameters. However, they are distinct and necessary in this case. Encapsulating some of them into a helper class would be possible but would introduce unnecessary overhead in creating the objects. Also for logically grouping them multiple objects would be needed. As the method is static first creating an object to then use the static method is unneccessary overhead here and not necessarily better style.","","True","3","229271876022","23362238027","10800178581","263434292630","0","3","3","0","0","0","0","","","","",""
"190","protostuff","S2175","Inappropriate ""Collection"" calls should not be made","Bug","10","TP","True","Multi Line","Sound","Correct","","Removed unmeaningful test and replaced it by a meaningful one.","True","8","237473236143","23576161419","21158326303","282207723865","1","8","3","1","1","0","0","","","","",""
"191","aXMLRPC","S4830","Server certificates should be verified during SSL/TLS connections","Vulnerability","10","FP","True","Multi Line","Sound","Correct","Insecure behavior is a feature in this library that can be set via a flag. Removing this would void part of the projects intended functionality, eventhough trusting everything is highly insecure.","","True","4","159339804988","24979289777","8737872899","193056967664","3","4","4","3","3","3","3","","","","",""
"192","jts","S1197","Array designators ""[]"" should be on the type, not the variable","Code_Smell","10","TP","True","Single Line","Sound","Correct","","","True","3","23268120496","8178619229","5964727774","37411467499","3","3","3","3","3","3","3","","","","",""
"193","java-jdbc","S5843","Regular expressions should not be too complicated","Code_Smell","10","FP","True","Single Line","Sound","Correct","The regular expression is complex, but that is needed to correctly parse URLs according to specification. The regex could be split into multiple lines with comments. However, the regex uses labels in subgroups that are very expressive and make the regex understandable. Therfore, adding comments is not needed here. So, both FP and TP would be acceptable here.","","True","6","63518555889","22824060537","15796029119","102138645545","6","6","6","2","6","6","2","","","","",""
"194","JWT4B","S2116","""hashCode"" and ""toString"" should not be called on array instances","Bug","10","TP","True","Multi Line","Sound","Correct","","","True","3","121358707486","8655811539","8796458205","138810977230","3","3","3","3","3","3","3","","","","",""
"195","Nukkit","S2225","""toString()"" and ""clone()"" methods should not return null","Bug","10","TP","True","Single Line","Sound","Correct","","","True","5","43622303235","11959925714","11069844371","66652073320","5","5","2","5","5","2","2","","","","",""
"196","dd-plist","S1874","""@Deprecated"" code should not be used","Code_Smell","10","TP","True","Multi Line","Sound","Correct","In the compiled Java version the library method was not deprecated yet. SonarQube still raised the issue here. Still, replacing the method that is deprecated one Java verison later is sound and can be done effectively and meaningfully.","","False","0","217500964145","15842767899","10651230699","243994962743","0","0","0","0","0","0","0","","","","",""
"197","Nukkit","S1994","""for"" loop increment clauses should modify the loops' counters","Code_Smell","10","TP","True","Multi Line","Sound","Correct","","","True","2","61218202692","6075625616","4101391529","71395219837","2","2","2","2","2","2","2","","","","",""
"198","sardine","S3416","Loggers should be named for their enclosing classes","Code_Smell","10","TP","True","Single Line","Sound","Correct","","","True","2","32113588659","6345889537","4009018418","42468496614","2","2","2","2","2","2","2","","","","",""
"199","rescu","S1165","Exception classes should be immutable","Code_Smell","10","FP","True","Single Line","Sound","Correct","The Exception implements InvocationAware, which is a relevant part of the desgin of the RestInvocationHandler. Due to implementing this the Exception is mutable as it needs to overwrite the abstract methods.","","True","6","30954678787","13918008213","15233636718","60106323718","0","6","6","0","0","0","0","","","","",""
"200","movsim","S2140","Methods of ""Random"" that return floating point values should not be used in random integer generation","Code_Smell","10","FP","True","Single Line","Not sound","Correct","The rule description confused the agent as it only talks about Random and not Math.random. That is why it decided its a FP. However, the use of Math.random() multipled and casted to int should still be replaced by Random.nextInt(). ","","True","2","18241091728","5950199125","3565283698","27756574551","2","2","2","2","2","2","2","","","","",""
"201","protostuff","S1854","Unused assignments should be removed","Code_Smell","11","FP","True","Single Line","Not sound","Correct","We are in a test file, where the assignment with a method call triggers an expected IOException. However, the assignment could be removed and the method call itself kept to have the same effect. Then the warning is resolved. Therefore it is a TP.","","True","2","133044507507","17982913003","16062154426","167089574936","0","2","2","0","0","0","0","","","","",""
"202","geometry-api-java","S2589","Boolean expressions should not be gratuitous","Code_Smell","11","FP","True","Single Line","Not sound","Correct","The subexpression (size != sizeOther) is always True here (in all cases where it is being evaluated), as the first two parts of the condition already ensure that size and sizeOther are different. In all cases where the subexpression is evaluated it will therefore be True. The agent didn't recognize this but searched for issues in the other parts of the condition.","","True","1","179489581575","12560128970","10181082941","202230793486","0","1","1","0","0","0","0","","","","",""
"203","modelmapper","S4925","""Class.forName()"" should not load JDBC 4.0+ drivers","Code_Smell","11","TP","True","Single Line","Sound","Correct","","","True","6","74836072793","14418605169","8172501044","97427179006","6","6","6","6","6","6","6","","","","",""
"204","OpenTripPlanner","S4144","Methods should not have identical implementations","Code_Smell","11","FP","True","Single Line","Sound","Correct","The clone() and copy() methods serve different contracts with differing return types, making delegation complicated. The duplication is intentional and necessary to fulfill interface and superclass contracts.","","False","0","292932419196","16198126556","44914023407","354044569159","0","0","0","0","0","0","0","","","","",""
"205","failsafe","S1700","A field should not duplicate the name of its containing class","Code_Smell","11","TP","True","Multi Line","Sound","Correct","","","True","4","89967672062","10414800156","10488515375","110870987593","4","4","4","4","4","4","4","","","","",""
"206","carml","S6395","Non-capturing groups without quantifier should not be used","Code_Smell","11","TP","True","Single Line","Sound","Correct","","Correctly fixed. Fix also added escaping > as \\> , which is a bit redundant but it does not change behavior.","True","3","67623793061","8336889894","4252081765","80212764720","3","3","3","3","3","3","3","","","","",""
"207","pitest","S2326","Unused type parameters should be removed","Code_Smell","11","TP","True","Single Line","Sound","Correct","","","True","4","5104385695","9824703372","7013758731","21942847798","4","4","4","4","4","4","4","","","","",""
"208","pitest","S4165","Assignments should not be redundant","Code_Smell","11","FP","True","Single Line","Sound","Correct","In this test the assignment is intentionally redundant to prevent the variable from being autoformatted as final by a tool.","","True","10","206835271735","25856843123","20249610751","252941725609","10","10","1","10","10","1","1","","","","",""
"209","jts","S2681","Multiline blocks should be enclosed in curly braces","Code_Smell","11","TP","True","Multi Line","Sound","Correct","","Correct but not perfect, as it misplaces a comment.","True","3","123356889981","7903689194","7536241985","138796821160","0","3","3","0","0","0","0","","","","",""
"210","jMetal","S3012","Arrays should not be copied using loops","Code_Smell","11","TP","True","Multi Line","Sound","Correct","","","True","6","48141256925","14431338083","16195821675","78768416683","6","6","6","6","6","6","6","","","","",""
"211","Vitro","S2178","Short-circuit logic should be used in boolean contexts","Code_Smell","11","TP","True","Single Line","Sound","Correct","","","True","2","62717286598","6166836402","3757755021","72641878021","2","2","2","2","2","2","2","","","","",""
"212","amidst","S3252","""static"" base class members should not be accessed via derived types","Code_Smell","11","TP","True","Multi Line","Sound","Correct","","","False","0","92788471101","4318175352","0","97106646453","0","0","0","0","0","0","0","","","","",""
"213","Vitro","S2447","Null should not be returned from a ""Boolean"" method","Code_Smell","11","FP","True","Single Line","Sound","Correct","Returning null from the Boolean method is a design choice to indicate absence of a value, and the callers consistently handle null safely. This is not an oversight or error but a deliberate decision to allow null returns.","","True","4","154242680208","11966287583","27392122070","193601089861","4","4","4","4","4","4","4","","","","",""
"214","miso-lims","S1217","""Thread.run()"" should not be called directly","Bug","11","FP","True","Single Line","Sound","Correct","This test uses Thread.run() intentional to have the Thread run synchronously in the main thread of the test. Changing it to be asynchronous would potentially break the testing functionality.","","True","2","31913974108","6160470463","3412301152","41486745723","2","2","2","2","2","2","2","","","","",""
"215","aesh","S1186","Methods should not be empty","Code_Smell","11","TP","True","Single Line","Sound","Correct","Method intentionally left empty but lacks comment explaining why.","","True","9","16889268070","19272599302","14740807143","50902674515","9","9","9","9","9","9","9","","","","",""
"216","singer","S2209","""static"" members should be accessed statically","Code_Smell","11","FP","True","Single Line","Sound","Correct","Bug in SonarQube analzer. The called method here is actually not static. (There is an overloaded method with differing paramter types that is static but that one isn't called here. The analyzer seems to not recognize this correctly)","","False","0","84842718771","8412039937","0","93254758708","0","0","0","0","0","0","0","","","","",""
"217","Scientist4J","S1163","Exceptions should not be thrown in finally blocks","Code_Smell","11","FP","True","Single Line","Not sound","Correct","The re-throwing in the finally block could be moved to the catch block. This would be much cleaner and easier to understand. The agent is right in saying that no masking can happen but due to style considerations it should still be changed.","","True","2","12083675759","5955074924","3849863241","21888613924","2","2","2","2","2","2","2","","","","",""
"218","dataenum","S3985","Unused ""private"" classes should be removed","Code_Smell","11","TP","True","Multi Line","Sound","Correct","Unused private class in this test is dead code not used in the test.","","True","6","86743165064","14444277903","10305577225","111493020192","6","6","6","6","6","6","6","","","","",""
"219","joshua","S4087","""close()"" calls should not be redundant","Code_Smell","11","TP","True","Single Line","Sound","Correct","The resource 'inFile' is opened in a try-with-resources statement, which automatically closes it. The explicit call to inFile.close() at line 238 is redundant and should be removed.","","True","6","195812317260","22736288009","23023781816","241572387085","0","6","6","0","0","0","0","","","","",""
"220","MobArena","S1301","""switch"" statements should have at least 3 ""case"" clauses","Code_Smell","11","TP","True","Multi Line","Sound","Correct","","Fixed two occurences of the rule instead of only the one, but still correct.","True","4","153738439753","11447543524","8519892943","173705876220","0","4","4","0","0","0","0","","","","",""
"221","Wikidata-Toolkit","S4349","""write(byte[],int,int)"" should be overridden","Code_Smell","11","TP","True","Multi Line","Sound","Correct","","","True","3","62051301762","15348065872","12721325597","90120693231","3","3","3","3","3","3","3","","","","",""
"222","OpenTripPlanner","S1481","Unused local variables should be removed","Code_Smell","11","TP","True","Single Line","Sound","Correct","Fixing has no impact here, so TP is fine. But FP would also be sound for this instance, as we are in generated code.","","True","1","210962283838","41675311158","6629425397","259267020393","1","1","1","1","1","1","1","","","","",""
"223","Paguro","S2066","""Serializable"" inner classes of non-serializable classes should be ""static""","Bug","11","FP","True","Single Line","Sound","Correct","There is no way of making this local class static, as local classes cannot be static. And moving the class to the top-level would not help as the private field parent will still be unserializable. The only thing we could imagine is to remove the Serializable implementation entirely.","","False","0","204293901380","21690834928","0","225984736308","0","0","0","0","0","0","0","","","","",""
"224","jMetal","S5261","""else"" statements should be clearly matched with an ""if""","Code_Smell","11","TP","True","Multi Line","Sound","Correct","","Applying an auto-formatter afterwards would improve the readability of the fix.","True","9","145110219199","20005874174","15599977641","180716071014","0","9","9","0","0","0","0","","","","",""
"225","OpenTripPlanner","S135","Loops should not contain more than a single ""break"" or ""continue"" statement","Code_Smell","11","FP","True","Single Line","Sound","Correct","Reasonable to not refactor this. This implements relatively complex logic in a relatively concise way and trying to split the logic would likely not increase readability and might even reduce the performance.","","True","9","161844764776","21783060720","21836019020","205463844516","0","9","9","0","0","0","0","","","","",""
"226","rest-driver","S6397","Character classes in regular expressions should not contain only one character","Code_Smell","11","TP","True","Single Line","Sound","Correct","","","False","0","3639611072","6137077397","3462821222","13239509691","0","0","0","0","0","0","0","","","","",""
"227","Vitro","S2166","Classes named like ""Exception"" should extend ""Exception"" or a subclass","Code_Smell","11","FP","True","Single Line","Sound","Correct","The class is intentionally named to describe its behavior in this test code. Renaming it would reduce clarity. It is not meant to be an Exception class.","","True","7","155168943165","17306811458","14504739074","186980493697","7","7","0","7","7","0","0","","","","",""
"228","OpenTripPlanner","S1751","Loops with at most one iteration should be refactored","Bug","11","TP","False","Multi Line","Sound","Unfixed","","Forgot to delete one closing bracket that it reinserted and didn't figure out its mistake. The compilation errors tend to confuse the model and lead it on a wrong track. This is also the case here.","True","2","103005067891","23217037703","5810383333","132032488927","2","2","1","2","2","1","1","","","","",""
"229","openhtmltopdf","S116","Field names should comply with a naming convention","Code_Smell","11","FP","True","Single Line","Sound","Correct","The developer intentionally used the leading underscore naming style for private fields, including '_pageStateStack', as a consistent project-wide convention.","In such cases changing the configuration of SonarQube would be more appropriate than suppressing.","True","4","162807869681","12298258954","9404681852","184510810487","0","4","0","0","0","0","0","","","","",""
"230","joshua","S2060","""Externalizable"" classes should have no-arguments constructors","Bug","11","TP","True","Multi Line","Sound","Correct","","","True","9","129611499878","21859956557","24638021228","176109477663","4","9","9","4","4","4","4","","","","",""
"231","singer","S1860","Synchronization should not be done on instances of value-based classes","Bug","11","TP","True","Multi Line","Sound","Correct","","","True","3","47277901059","10259085187","9207565980","66744552226","0","3","3","0","0","0","0","","","","",""
"232","movsim","S115","Constant names should comply with a naming convention","Code_Smell","11","FP","True","Single Line","Not sound","Correct","These constant names are in camelCasing. This is consistent throught the file. However, other files in the project do adhere to the uppercase with underscore convention. Therefore, the constants in this file should be fixed, as the developer didn't follow an alternative convention in the full project.","","True","1","180130632791","4055652686","1431682551","185617968028","1","1","1","1","1","1","1","","","","",""
"233","MsgViewer","S1118","Utility classes should not have public constructors","Code_Smell","11","TP","True","Multi Line","Sound","Correct","","","True","3","74651603469","8054701151","6077875249","88784179869","3","3","3","3","3","3","3","","","","",""
"234","miso-lims","S5411","Avoid using boxed ""Boolean"" types directly in boolean expressions","Code_Smell","11","TP","True","Single Line","Sound","Correct","","","True","5","253149163994","13222261544","11343867512","277715293050","5","5","5","5","5","5","5","","","","",""
"235","nlp-lang","S1201","""equals"" method overrides should accept ""Object"" parameters","Bug","11","TP","True","Multi Line","Sound","Correct","","","True","7","106355713344","16631473847","15095278933","138082466124","7","7","7","7","7","7","7","","","","",""
"236","amidst","S2234","Parameters should be passed in the correct order","Code_Smell","11","FP","True","Single Line","Sound","Correct","The reversed parameter order in the call to compareNewerIsLower is intentional to invert the comparison result.","","False","0","131329164915","12126161059","11987782546","155443108520","0","0","0","0","0","0","0","","","","",""
"237","openhtmltopdf","S2388","Inner class calls to super class methods should be unambiguous","Code_Smell","11","FP","True","Single Line","Sound","Correct","Supposedly ambiguous call to toCSS: The outer class is Condition, which is abstract and has no concrete toCSS method (only abstract toCSS method). The toCSS methods are implemented only in inner classes. Therefore, there is no ambiguity between an outer class method and a superclass method named toCSS. It is clear that the parent classes's toCSS is called. Therefore, adding super is not needed.","","True","2","191202069767","8751127343","5613775380","205566972490","2","2","2","2","2","2","2","","","","",""
"238","joshua","S1643","Strings should not be concatenated using '+' in a loop","Code_Smell","11","TP","True","Multi Line","Sound","Correct","","","True","9","101801175850","19678792121","19726724356","141206692327","0","9","9","0","0","0","0","","","","",""
"239","redpen","S2886","Getters and setters should be synchronized in pairs","Bug","11","TP","True","Single Line","Sound","Correct","","","True","1","64016856474","5899294199","3718112087","73634262760","1","1","1","1","1","1","1","","","","",""
"240","sqlite-jdbc","S2065","Fields in non-serializable classes should not be ""transient""","Code_Smell","11","TP","True","Single Line","Sound","Correct","","","True","3","136084761645","8154737554","6128090987","150367590186","2","3","3","2","2","2","2","","","","",""
"241","failsafe","S3078","""volatile"" variables should not be used with compound operators","Bug","11","TP","True","Multi Line","Sound","Correct","","Correctly changed to AtomicInteger usage","True","3","74176994492","8442194957","6436237383","89055426832","3","3","3","3","3","3","3","","","","",""
"242","Vitro","S3457","Printf-style format strings should be used correctly","Code_Smell","11","TP","True","Single Line","Sound","Correct","","","True","3","65860962043","8349762177","6734853919","80945578139","3","3","3","3","3","3","3","","","","",""
"243","jMetal","S5413","'List.remove()' should not be used in ascending 'for' loops","Code_Smell","11","TP","True","Multi Line","Sound","Correct","This is actually a proper bug here, where removing lines would lead to skipped indices.","Uses an iterator. With an iterator removing doesn't lead to the problem of skipping indices.","True","10","91870095433","22866501938","15600927466","130337524837","10","10","1","10","10","1","1","","","","",""
"244","modelmapper","S2129","Constructors should not be used to instantiate ""String"", ""BigInteger"", ""BigDecimal"" and primitive-wrapper classes","Code_Smell","11","TP","True","Multi Line","Sound","Correct","","","True","7","278812664789","16718896609","15046277756","310577839154","3","7","7","3","3","3","3","","","","",""
"245","lambda","S1452","Generic wildcard types should not be used in return types","Code_Smell","11","FP","True","Single Line","Not sound","Correct","The generic wildcard type as return type has no effect according to the SonarQube rule documentation. So the reasoning with generic flexibility is not sound. The wildcard can be replaced by a normal generic with a single line fix that retains the flexibility and resolves the issue.","","True","2","6738953197","7744399115","4577575094","19060927406","2","2","2","2","2","2","2","","","","",""
"246","rest-driver","S2142","""InterruptedException"" should not be ignored","Bug","11","FP","True","Single Line","Sound","Correct","The InterruptedException is caught and immediately wrapped in a runtime exception (ClientDriverInternalException) and rethrown. This is a sound handling of the interrupt.","","True","4","68496496125","10160679135","13501719507","92158894767","4","4","3","4","4","3","3","","","","",""
"247","sardine","S3398","""private"" methods called only by inner classes should be moved to those classes","Code_Smell","11","TP","True","Multi Line","Sound","Correct","","Correct, but didn't move the comment which is suboptimal.","False","0","193083946883","16141658657","18253189010","227478794550","0","0","0","0","0","0","0","","","","",""
"248","docker-java-api","S1153","String.valueOf() should not be appended to a String","Code_Smell","11","TP","True","Single Line","Sound","Correct","","","True","2","57689600698","5954336373","2708610462","66352547533","2","2","2","2","2","2","2","","","","",""
"249","redpen","S2789","""null"" should not be used with ""Optional""","Bug","11","TP","True","Multi Line","Sound","Correct","","","True","3","97772394407","20981471035","20868370920","139622236362","3","3","3","3","3","3","3","","","","",""
"250","Vitro","S3020","""toArray"" should be passed an array of the proper type","Bug","11","TP","True","Single Line","Sound","Correct","","","True","1","135211574109","4226436346","2771556295","142209566750","1","1","1","1","1","1","1","","","","",""
"251","modelmapper","S2272","""Iterator.next()"" methods should throw ""NoSuchElementException""","Bug","11","TP","True","Multi Line","Sound","Correct","","","True","2","15772998236","5862808165","4425249742","26061056143","2","2","2","2","2","2","2","","","","",""
"252","browscap-java","S6326","Regular expressions should not contain multiple spaces","Code_Smell","11","TP","True","Single Line","Sound","Correct","","","True","1","97702852729","4154546113","2245306557","104102705399","1","1","1","1","1","1","1","","","","",""
"253","Vitro","S2293","The diamond operator (""<>"") should be used","Code_Smell","11","TP","True","Single Line","Sound","Correct","","","True","2","206037847831","8795747303","8085362737","222918957871","0","2","2","0","0","0","0","","","","",""
"254","openstack4j","S3064","Assignment of lazy-initialized members should be the last step with double-checked locking","Bug","11","TP","True","Multi Line","Sound","Correct","","","True","6","131757155221","14554614359","15340753859","161652523439","6","6","6","6","6","6","6","","","","",""
"255","Vitro","S2201","Return values from functions without side effects should not be ignored","Bug","11","FP","True","Single Line","Sound","Correct","This is in a class for test purposes. The method might throw a NullPointerException which is relevant for the test.","","True","7","88931017370","18698078975","13128570464","120757666809","7","7","1","7","7","1","1","","","","",""
"256","pitest","S3400","Methods should not return constants","Code_Smell","11","FP","True","Single Line","Sound","Correct","This is in a test file. Although the method returns a constant, it is intentionally designed to prevent compiler inlining, which is important for the mutation testing framework's correctness.","","True","3","144649798287","8360317636","7308250770","160318366693","3","3","3","3","3","3","3","","","","",""
"257","Vitro","S1488","Local variables should not be declared and then immediately returned or thrown","Code_Smell","11","TP","True","Multi Line","Sound","Correct","","","True","2","188734682800","18473616163","17334230977","224542529940","0","2","2","0","0","0","0","","","","",""
"258","OpenTripPlanner","S4973","Strings and Boxed types should be compared using ""equals()""","Bug","11","FP","True","Single Line","Sound","Correct","The code explicitly interns the 'units' string before comparing it with string literals using '==', which is safe and correct in Java. Changing to .equals() is possible too though, even if the intern() call is not removed.","","True","5","144336193858","12931981777","14086951944","171355127579","5","5","5","5","5","5","5","","","","",""
"259","externalsortinginjava","S1215","Execution of the Garbage Collector should be triggered only by the JVM","Code_Smell","11","TP","True","Single Line","Not sound","Correct","Here the agent correctly reasoned why this cannot be fixed. But still it said it is a TP that should be suppressed (does not make sense). Here calling the Garbage Collector is intentional and needed for functionality. The estimation of free memory requires Garbage Collection being done before so that the external sorting can use as much memory as possible.","","True","10","136956561315","24760604617","19905090012","181622255944","10","10","10","10","10","10","10","","","","",""
"260","lambda","S4276","Functional Interfaces should be as specialised as possible","Code_Smell","11","FP","True","Single Line","Sound","Correct","Can not change Fn0.toSupplier() to use IntSupplier as return value as Fn0 is generic and must remain so. Also casting from Supplier to IntSupplier is not possible (and would likely not fix the warning either).","","True","7","16229622399","15655474973","16172256214","48057353586","4","7","7","4","4","4","4","","","","",""
"261","geometry-api-java","S3516","Methods returns should not be invariant","Code_Smell","11","FP","True","Single Line","Sound","Correct","The return value true is intentional here. On other paths exceptions are raised. This could be changed but the docu makes clear that it is intended like this.","","True","4","87549382202","21040915476","18098587339","126688885017","4","4","4","4","4","4","4","","","","",""
"262","Vitro","S3973","A conditionally executed single line should be denoted by indentation","Code_Smell","11","FP","True","Single Line","Not sound","Correct","The missing indentation problem does exist here. For some reason the LLM hallucinated that there is proper indentation here.","","True","6","222575133168","22857427391","14348052050","259780612609","6","6","6","6","6","6","6","","","","",""
"263","openhtmltopdf","S3972","Conditionals should start on new lines","Code_Smell","11","TP","True","Single Line","Sound","Correct","","","True","2","169294948103","7074488662","3960562880","180329999645","2","2","1","2","2","1","1","","","","",""
"264","OpenTripPlanner","S1135","Track uses of ""TODO"" tags","Code_Smell","11","TP","True","Multi Line","Sound","Correct","","This is a very open and unprecise TODO that is difficult for the agent to follow upon. The agent did just delete the TODO. This might be the correct behavior if the TODO is a left over artifact that already is addressed or lost relevance. This seems to be a reasonable assessment here, but deeper knowledge of the project would be needed to say definitively.","True","6","96199813225","24501116114","19303208225","140004137564","6","6","6","6","6","6","6","","","","",""
"265","openhtmltopdf","S2755","XML parsers should not be vulnerable to XXE attacks","Vulnerability","11","FP","True","Single Line","Sound","Correct","The code disables external DTD later in the code flow in a secure manner. Therefore this is a FP here.","","True","9","198987364554","20900240399","22443230232","242330835185","0","9","9","0","0","0","0","","","","",""
"266","obfuscator","S4792","Configuring loggers is security-sensitive","Security_Hotspot","11","TP","False","Multi Line","Sound","Unfixed","","Making this warning disappear is difficult. The simple change of lowering the log-level doesn't remove the warning. The agent failed properly implementing more complicated changes (that likely would not have removed it either though) due to not deleting all needed lines.","False","0","156702127892","23923245784","0","180625373676","0","0","0","0","0","0","0","","","","",""
"267","rxjava2-extras","S1948","Fields in a ""Serializable"" class should either be transient or serializable","Code_Smell","11","FP","True","Single Line","Sound","Correct","Code has a '@SuppressWarnings('serial')', which points at that the developer intentionally violated the warning and doesn't want to properly implement serializability of the class. So it is sound to say it is a FP. However, that was not the rational of the agent. The agents reasoning was wrong due to not being able to look at the implementation of AtomicInteger.","","True","9","143745059097","23801069403","27173254874","194719383374","4","9","9","4","4","4","4","","","","",""
"268","simplenlg","S6019","Reluctant quantifiers in regular expressions should be followed by an expression that can't match the empty string","Code_Smell","11","FP","True","Single Line","Not sound","Correct","\\s{2,}? could be replaced by \\s{2} as the reluctant quantifier will never match more than two repetitions here. The agent is wrong in thinking otherwise.","","True","3","90138838971","8813985515","8167601856","107120426342","3","3","3","0","3","3","0","","","","",""
"269","Vitro","S1141","Try-catch blocks should not be nested","Code_Smell","11","TP","True","Multi Line","Sound","Correct","","Moved the nested try-catch block with multiple catches into a separate method.","True","8","121883689549","21004958477","19461038023","162349686049","8","8","0","8","8","0","0","","","","",""
"270","epubcheck","S4042","""java.nio.Files#delete"" should be preferred","Code_Smell","11","TP","True","Multi Line","Sound","Correct","","Imported the library and used it.","True","4","208160659964","16928767658","22350225090","247439652712","3","4","3","3","3","2","2","","","","",""
"271","openhtmltopdf","S1134","Track uses of ""FIXME"" tags","Code_Smell","11","FP","True","Single Line","Sound","Correct","The TODO is a note for future changes and is therfore correct to remain.","","True","8","43948957990","17379931130","17226698440","78555587560","8","8","8","8","8","8","8","","","","",""
"272","dataenum","S114","Interface names should comply with a naming convention","Code_Smell","11","FP","True","Single Line","Sound","Correct","Project intentionally uses underscore in some interface names for easier understanding of their purpose and therfore follows an alternative naming convention.","","True","1","12195136647","3843210692","1396182607","17434529946","1","1","1","1","1","1","1","","","","",""
"273","Sudachi","S4635","String offset-based methods should be preferred for finding substrings from offsets","Code_Smell","11","TP","True","Single Line","Sound","Correct","","","True","1","48108777898","4012458112","2470996605","54592232615","1","1","1","1","1","1","1","","","","",""
"274","jMetal","S2184","Math operands should be cast before assignment","Bug","11","FP","True","Single Line","Sound","Correct","Casting not needed here, as the int operands of the multiplication are known and way below a value that may overflow the integer.","","False","0","93538928514","10338527186","0","103877455700","0","0","0","0","0","0","0","","","","",""
"275","OpenTripPlanner","S5042","Expanding archive files without controlling resource consumption is security-sensitive","Security_Hotspot","11","TP","True","Multi Line","Sound","Correct","The code expands the archive entries without any validation or control of the number of entries, the total uncompressed size, or the compression ratio, which makes it vulnerable to zip bomb attacks.","Implements checks of max zip file sizes and zip file counts. The set thresholds might need finetuning depending on the intended usage of the datasource.","True","10","44356717398","22832217915","25797431700","92986367013","6","6","2","0","2","1","0","","","","",""
"276","jts","S1872","Classes should not be compared by name","Bug","11","FP","True","Single Line","Sound","Correct","The base Geometry class's isEquivalentClass method enforces strict class equality by comparing class names as strings. This equivalence checking is internal to the package, so there should be no issue with non-unique class names.","","True","2","166532231859","6515007453","4888209634","177935448946","2","2","2","2","2","2","2","","","","",""
"277","pitest","S101","Class names should comply with a naming convention","Code_Smell","11","TP","True","Multi Line","Sound","Correct","","","True","3","225076929298","8264968438","7807913108","241149810844","0","3","3","0","0","0","0","","","","",""
"278","OpenTripPlanner","S1117","Local variables should not shadow class fields","Code_Smell","11","TP","True","Multi Line","Sound","Correct","","","True","8","77040402479","18208584448","13914764542","109163751469","8","8","8","8","8","8","8","","","","",""
"279","pitest","S1450","Private fields only used as local variables in methods should become local variables","Code_Smell","11","TP","True","Multi Line","Sound","Correct","","","True","2","12340836393","5789140328","4834239965","22964216686","2","2","2","2","2","2","2","","","","",""
"280","spring-guice","S2094","Classes should not be empty","Code_Smell","11","FP","True","Single Line","Sound","Correct","This empty class is a purposeful test placeholder. It should neither be deleted, implemented nor made and interface.","","True","1","17284652147","4040264311","1168264428","22493180886","1","1","1","0","1","1","0","","","","",""
"281","modelmapper","S5738","""@Deprecated"" code marked for removal should never be used","Code_Smell","11","TP","True","Multi Line","Sound","Correct","","","False","0","217696253725","21781077252","24854790444","264332121421","0","0","0","0","0","0","0","","","","",""
"282","kcp-netty","S2387","Child class fields should not shadow parent class fields","Code_Smell","11","FP","True","Single Line","Sound","Correct","This code intentionally redefines the keySet and values fields to use its own lazy initialization approach for these fields. The agents reasoning is different to this, as it lacks context of inspecting the AbstractHashMap class.","","False","0","177071066896","16535582307","16901834303","210508483506","0","0","0","0","0","0","0","","","","",""
"283","singer","S2737","""catch"" clauses should do more than rethrow","Code_Smell","11","FP","True","Single Line","Sound","Correct","The catch clause is in a test method where the developer wants the test to fail if the exception is thrown, so rethrowing the exception explicitly is a deliberate choice to signal test failure.","","True","3","145013091296","23935553711","8619996984","177568641991","3","3","0","3","3","0","0","","","","",""
"284","MyPerf4J","S127","""for"" loop stop conditions should be invariant","Code_Smell","11","FP","True","Single Line","Sound","Correct","Intentional here to process 3 bytes per iteration compactly. A refactoring would make the code likely less readable.","","True","2","89936379503","22232759301","6849354397","119018493201","0","2","2","0","0","0","0","","","","",""
"285","openhtmltopdf","S1219","""switch"" statements should not contain non-case labels","Code_Smell","11","FP","True","Single Line","Not sound","Correct","States that there is no non-breaking way to fix this warning, however the labeled code could be moved to a separate method and then the label would not be needed at all (can use return). This is a changed that should be applied.","","False","0","202706092056","13139537639","7976250326","223821880021","0","0","0","0","0","0","0","","","","",""
"286","geometry-api-java","S1226","Method parameters, caught exceptions and foreach variables' initial values should not be ignored","Bug","11","FP","True","Single Line","Not sound","Correct","The passed parameter's object pt_res is not actually used. This should be replaced by a local variable instead. The developer seems to think that the assignment changes the object referenced by pt_res, however it only changes the local reference.","","True","2","175144644628","21444664417","26915796274","223505105319","0","2","2","0","0","0","0","","","","",""
"287","sds","S5164","""ThreadLocal"" variables should be cleaned up when no longer used","Bug","11","TP","True","Multi Line","Sound","Correct","","","True","8","63531798917","18398472144","17457136747","99387407808","8","8","8","8","8","8","8","","","","",""
"288","pitest","S1191","Classes from ""sun.*"" packages should not be used","Code_Smell","11","FP","True","Single Line","Sound","Correct","The violation is flagged at the package declaration 'package sun.pitest;', which is a project-defined package and not an import or usage of internal 'sun.*' JDK classes. So the project itself is part of sun.","","False","0","5821834774","5774709907","2791651302","14388195983","0","0","0","0","0","0","0","","","","",""
"289","movsim","S2183","Ints and longs should not be shifted by zero or more than their number of bits-1","Bug","11","TP","True","Single Line","Sound","Correct","Useless shift by 0","","True","6","32142607740","17359175085","14533043136","64034825961","1","6","6","1","1","1","1","","","","",""
"290","Vitro","S1116","Empty statements should be removed","Code_Smell","11","TP","True","Single Line","Sound","Correct","","","True","2","22359076400","5897390873","3342301041","31598768314","2","2","2","2","2","2","2","","","","",""
"291","OpenTripPlanner","S2275","Printf-style format strings should not lead to unexpected behavior at runtime","Bug","11","TP","True","Single Line","Sound","Correct","","","True","3","284231393169","10636550615","12329944615","307197888399","0","3","3","0","0","0","0","","","","",""
