[INFO] Scanning for projects...
[INFO] ------------------------------------------------------------------------
[INFO] Reactor Build Order:
[INFO] 
[INFO] protostuff                                                         [pom]
[INFO] protostuff :: api                                                  [jar]
[INFO] protostuff :: core                                                 [jar]
[INFO] protostuff :: collectionschema                                     [jar]
[INFO] protostuff :: runtime                                              [jar]
[INFO] protostuff :: runtime-md                                           [jar]
[INFO] protostuff :: runtime-registry                                     [jar]
[INFO] protostuff :: runtime-view                                         [jar]
[INFO] protostuff :: json                                                 [jar]
[INFO] protostuff :: msgpack                                              [jar]
[INFO] protostuff :: xml                                                  [jar]
[INFO] protostuff :: yaml                                                 [jar]
[INFO] protostuff :: kvp                                                  [jar]
[INFO] protostuff :: parser                                               [jar]
[INFO] protostuff :: compiler                                             [jar]
[INFO] protostuff :: maven-plugin                                [maven-plugin]
[INFO] protostuff :: uberjar                                              [jar]
[INFO] protostuff :: it                                                   [jar]
[INFO] protostuff :: bom                                                  [pom]
[INFO] protostuff :: benchmarks                                           [jar]
[INFO] 
[INFO] ----------------------< io.protostuff:protostuff >----------------------
[INFO] Building protostuff 1.8.0-SNAPSHOT                                [1/20]
[INFO] --------------------------------[ pom ]---------------------------------
[INFO] 
[INFO] --- maven-clean-plugin:2.5:clean (default-clean) @ protostuff ---
[INFO] 
[INFO] --- maven-enforcer-plugin:1.3.1:enforce (enforce-versions) @ protostuff ---
[INFO] 
[INFO] >>> maven-source-plugin:2.4:jar (attach-sources) > generate-sources @ protostuff >>>
[INFO] 
[INFO] --- maven-enforcer-plugin:1.3.1:enforce (enforce-versions) @ protostuff ---
[INFO] 
[INFO] <<< maven-source-plugin:2.4:jar (attach-sources) < generate-sources @ protostuff <<<
[INFO] 
[INFO] 
[INFO] --- maven-source-plugin:2.4:jar (attach-sources) @ protostuff ---
[INFO] 
[INFO] --- maven-javadoc-plugin:2.10.1:jar (attach-javadocs) @ protostuff ---
[INFO] Not executing Javadoc as the project is not a Java classpath-capable package
[INFO] 
[INFO] --------------------< io.protostuff:protostuff-api >--------------------
[INFO] Building protostuff :: api 1.8.0-SNAPSHOT                         [2/20]
[INFO] --------------------------------[ jar ]---------------------------------
[INFO] 
[INFO] --- maven-clean-plugin:2.5:clean (default-clean) @ protostuff-api ---
[INFO] 
[INFO] --- maven-enforcer-plugin:1.3.1:enforce (enforce-versions) @ protostuff-api ---
[INFO] 
[INFO] --- maven-resources-plugin:2.6:resources (default-resources) @ protostuff-api ---
[INFO] Using 'UTF-8' encoding to copy filtered resources.
[INFO] skip non existing resourceDirectory /workspaces/master-thesis-pascal-joos/code_cure_agent/cca_workspace/protostuff/protostuff-api/src/main/resources
[INFO] 
[INFO] --- maven-compiler-plugin:3.1:compile (default-compile) @ protostuff-api ---
[INFO] Changes detected - recompiling the module!
[INFO] Compiling 33 source files to /workspaces/master-thesis-pascal-joos/code_cure_agent/cca_workspace/protostuff/protostuff-api/target/classes
[INFO] 
[INFO] --- maven-resources-plugin:2.6:testResources (default-testResources) @ protostuff-api ---
[INFO] Using 'UTF-8' encoding to copy filtered resources.
[INFO] skip non existing resourceDirectory /workspaces/master-thesis-pascal-joos/code_cure_agent/cca_workspace/protostuff/protostuff-api/src/test/resources
[INFO] 
[INFO] --- maven-compiler-plugin:3.1:testCompile (default-testCompile) @ protostuff-api ---
[INFO] Changes detected - recompiling the module!
[INFO] Compiling 7 source files to /workspaces/master-thesis-pascal-joos/code_cure_agent/cca_workspace/protostuff/protostuff-api/target/test-classes
[INFO] 
[INFO] --- maven-surefire-plugin:2.12.4:test (default-test) @ protostuff-api ---
[INFO] Tests are skipped.
[INFO] 
[INFO] --- maven-jar-plugin:2.5:jar (default-jar) @ protostuff-api ---
[INFO] Building jar: /workspaces/master-thesis-pascal-joos/code_cure_agent/cca_workspace/protostuff/protostuff-api/target/protostuff-api-1.8.0-SNAPSHOT.jar
[INFO] 
[INFO] >>> maven-source-plugin:2.4:jar (attach-sources) > generate-sources @ protostuff-api >>>
[INFO] 
[INFO] --- maven-enforcer-plugin:1.3.1:enforce (enforce-versions) @ protostuff-api ---
[INFO] 
[INFO] <<< maven-source-plugin:2.4:jar (attach-sources) < generate-sources @ protostuff-api <<<
[INFO] 
[INFO] 
[INFO] --- maven-source-plugin:2.4:jar (attach-sources) @ protostuff-api ---
[INFO] Building jar: /workspaces/master-thesis-pascal-joos/code_cure_agent/cca_workspace/protostuff/protostuff-api/target/protostuff-api-1.8.0-SNAPSHOT-sources.jar
[INFO] 
[INFO] --- maven-javadoc-plugin:2.10.1:jar (attach-javadocs) @ protostuff-api ---
[INFO] 
Loading source files for package io.protostuff...
Constructing Javadoc information...
Standard Doclet version 11.0.27
Building tree for all the packages and classes...
Generating /workspaces/master-thesis-pascal-joos/code_cure_agent/cca_workspace/protostuff/protostuff-api/target/apidocs/io/protostuff/B64Code.html...
Generating /workspaces/master-thesis-pascal-joos/code_cure_agent/cca_workspace/protostuff/protostuff-api/target/apidocs/io/protostuff/Builder.html...
Generating /workspaces/master-thesis-pascal-joos/code_cure_agent/cca_workspace/protostuff/protostuff-api/target/apidocs/io/protostuff/ByteString.html...
Generating /workspaces/master-thesis-pascal-joos/code_cure_agent/cca_workspace/protostuff/protostuff-api/target/apidocs/io/protostuff/CustomSchema.html...
Generating /workspaces/master-thesis-pascal-joos/code_cure_agent/cca_workspace/protostuff/protostuff-api/target/apidocs/io/protostuff/EnumLite.html...
Generating /workspaces/master-thesis-pascal-joos/code_cure_agent/cca_workspace/protostuff/protostuff-api/target/apidocs/io/protostuff/Exclude.html...
Generating /workspaces/master-thesis-pascal-joos/code_cure_agent/cca_workspace/protostuff/protostuff-api/target/apidocs/io/protostuff/FilterInput.html...
Generating /workspaces/master-thesis-pascal-joos/code_cure_agent/cca_workspace/protostuff/protostuff-api/target/apidocs/io/protostuff/FilterOutput.html...
Generating /workspaces/master-thesis-pascal-joos/code_cure_agent/cca_workspace/protostuff/protostuff-api/target/apidocs/io/protostuff/GraphInput.html...
Generating /workspaces/master-thesis-pascal-joos/code_cure_agent/cca_workspace/protostuff/protostuff-api/target/apidocs/io/protostuff/Input.html...
Generating /workspaces/master-thesis-pascal-joos/code_cure_agent/cca_workspace/protostuff/protostuff-api/target/apidocs/io/protostuff/IntSerializer.html...
Generating /workspaces/master-thesis-pascal-joos/code_cure_agent/cca_workspace/protostuff/protostuff-api/target/apidocs/io/protostuff/LinkedBuffer.html...
Generating /workspaces/master-thesis-pascal-joos/code_cure_agent/cca_workspace/protostuff/protostuff-api/target/apidocs/io/protostuff/ListAdapter.html...
Generating /workspaces/master-thesis-pascal-joos/code_cure_agent/cca_workspace/protostuff/protostuff-api/target/apidocs/io/protostuff/ListAdapter.Converter.html...
Generating /workspaces/master-thesis-pascal-joos/code_cure_agent/cca_workspace/protostuff/protostuff-api/target/apidocs/io/protostuff/Message.html...
Generating /workspaces/master-thesis-pascal-joos/code_cure_agent/cca_workspace/protostuff/protostuff-api/target/apidocs/io/protostuff/Morph.html...
Generating /workspaces/master-thesis-pascal-joos/code_cure_agent/cca_workspace/protostuff/protostuff-api/target/apidocs/io/protostuff/NumberParser.html...
Generating /workspaces/master-thesis-pascal-joos/code_cure_agent/cca_workspace/protostuff/protostuff-api/target/apidocs/io/protostuff/Output.html...
Generating /workspaces/master-thesis-pascal-joos/code_cure_agent/cca_workspace/protostuff/protostuff-api/target/apidocs/io/protostuff/Pipe.html...
Generating /workspaces/master-thesis-pascal-joos/code_cure_agent/cca_workspace/protostuff/protostuff-api/target/apidocs/io/protostuff/Pipe.Schema.html...
Generating /workspaces/master-thesis-pascal-joos/code_cure_agent/cca_workspace/protostuff/protostuff-api/target/apidocs/io/protostuff/ProtostuffException.html...
Generating /workspaces/master-thesis-pascal-joos/code_cure_agent/cca_workspace/protostuff/protostuff-api/target/apidocs/io/protostuff/Request.html...
Generating /workspaces/master-thesis-pascal-joos/code_cure_agent/cca_workspace/protostuff/protostuff-api/target/apidocs/io/protostuff/Response.html...
Generating /workspaces/master-thesis-pascal-joos/code_cure_agent/cca_workspace/protostuff/protostuff-api/target/apidocs/io/protostuff/Rpc.html...
Generating /workspaces/master-thesis-pascal-joos/code_cure_agent/cca_workspace/protostuff/protostuff-api/target/apidocs/io/protostuff/Schema.html...
Generating /workspaces/master-thesis-pascal-joos/code_cure_agent/cca_workspace/protostuff/protostuff-api/target/apidocs/io/protostuff/Service.html...
Generating /workspaces/master-thesis-pascal-joos/code_cure_agent/cca_workspace/protostuff/protostuff-api/target/apidocs/io/protostuff/StatefulOutput.html...
Generating /workspaces/master-thesis-pascal-joos/code_cure_agent/cca_workspace/protostuff/protostuff-api/target/apidocs/io/protostuff/StreamedStringSerializer.html...
Generating /workspaces/master-thesis-pascal-joos/code_cure_agent/cca_workspace/protostuff/protostuff-api/target/apidocs/io/protostuff/StringSerializer.html...
Generating /workspaces/master-thesis-pascal-joos/code_cure_agent/cca_workspace/protostuff/protostuff-api/target/apidocs/io/protostuff/StringSerializer.STRING.html...
Generating /workspaces/master-thesis-pascal-joos/code_cure_agent/cca_workspace/protostuff/protostuff-api/target/apidocs/io/protostuff/Tag.html...
Generating /workspaces/master-thesis-pascal-joos/code_cure_agent/cca_workspace/protostuff/protostuff-api/target/apidocs/io/protostuff/UninitializedMessageException.html...
Generating /workspaces/master-thesis-pascal-joos/code_cure_agent/cca_workspace/protostuff/protostuff-api/target/apidocs/io/protostuff/UnsignedNumberUtil.html...
Generating /workspaces/master-thesis-pascal-joos/code_cure_agent/cca_workspace/protostuff/protostuff-api/target/apidocs/io/protostuff/WireFormat.html...
Generating /workspaces/master-thesis-pascal-joos/code_cure_agent/cca_workspace/protostuff/protostuff-api/target/apidocs/io/protostuff/WireFormat.FieldType.html...
Generating /workspaces/master-thesis-pascal-joos/code_cure_agent/cca_workspace/protostuff/protostuff-api/target/apidocs/io/protostuff/WireFormat.JavaType.html...
Generating /workspaces/master-thesis-pascal-joos/code_cure_agent/cca_workspace/protostuff/protostuff-api/target/apidocs/io/protostuff/WriteSession.html...
Generating /workspaces/master-thesis-pascal-joos/code_cure_agent/cca_workspace/protostuff/protostuff-api/target/apidocs/io/protostuff/WriteSession.FlushHandler.html...
Generating /workspaces/master-thesis-pascal-joos/code_cure_agent/cca_workspace/protostuff/protostuff-api/target/apidocs/io/protostuff/WriteSink.html...
Generating /workspaces/master-thesis-pascal-joos/code_cure_agent/cca_workspace/protostuff/protostuff-api/target/apidocs/io/protostuff/package-summary.html...
Generating /workspaces/master-thesis-pascal-joos/code_cure_agent/cca_workspace/protostuff/protostuff-api/target/apidocs/io/protostuff/package-tree.html...
Generating /workspaces/master-thesis-pascal-joos/code_cure_agent/cca_workspace/protostuff/protostuff-api/target/apidocs/constant-values.html...
Generating /workspaces/master-thesis-pascal-joos/code_cure_agent/cca_workspace/protostuff/protostuff-api/target/apidocs/serialized-form.html...
Generating /workspaces/master-thesis-pascal-joos/code_cure_agent/cca_workspace/protostuff/protostuff-api/target/apidocs/io/protostuff/class-use/Service.html...
Generating /workspaces/master-thesis-pascal-joos/code_cure_agent/cca_workspace/protostuff/protostuff-api/target/apidocs/io/protostuff/class-use/Input.html...
Generating /workspaces/master-thesis-pascal-joos/code_cure_agent/cca_workspace/protostuff/protostuff-api/target/apidocs/io/protostuff/class-use/UninitializedMessageException.html...
Generating /workspaces/master-thesis-pascal-joos/code_cure_agent/cca_workspace/protostuff/protostuff-api/target/apidocs/io/protostuff/class-use/UnsignedNumberUtil.html...
Generating /workspaces/master-thesis-pascal-joos/code_cure_agent/cca_workspace/protostuff/protostuff-api/target/apidocs/io/protostuff/class-use/IntSerializer.html...
Generating /workspaces/master-thesis-pascal-joos/code_cure_agent/cca_workspace/protostuff/protostuff-api/target/apidocs/io/protostuff/class-use/NumberParser.html...
Generating /workspaces/master-thesis-pascal-joos/code_cure_agent/cca_workspace/protostuff/protostuff-api/target/apidocs/io/protostuff/class-use/Morph.html...
Generating /workspaces/master-thesis-pascal-joos/code_cure_agent/cca_workspace/protostuff/protostuff-api/target/apidocs/io/protostuff/class-use/Output.html...
Generating /workspaces/master-thesis-pascal-joos/code_cure_agent/cca_workspace/protostuff/protostuff-api/target/apidocs/io/protostuff/class-use/ListAdapter.html...
Generating /workspaces/master-thesis-pascal-joos/code_cure_agent/cca_workspace/protostuff/protostuff-api/target/apidocs/io/protostuff/class-use/ListAdapter.Converter.html...
Generating /workspaces/master-thesis-pascal-joos/code_cure_agent/cca_workspace/protostuff/protostuff-api/target/apidocs/io/protostuff/class-use/Rpc.html...
Generating /workspaces/master-thesis-pascal-joos/code_cure_agent/cca_workspace/protostuff/protostuff-api/target/apidocs/io/protostuff/class-use/Pipe.html...
Generating /workspaces/master-thesis-pascal-joos/code_cure_agent/cca_workspace/protostuff/protostuff-api/target/apidocs/io/protostuff/class-use/Pipe.Schema.html...
Generating /workspaces/master-thesis-pascal-joos/code_cure_agent/cca_workspace/protostuff/protostuff-api/target/apidocs/io/protostuff/class-use/StreamedStringSerializer.html...
Generating /workspaces/master-thesis-pascal-joos/code_cure_agent/cca_workspace/protostuff/protostuff-api/target/apidocs/io/protostuff/class-use/EnumLite.html...
Generating /workspaces/master-thesis-pascal-joos/code_cure_agent/cca_workspace/protostuff/protostuff-api/target/apidocs/io/protostuff/class-use/Exclude.html...
Generating /workspaces/master-thesis-pascal-joos/code_cure_agent/cca_workspace/protostuff/protostuff-api/target/apidocs/io/protostuff/class-use/Schema.html...
Generating /workspaces/master-thesis-pascal-joos/code_cure_agent/cca_workspace/protostuff/protostuff-api/target/apidocs/io/protostuff/class-use/Response.html...
Generating /workspaces/master-thesis-pascal-joos/code_cure_agent/cca_workspace/protostuff/protostuff-api/target/apidocs/io/protostuff/class-use/Tag.html...
Generating /workspaces/master-thesis-pascal-joos/code_cure_agent/cca_workspace/protostuff/protostuff-api/target/apidocs/io/protostuff/class-use/Request.html...
Generating /workspaces/master-thesis-pascal-joos/code_cure_agent/cca_workspace/protostuff/protostuff-api/target/apidocs/io/protostuff/class-use/WriteSession.html...
Generating /workspaces/master-thesis-pascal-joos/code_cure_agent/cca_workspace/protostuff/protostuff-api/target/apidocs/io/protostuff/class-use/WriteSession.FlushHandler.html...
Generating /workspaces/master-thesis-pascal-joos/code_cure_agent/cca_workspace/protostuff/protostuff-api/target/apidocs/io/protostuff/class-use/WriteSink.html...
Generating /workspaces/master-thesis-pascal-joos/code_cure_agent/cca_workspace/protostuff/protostuff-api/target/apidocs/io/protostuff/class-use/FilterOutput.html...
Generating /workspaces/master-thesis-pascal-joos/code_cure_agent/cca_workspace/protostuff/protostuff-api/target/apidocs/io/protostuff/class-use/B64Code.html...
Generating /workspaces/master-thesis-pascal-joos/code_cure_agent/cca_workspace/protostuff/protostuff-api/target/apidocs/io/protostuff/class-use/StringSerializer.html...
Generating /workspaces/master-thesis-pascal-joos/code_cure_agent/cca_workspace/protostuff/protostuff-api/target/apidocs/io/protostuff/class-use/StringSerializer.STRING.html...
Generating /workspaces/master-thesis-pascal-joos/code_cure_agent/cca_workspace/protostuff/protostuff-api/target/apidocs/io/protostuff/class-use/ProtostuffException.html...
Generating /workspaces/master-thesis-pascal-joos/code_cure_agent/cca_workspace/protostuff/protostuff-api/target/apidocs/io/protostuff/class-use/Message.html...
Generating /workspaces/master-thesis-pascal-joos/code_cure_agent/cca_workspace/protostuff/protostuff-api/target/apidocs/io/protostuff/class-use/Builder.html...
Generating /workspaces/master-thesis-pascal-joos/code_cure_agent/cca_workspace/protostuff/protostuff-api/target/apidocs/io/protostuff/class-use/ByteString.html...
Generating /workspaces/master-thesis-pascal-joos/code_cure_agent/cca_workspace/protostuff/protostuff-api/target/apidocs/io/protostuff/class-use/FilterInput.html...
Generating /workspaces/master-thesis-pascal-joos/code_cure_agent/cca_workspace/protostuff/protostuff-api/target/apidocs/io/protostuff/class-use/GraphInput.html...
Generating /workspaces/master-thesis-pascal-joos/code_cure_agent/cca_workspace/protostuff/protostuff-api/target/apidocs/io/protostuff/class-use/WireFormat.html...
Generating /workspaces/master-thesis-pascal-joos/code_cure_agent/cca_workspace/protostuff/protostuff-api/target/apidocs/io/protostuff/class-use/WireFormat.FieldType.html...
Generating /workspaces/master-thesis-pascal-joos/code_cure_agent/cca_workspace/protostuff/protostuff-api/target/apidocs/io/protostuff/class-use/WireFormat.JavaType.html...
Generating /workspaces/master-thesis-pascal-joos/code_cure_agent/cca_workspace/protostuff/protostuff-api/target/apidocs/io/protostuff/class-use/StatefulOutput.html...
Generating /workspaces/master-thesis-pascal-joos/code_cure_agent/cca_workspace/protostuff/protostuff-api/target/apidocs/io/protostuff/class-use/CustomSchema.html...
Generating /workspaces/master-thesis-pascal-joos/code_cure_agent/cca_workspace/protostuff/protostuff-api/target/apidocs/io/protostuff/class-use/LinkedBuffer.html...
Generating /workspaces/master-thesis-pascal-joos/code_cure_agent/cca_workspace/protostuff/protostuff-api/target/apidocs/io/protostuff/package-use.html...
Building index for all the packages and classes...
Generating /workspaces/master-thesis-pascal-joos/code_cure_agent/cca_workspace/protostuff/protostuff-api/target/apidocs/overview-tree.html...
Generating /workspaces/master-thesis-pascal-joos/code_cure_agent/cca_workspace/protostuff/protostuff-api/target/apidocs/index-all.html...
Building index for all classes...
Generating /workspaces/master-thesis-pascal-joos/code_cure_agent/cca_workspace/protostuff/protostuff-api/target/apidocs/allclasses-index.html...
Generating /workspaces/master-thesis-pascal-joos/code_cure_agent/cca_workspace/protostuff/protostuff-api/target/apidocs/allpackages-index.html...
Generating /workspaces/master-thesis-pascal-joos/code_cure_agent/cca_workspace/protostuff/protostuff-api/target/apidocs/deprecated-list.html...
Building index for all classes...
Generating /workspaces/master-thesis-pascal-joos/code_cure_agent/cca_workspace/protostuff/protostuff-api/target/apidocs/allclasses.html...
Generating /workspaces/master-thesis-pascal-joos/code_cure_agent/cca_workspace/protostuff/protostuff-api/target/apidocs/allclasses.html...
Generating /workspaces/master-thesis-pascal-joos/code_cure_agent/cca_workspace/protostuff/protostuff-api/target/apidocs/index.html...
Generating /workspaces/master-thesis-pascal-joos/code_cure_agent/cca_workspace/protostuff/protostuff-api/target/apidocs/help-doc.html...
Note: Custom tags that could override future standard tags:  @phase, @component, @configurator, @goal, @readonly, @requiresDependencyResolution, @created, @parameter, @execute, @required. To avoid potential overrides, use at least one period character (.) in custom tag names.
Note: Custom tags that were not seen:  @phase, @component, @configurator, @goal, @readonly, @requiresDependencyResolution, @parameter, @execute, @required
[INFO] Building jar: /workspaces/master-thesis-pascal-joos/code_cure_agent/cca_workspace/protostuff/protostuff-api/target/protostuff-api-1.8.0-SNAPSHOT-javadoc.jar
[INFO] 
[INFO] --- maven-jar-plugin:2.5:jar (artifact-jar) @ protostuff-api ---
[INFO] 
[INFO] --- maven-jar-plugin:2.5:test-jar (test-jar) @ protostuff-api ---
[INFO] Building jar: /workspaces/master-thesis-pascal-joos/code_cure_agent/cca_workspace/protostuff/protostuff-api/target/protostuff-api-1.8.0-SNAPSHOT-tests.jar
[INFO] 
[INFO] -------------------< io.protostuff:protostuff-core >--------------------
[INFO] Building protostuff :: core 1.8.0-SNAPSHOT                        [3/20]
[INFO] --------------------------------[ jar ]---------------------------------
[INFO] 
[INFO] --- maven-clean-plugin:2.5:clean (default-clean) @ protostuff-core ---
[INFO] 
[INFO] --- maven-enforcer-plugin:1.3.1:enforce (enforce-versions) @ protostuff-core ---
[INFO] 
[INFO] --- maven-resources-plugin:2.6:resources (default-resources) @ protostuff-core ---
[INFO] Using 'UTF-8' encoding to copy filtered resources.
[INFO] skip non existing resourceDirectory /workspaces/master-thesis-pascal-joos/code_cure_agent/cca_workspace/protostuff/protostuff-core/src/main/resources
[INFO] 
[INFO] --- maven-compiler-plugin:3.1:compile (default-compile) @ protostuff-core ---
[INFO] Changes detected - recompiling the module!
[INFO] Compiling 17 source files to /workspaces/master-thesis-pascal-joos/code_cure_agent/cca_workspace/protostuff/protostuff-core/target/classes
[INFO] 
[INFO] --- maven-resources-plugin:2.6:testResources (default-testResources) @ protostuff-core ---
[INFO] Using 'UTF-8' encoding to copy filtered resources.
[INFO] skip non existing resourceDirectory /workspaces/master-thesis-pascal-joos/code_cure_agent/cca_workspace/protostuff/protostuff-core/src/test/resources
[INFO] 
[INFO] --- maven-compiler-plugin:3.1:testCompile (default-testCompile) @ protostuff-core ---
[INFO] Changes detected - recompiling the module!
[INFO] Compiling 47 source files to /workspaces/master-thesis-pascal-joos/code_cure_agent/cca_workspace/protostuff/protostuff-core/target/test-classes
[WARNING] /workspaces/master-thesis-pascal-joos/code_cure_agent/cca_workspace/protostuff/protostuff-core/src/test/java/io/protostuff/SerializableObjects.java: /workspaces/master-thesis-pascal-joos/code_cure_agent/cca_workspace/protostuff/protostuff-core/src/test/java/io/protostuff/SerializableObjects.java uses or overrides a deprecated API.
[WARNING] /workspaces/master-thesis-pascal-joos/code_cure_agent/cca_workspace/protostuff/protostuff-core/src/test/java/io/protostuff/SerializableObjects.java: Recompile with -Xlint:deprecation for details.
[WARNING] /workspaces/master-thesis-pascal-joos/code_cure_agent/cca_workspace/protostuff/protostuff-core/src/test/java/io/protostuff/LowCopyProtobufOutputTest.java: Some input files use unchecked or unsafe operations.
[WARNING] /workspaces/master-thesis-pascal-joos/code_cure_agent/cca_workspace/protostuff/protostuff-core/src/test/java/io/protostuff/LowCopyProtobufOutputTest.java: Recompile with -Xlint:unchecked for details.
[INFO] 
[INFO] --- maven-surefire-plugin:2.12.4:test (default-test) @ protostuff-core ---
[INFO] Tests are skipped.
[INFO] 
[INFO] --- maven-jar-plugin:2.5:jar (default-jar) @ protostuff-core ---
[INFO] Building jar: /workspaces/master-thesis-pascal-joos/code_cure_agent/cca_workspace/protostuff/protostuff-core/target/protostuff-core-1.8.0-SNAPSHOT.jar
[INFO] 
[INFO] >>> maven-source-plugin:2.4:jar (attach-sources) > generate-sources @ protostuff-core >>>
[INFO] 
[INFO] --- maven-enforcer-plugin:1.3.1:enforce (enforce-versions) @ protostuff-core ---
[INFO] 
[INFO] <<< maven-source-plugin:2.4:jar (attach-sources) < generate-sources @ protostuff-core <<<
[INFO] 
[INFO] 
[INFO] --- maven-source-plugin:2.4:jar (attach-sources) @ protostuff-core ---
[INFO] Building jar: /workspaces/master-thesis-pascal-joos/code_cure_agent/cca_workspace/protostuff/protostuff-core/target/protostuff-core-1.8.0-SNAPSHOT-sources.jar
[INFO] 
[INFO] --- maven-javadoc-plugin:2.10.1:jar (attach-javadocs) @ protostuff-core ---
[ERROR] Error fetching link: /workspaces/master-thesis-pascal-joos/code_cure_agent/cca_workspace/protostuff/protostuff-api/target/apidocs/package-list. Ignored it.
[INFO] 
Loading source files for package io.protostuff...
Constructing Javadoc information...
Standard Doclet version 11.0.27
Building tree for all the packages and classes...
Generating /workspaces/master-thesis-pascal-joos/code_cure_agent/cca_workspace/protostuff/protostuff-core/target/apidocs/io/protostuff/ByteArrayInput.html...
Generating /workspaces/master-thesis-pascal-joos/code_cure_agent/cca_workspace/protostuff/protostuff-core/target/apidocs/io/protostuff/ByteBufferInput.html...
Generating /workspaces/master-thesis-pascal-joos/code_cure_agent/cca_workspace/protostuff/protostuff-core/target/apidocs/io/protostuff/CodedInput.html...
Generating /workspaces/master-thesis-pascal-joos/code_cure_agent/cca_workspace/protostuff/protostuff-core/target/apidocs/io/protostuff/GraphByteArrayInput.html...
Generating /workspaces/master-thesis-pascal-joos/code_cure_agent/cca_workspace/protostuff/protostuff-core/target/apidocs/io/protostuff/GraphCodedInput.html...
Generating /workspaces/master-thesis-pascal-joos/code_cure_agent/cca_workspace/protostuff/protostuff-core/target/apidocs/io/protostuff/GraphIOUtil.html...
Generating /workspaces/master-thesis-pascal-joos/code_cure_agent/cca_workspace/protostuff/protostuff-core/target/apidocs/io/protostuff/GraphProtostuffOutput.html...
Generating /workspaces/master-thesis-pascal-joos/code_cure_agent/cca_workspace/protostuff/protostuff-core/target/apidocs/io/protostuff/LimitedInputStream.html...
Generating /workspaces/master-thesis-pascal-joos/code_cure_agent/cca_workspace/protostuff/protostuff-core/target/apidocs/io/protostuff/LinkBuffer.html...
Generating /workspaces/master-thesis-pascal-joos/code_cure_agent/cca_workspace/protostuff/protostuff-core/target/apidocs/io/protostuff/LowCopyProtobufOutput.html...
Generating /workspaces/master-thesis-pascal-joos/code_cure_agent/cca_workspace/protostuff/protostuff-core/target/apidocs/io/protostuff/LowCopyProtostuffOutput.html...
Generating /workspaces/master-thesis-pascal-joos/code_cure_agent/cca_workspace/protostuff/protostuff-core/target/apidocs/io/protostuff/ProtobufException.html...
Generating /workspaces/master-thesis-pascal-joos/code_cure_agent/cca_workspace/protostuff/protostuff-core/target/apidocs/io/protostuff/ProtobufIOUtil.html...
Generating /workspaces/master-thesis-pascal-joos/code_cure_agent/cca_workspace/protostuff/protostuff-core/target/apidocs/io/protostuff/ProtobufOutput.html...
Generating /workspaces/master-thesis-pascal-joos/code_cure_agent/cca_workspace/protostuff/protostuff-core/target/apidocs/io/protostuff/ProtostuffIOUtil.html...
Generating /workspaces/master-thesis-pascal-joos/code_cure_agent/cca_workspace/protostuff/protostuff-core/target/apidocs/io/protostuff/ProtostuffOutput.html...
Generating /workspaces/master-thesis-pascal-joos/code_cure_agent/cca_workspace/protostuff/protostuff-core/target/apidocs/io/protostuff/package-summary.html...
Generating /workspaces/master-thesis-pascal-joos/code_cure_agent/cca_workspace/protostuff/protostuff-core/target/apidocs/io/protostuff/package-tree.html...
Generating /workspaces/master-thesis-pascal-joos/code_cure_agent/cca_workspace/protostuff/protostuff-core/target/apidocs/constant-values.html...
Generating /workspaces/master-thesis-pascal-joos/code_cure_agent/cca_workspace/protostuff/protostuff-core/target/apidocs/serialized-form.html...
Generating /workspaces/master-thesis-pascal-joos/code_cure_agent/cca_workspace/protostuff/protostuff-core/target/apidocs/io/protostuff/class-use/GraphIOUtil.html...
Generating /workspaces/master-thesis-pascal-joos/code_cure_agent/cca_workspace/protostuff/protostuff-core/target/apidocs/io/protostuff/class-use/ProtostuffIOUtil.html...
Generating /workspaces/master-thesis-pascal-joos/code_cure_agent/cca_workspace/protostuff/protostuff-core/target/apidocs/io/protostuff/class-use/LowCopyProtostuffOutput.html...
Generating /workspaces/master-thesis-pascal-joos/code_cure_agent/cca_workspace/protostuff/protostuff-core/target/apidocs/io/protostuff/class-use/LimitedInputStream.html...
Generating /workspaces/master-thesis-pascal-joos/code_cure_agent/cca_workspace/protostuff/protostuff-core/target/apidocs/io/protostuff/class-use/ProtobufOutput.html...
Generating /workspaces/master-thesis-pascal-joos/code_cure_agent/cca_workspace/protostuff/protostuff-core/target/apidocs/io/protostuff/class-use/CodedInput.html...
Generating /workspaces/master-thesis-pascal-joos/code_cure_agent/cca_workspace/protostuff/protostuff-core/target/apidocs/io/protostuff/class-use/ProtostuffOutput.html...
Generating /workspaces/master-thesis-pascal-joos/code_cure_agent/cca_workspace/protostuff/protostuff-core/target/apidocs/io/protostuff/class-use/GraphProtostuffOutput.html...
Generating /workspaces/master-thesis-pascal-joos/code_cure_agent/cca_workspace/protostuff/protostuff-core/target/apidocs/io/protostuff/class-use/ProtobufException.html...
Generating /workspaces/master-thesis-pascal-joos/code_cure_agent/cca_workspace/protostuff/protostuff-core/target/apidocs/io/protostuff/class-use/LinkBuffer.html...
Generating /workspaces/master-thesis-pascal-joos/code_cure_agent/cca_workspace/protostuff/protostuff-core/target/apidocs/io/protostuff/class-use/ByteBufferInput.html...
Generating /workspaces/master-thesis-pascal-joos/code_cure_agent/cca_workspace/protostuff/protostuff-core/target/apidocs/io/protostuff/class-use/LowCopyProtobufOutput.html...
Generating /workspaces/master-thesis-pascal-joos/code_cure_agent/cca_workspace/protostuff/protostuff-core/target/apidocs/io/protostuff/class-use/GraphByteArrayInput.html...
Generating /workspaces/master-thesis-pascal-joos/code_cure_agent/cca_workspace/protostuff/protostuff-core/target/apidocs/io/protostuff/class-use/ProtobufIOUtil.html...
Generating /workspaces/master-thesis-pascal-joos/code_cure_agent/cca_workspace/protostuff/protostuff-core/target/apidocs/io/protostuff/class-use/GraphCodedInput.html...
Generating /workspaces/master-thesis-pascal-joos/code_cure_agent/cca_workspace/protostuff/protostuff-core/target/apidocs/io/protostuff/class-use/ByteArrayInput.html...
Generating /workspaces/master-thesis-pascal-joos/code_cure_agent/cca_workspace/protostuff/protostuff-core/target/apidocs/io/protostuff/package-use.html...
Building index for all the packages and classes...
Generating /workspaces/master-thesis-pascal-joos/code_cure_agent/cca_workspace/protostuff/protostuff-core/target/apidocs/overview-tree.html...
Generating /workspaces/master-thesis-pascal-joos/code_cure_agent/cca_workspace/protostuff/protostuff-core/target/apidocs/index-all.html...
Building index for all classes...
Generating /workspaces/master-thesis-pascal-joos/code_cure_agent/cca_workspace/protostuff/protostuff-core/target/apidocs/allclasses-index.html...
Generating /workspaces/master-thesis-pascal-joos/code_cure_agent/cca_workspace/protostuff/protostuff-core/target/apidocs/allpackages-index.html...
Generating /workspaces/master-thesis-pascal-joos/code_cure_agent/cca_workspace/protostuff/protostuff-core/target/apidocs/deprecated-list.html...
Building index for all classes...
Generating /workspaces/master-thesis-pascal-joos/code_cure_agent/cca_workspace/protostuff/protostuff-core/target/apidocs/allclasses.html...
Generating /workspaces/master-thesis-pascal-joos/code_cure_agent/cca_workspace/protostuff/protostuff-core/target/apidocs/allclasses.html...
Generating /workspaces/master-thesis-pascal-joos/code_cure_agent/cca_workspace/protostuff/protostuff-core/target/apidocs/index.html...
Generating /workspaces/master-thesis-pascal-joos/code_cure_agent/cca_workspace/protostuff/protostuff-core/target/apidocs/help-doc.html...
Note: Custom tags that could override future standard tags:  @phase, @component, @configurator, @goal, @readonly, @requiresDependencyResolution, @created, @parameter, @execute, @required. To avoid potential overrides, use at least one period character (.) in custom tag names.
Note: Custom tags that were not seen:  @phase, @component, @configurator, @goal, @readonly, @requiresDependencyResolution, @parameter, @execute, @required
[INFO] Building jar: /workspaces/master-thesis-pascal-joos/code_cure_agent/cca_workspace/protostuff/protostuff-core/target/protostuff-core-1.8.0-SNAPSHOT-javadoc.jar
[INFO] 
[INFO] --- maven-jar-plugin:2.5:jar (artifact-jar) @ protostuff-core ---
[INFO] 
[INFO] --- maven-jar-plugin:2.5:test-jar (test-jar) @ protostuff-core ---
[INFO] Building jar: /workspaces/master-thesis-pascal-joos/code_cure_agent/cca_workspace/protostuff/protostuff-core/target/protostuff-core-1.8.0-SNAPSHOT-tests.jar
[INFO] 
[INFO] -------------< io.protostuff:protostuff-collectionschema >--------------
[INFO] Building protostuff :: collectionschema 1.8.0-SNAPSHOT            [4/20]
[INFO] --------------------------------[ jar ]---------------------------------
[INFO] 
[INFO] --- maven-clean-plugin:2.5:clean (default-clean) @ protostuff-collectionschema ---
[INFO] 
[INFO] --- maven-enforcer-plugin:1.3.1:enforce (enforce-versions) @ protostuff-collectionschema ---
[INFO] 
[INFO] --- maven-resources-plugin:2.6:resources (default-resources) @ protostuff-collectionschema ---
[INFO] Using 'UTF-8' encoding to copy filtered resources.
[INFO] skip non existing resourceDirectory /workspaces/master-thesis-pascal-joos/code_cure_agent/cca_workspace/protostuff/protostuff-collectionschema/src/main/resources
[INFO] 
[INFO] --- maven-compiler-plugin:3.1:compile (default-compile) @ protostuff-collectionschema ---
[INFO] Changes detected - recompiling the module!
[INFO] Compiling 5 source files to /workspaces/master-thesis-pascal-joos/code_cure_agent/cca_workspace/protostuff/protostuff-collectionschema/target/classes
[INFO] 
[INFO] --- maven-resources-plugin:2.6:testResources (default-testResources) @ protostuff-collectionschema ---
[INFO] Using 'UTF-8' encoding to copy filtered resources.
[INFO] skip non existing resourceDirectory /workspaces/master-thesis-pascal-joos/code_cure_agent/cca_workspace/protostuff/protostuff-collectionschema/src/test/resources
[INFO] 
[INFO] --- maven-compiler-plugin:3.1:testCompile (default-testCompile) @ protostuff-collectionschema ---
[INFO] Changes detected - recompiling the module!
[INFO] Compiling 4 source files to /workspaces/master-thesis-pascal-joos/code_cure_agent/cca_workspace/protostuff/protostuff-collectionschema/target/test-classes
[INFO] 
[INFO] --- maven-surefire-plugin:2.12.4:test (default-test) @ protostuff-collectionschema ---
[INFO] Tests are skipped.
[INFO] 
[INFO] --- maven-jar-plugin:2.5:jar (default-jar) @ protostuff-collectionschema ---
[INFO] Building jar: /workspaces/master-thesis-pascal-joos/code_cure_agent/cca_workspace/protostuff/protostuff-collectionschema/target/protostuff-collectionschema-1.8.0-SNAPSHOT.jar
[INFO] 
[INFO] >>> maven-source-plugin:2.4:jar (attach-sources) > generate-sources @ protostuff-collectionschema >>>
[INFO] 
[INFO] --- maven-enforcer-plugin:1.3.1:enforce (enforce-versions) @ protostuff-collectionschema ---
[INFO] 
[INFO] <<< maven-source-plugin:2.4:jar (attach-sources) < generate-sources @ protostuff-collectionschema <<<
[INFO] 
[INFO] 
[INFO] --- maven-source-plugin:2.4:jar (attach-sources) @ protostuff-collectionschema ---
[INFO] Building jar: /workspaces/master-thesis-pascal-joos/code_cure_agent/cca_workspace/protostuff/protostuff-collectionschema/target/protostuff-collectionschema-1.8.0-SNAPSHOT-sources.jar
[INFO] 
[INFO] --- maven-javadoc-plugin:2.10.1:jar (attach-javadocs) @ protostuff-collectionschema ---
[ERROR] Error fetching link: /workspaces/master-thesis-pascal-joos/code_cure_agent/cca_workspace/protostuff/protostuff-api/target/apidocs/package-list. Ignored it.
[ERROR] Error fetching link: /workspaces/master-thesis-pascal-joos/code_cure_agent/cca_workspace/protostuff/protostuff-core/target/apidocs/package-list. Ignored it.
[INFO] 
Loading source files for package io.protostuff...
Constructing Javadoc information...
Standard Doclet version 11.0.27
Building tree for all the packages and classes...
Generating /workspaces/master-thesis-pascal-joos/code_cure_agent/cca_workspace/protostuff/protostuff-collectionschema/target/apidocs/io/protostuff/CollectionSchema.html...
Generating /workspaces/master-thesis-pascal-joos/code_cure_agent/cca_workspace/protostuff/protostuff-collectionschema/target/apidocs/io/protostuff/CollectionSchema.MessageFactories.html...
Generating /workspaces/master-thesis-pascal-joos/code_cure_agent/cca_workspace/protostuff/protostuff-collectionschema/target/apidocs/io/protostuff/CollectionSchema.MessageFactory.html...
Generating /workspaces/master-thesis-pascal-joos/code_cure_agent/cca_workspace/protostuff/protostuff-collectionschema/target/apidocs/io/protostuff/MapSchema.html...
Generating /workspaces/master-thesis-pascal-joos/code_cure_agent/cca_workspace/protostuff/protostuff-collectionschema/target/apidocs/io/protostuff/MapSchema.MapWrapper.html...
Generating /workspaces/master-thesis-pascal-joos/code_cure_agent/cca_workspace/protostuff/protostuff-collectionschema/target/apidocs/io/protostuff/MapSchema.MessageFactories.html...
Generating /workspaces/master-thesis-pascal-joos/code_cure_agent/cca_workspace/protostuff/protostuff-collectionschema/target/apidocs/io/protostuff/MapSchema.MessageFactory.html...
Generating /workspaces/master-thesis-pascal-joos/code_cure_agent/cca_workspace/protostuff/protostuff-collectionschema/target/apidocs/io/protostuff/MessageCollectionSchema.html...
Generating /workspaces/master-thesis-pascal-joos/code_cure_agent/cca_workspace/protostuff/protostuff-collectionschema/target/apidocs/io/protostuff/MessageMapSchema.html...
Generating /workspaces/master-thesis-pascal-joos/code_cure_agent/cca_workspace/protostuff/protostuff-collectionschema/target/apidocs/io/protostuff/StringMapSchema.html...
Generating /workspaces/master-thesis-pascal-joos/code_cure_agent/cca_workspace/protostuff/protostuff-collectionschema/target/apidocs/io/protostuff/package-summary.html...
Generating /workspaces/master-thesis-pascal-joos/code_cure_agent/cca_workspace/protostuff/protostuff-collectionschema/target/apidocs/io/protostuff/package-tree.html...
Generating /workspaces/master-thesis-pascal-joos/code_cure_agent/cca_workspace/protostuff/protostuff-collectionschema/target/apidocs/constant-values.html...
Generating /workspaces/master-thesis-pascal-joos/code_cure_agent/cca_workspace/protostuff/protostuff-collectionschema/target/apidocs/io/protostuff/class-use/StringMapSchema.html...
Generating /workspaces/master-thesis-pascal-joos/code_cure_agent/cca_workspace/protostuff/protostuff-collectionschema/target/apidocs/io/protostuff/class-use/MessageCollectionSchema.html...
Generating /workspaces/master-thesis-pascal-joos/code_cure_agent/cca_workspace/protostuff/protostuff-collectionschema/target/apidocs/io/protostuff/class-use/MessageMapSchema.html...
Generating /workspaces/master-thesis-pascal-joos/code_cure_agent/cca_workspace/protostuff/protostuff-collectionschema/target/apidocs/io/protostuff/class-use/CollectionSchema.html...
Generating /workspaces/master-thesis-pascal-joos/code_cure_agent/cca_workspace/protostuff/protostuff-collectionschema/target/apidocs/io/protostuff/class-use/CollectionSchema.MessageFactories.html...
Generating /workspaces/master-thesis-pascal-joos/code_cure_agent/cca_workspace/protostuff/protostuff-collectionschema/target/apidocs/io/protostuff/class-use/CollectionSchema.MessageFactory.html...
Generating /workspaces/master-thesis-pascal-joos/code_cure_agent/cca_workspace/protostuff/protostuff-collectionschema/target/apidocs/io/protostuff/class-use/MapSchema.html...
Generating /workspaces/master-thesis-pascal-joos/code_cure_agent/cca_workspace/protostuff/protostuff-collectionschema/target/apidocs/io/protostuff/class-use/MapSchema.MapWrapper.html...
Generating /workspaces/master-thesis-pascal-joos/code_cure_agent/cca_workspace/protostuff/protostuff-collectionschema/target/apidocs/io/protostuff/class-use/MapSchema.MessageFactories.html...
Generating /workspaces/master-thesis-pascal-joos/code_cure_agent/cca_workspace/protostuff/protostuff-collectionschema/target/apidocs/io/protostuff/class-use/MapSchema.MessageFactory.html...
Generating /workspaces/master-thesis-pascal-joos/code_cure_agent/cca_workspace/protostuff/protostuff-collectionschema/target/apidocs/io/protostuff/package-use.html...
Building index for all the packages and classes...
Generating /workspaces/master-thesis-pascal-joos/code_cure_agent/cca_workspace/protostuff/protostuff-collectionschema/target/apidocs/overview-tree.html...
Generating /workspaces/master-thesis-pascal-joos/code_cure_agent/cca_workspace/protostuff/protostuff-collectionschema/target/apidocs/index-all.html...
Building index for all classes...
Generating /workspaces/master-thesis-pascal-joos/code_cure_agent/cca_workspace/protostuff/protostuff-collectionschema/target/apidocs/allclasses-index.html...
Generating /workspaces/master-thesis-pascal-joos/code_cure_agent/cca_workspace/protostuff/protostuff-collectionschema/target/apidocs/allpackages-index.html...
Generating /workspaces/master-thesis-pascal-joos/code_cure_agent/cca_workspace/protostuff/protostuff-collectionschema/target/apidocs/deprecated-list.html...
Building index for all classes...
Generating /workspaces/master-thesis-pascal-joos/code_cure_agent/cca_workspace/protostuff/protostuff-collectionschema/target/apidocs/allclasses.html...
Generating /workspaces/master-thesis-pascal-joos/code_cure_agent/cca_workspace/protostuff/protostuff-collectionschema/target/apidocs/allclasses.html...
Generating /workspaces/master-thesis-pascal-joos/code_cure_agent/cca_workspace/protostuff/protostuff-collectionschema/target/apidocs/index.html...
Generating /workspaces/master-thesis-pascal-joos/code_cure_agent/cca_workspace/protostuff/protostuff-collectionschema/target/apidocs/help-doc.html...
Note: Custom tags that could override future standard tags:  @phase, @component, @configurator, @goal, @readonly, @requiresDependencyResolution, @created, @parameter, @execute, @required. To avoid potential overrides, use at least one period character (.) in custom tag names.
Note: Custom tags that were not seen:  @phase, @component, @configurator, @goal, @readonly, @requiresDependencyResolution, @parameter, @execute, @required
[INFO] Building jar: /workspaces/master-thesis-pascal-joos/code_cure_agent/cca_workspace/protostuff/protostuff-collectionschema/target/protostuff-collectionschema-1.8.0-SNAPSHOT-javadoc.jar
[INFO] 
[INFO] --- maven-jar-plugin:2.5:jar (artifact-jar) @ protostuff-collectionschema ---
[INFO] 
[INFO] --- maven-jar-plugin:2.5:test-jar (test-jar) @ protostuff-collectionschema ---
[INFO] Building jar: /workspaces/master-thesis-pascal-joos/code_cure_agent/cca_workspace/protostuff/protostuff-collectionschema/target/protostuff-collectionschema-1.8.0-SNAPSHOT-tests.jar
[INFO] 
[INFO] ------------------< io.protostuff:protostuff-runtime >------------------
[INFO] Building protostuff :: runtime 1.8.0-SNAPSHOT                     [5/20]
[INFO] --------------------------------[ jar ]---------------------------------
[INFO] 
[INFO] --- maven-clean-plugin:2.5:clean (default-clean) @ protostuff-runtime ---
[INFO] 
[INFO] --- maven-enforcer-plugin:1.3.1:enforce (enforce-versions) @ protostuff-runtime ---
[INFO] 
[INFO] --- maven-resources-plugin:2.6:resources (default-resources) @ protostuff-runtime ---
[INFO] Using 'UTF-8' encoding to copy filtered resources.
[INFO] skip non existing resourceDirectory /workspaces/master-thesis-pascal-joos/code_cure_agent/cca_workspace/protostuff/protostuff-runtime/src/main/resources
[INFO] 
[INFO] --- maven-compiler-plugin:3.1:compile (default-compile) @ protostuff-runtime ---
[INFO] Changes detected - recompiling the module!
[INFO] Compiling 43 source files to /workspaces/master-thesis-pascal-joos/code_cure_agent/cca_workspace/protostuff/protostuff-runtime/target/classes
[INFO] -------------------------------------------------------------
[WARNING] COMPILATION WARNING : 
[INFO] -------------------------------------------------------------
[WARNING] /workspaces/master-thesis-pascal-joos/code_cure_agent/cca_workspace/protostuff/protostuff-runtime/src/main/java/io/protostuff/runtime/OnDemandSunReflectionFactory.java:[40,44] sun.reflect.ReflectionFactory is internal proprietary API and may be removed in a future release
[WARNING] /workspaces/master-thesis-pascal-joos/code_cure_agent/cca_workspace/protostuff/protostuff-runtime/src/main/java/io/protostuff/runtime/RuntimeUnsafeFieldFactory.java:[60,26] sun.misc.Unsafe is internal proprietary API and may be removed in a future release
[WARNING] /workspaces/master-thesis-pascal-joos/code_cure_agent/cca_workspace/protostuff/protostuff-runtime/src/main/java/io/protostuff/runtime/RuntimeUnsafeFieldFactory.java:[62,28] sun.misc.Unsafe is internal proprietary API and may be removed in a future release
[WARNING] /workspaces/master-thesis-pascal-joos/code_cure_agent/cca_workspace/protostuff/protostuff-runtime/src/main/java/io/protostuff/runtime/RuntimeUnsafeFieldFactory.java:[66,49] sun.misc.Unsafe is internal proprietary API and may be removed in a future release
[WARNING] /workspaces/master-thesis-pascal-joos/code_cure_agent/cca_workspace/protostuff/protostuff-runtime/src/main/java/io/protostuff/runtime/RuntimeUnsafeFieldFactory.java:[71,29] sun.misc.Unsafe is internal proprietary API and may be removed in a future release
[WARNING] /workspaces/master-thesis-pascal-joos/code_cure_agent/cca_workspace/protostuff/protostuff-runtime/src/main/java/io/protostuff/runtime/RuntimeUnsafeFieldFactory.java:[86,24] sun.misc.Unsafe is internal proprietary API and may be removed in a future release
[WARNING] /workspaces/master-thesis-pascal-joos/code_cure_agent/cca_workspace/protostuff/protostuff-runtime/src/main/java/io/protostuff/runtime/IdStrategy.java: Some input files use or override a deprecated API.
[WARNING] /workspaces/master-thesis-pascal-joos/code_cure_agent/cca_workspace/protostuff/protostuff-runtime/src/main/java/io/protostuff/runtime/IdStrategy.java: Recompile with -Xlint:deprecation for details.
[INFO] 8 warnings 
[INFO] -------------------------------------------------------------
[INFO] -------------------------------------------------------------
[ERROR] COMPILATION ERROR : 
[INFO] -------------------------------------------------------------
[ERROR] /workspaces/master-thesis-pascal-joos/code_cure_agent/cca_workspace/protostuff/protostuff-runtime/src/main/java/io/protostuff/runtime/ArraySchema.java:[179,58] cannot find symbol
  symbol:   variable ARRAY_SCHEMA
  location: variable strategy of type io.protostuff.runtime.IdStrategy
[ERROR] /workspaces/master-thesis-pascal-joos/code_cure_agent/cca_workspace/protostuff/protostuff-runtime/src/main/java/io/protostuff/runtime/ArraySchema.java:[183,17] cannot find symbol
  symbol:   variable ARRAY_SCHEMA
  location: variable strategy of type io.protostuff.runtime.IdStrategy
[ERROR] /workspaces/master-thesis-pascal-joos/code_cure_agent/cca_workspace/protostuff/protostuff-runtime/src/main/java/io/protostuff/runtime/ArraySchema.java:[214,17] cannot find symbol
  symbol:   variable COLLECTION_SCHEMA
  location: variable strategy of type io.protostuff.runtime.IdStrategy
[ERROR] /workspaces/master-thesis-pascal-joos/code_cure_agent/cca_workspace/protostuff/protostuff-runtime/src/main/java/io/protostuff/runtime/ObjectSchema.java:[400,58] cannot find symbol
  symbol:   variable ARRAY_PIPE_SCHEMA
  location: variable strategy of type io.protostuff.runtime.IdStrategy
[ERROR] /workspaces/master-thesis-pascal-joos/code_cure_agent/cca_workspace/protostuff/protostuff-runtime/src/main/java/io/protostuff/runtime/ObjectSchema.java:[403,37] cannot find symbol
  symbol:   variable ARRAY_PIPE_SCHEMA
  location: variable strategy of type io.protostuff.runtime.IdStrategy
[ERROR] /workspaces/master-thesis-pascal-joos/code_cure_agent/cca_workspace/protostuff/protostuff-runtime/src/main/java/io/protostuff/runtime/ObjectSchema.java:[500,25] cannot find symbol
  symbol:   variable COLLECTION_SCHEMA
  location: variable strategy of type io.protostuff.runtime.IdStrategy
[ERROR] /workspaces/master-thesis-pascal-joos/code_cure_agent/cca_workspace/protostuff/protostuff-runtime/src/main/java/io/protostuff/runtime/ObjectSchema.java:[523,25] cannot find symbol
  symbol:   variable COLLECTION_SCHEMA
  location: variable strategy of type io.protostuff.runtime.IdStrategy
[ERROR] /workspaces/master-thesis-pascal-joos/code_cure_agent/cca_workspace/protostuff/protostuff-runtime/src/main/java/io/protostuff/runtime/ObjectSchema.java:[562,25] cannot find symbol
  symbol:   variable COLLECTION_SCHEMA
  location: variable strategy of type io.protostuff.runtime.IdStrategy
[ERROR] /workspaces/master-thesis-pascal-joos/code_cure_agent/cca_workspace/protostuff/protostuff-runtime/src/main/java/io/protostuff/runtime/ObjectSchema.java:[576,25] cannot find symbol
  symbol:   variable MAP_SCHEMA
  location: variable strategy of type io.protostuff.runtime.IdStrategy
[ERROR] /workspaces/master-thesis-pascal-joos/code_cure_agent/cca_workspace/protostuff/protostuff-runtime/src/main/java/io/protostuff/runtime/ObjectSchema.java:[591,25] cannot find symbol
  symbol:   variable COLLECTION_SCHEMA
  location: variable strategy of type io.protostuff.runtime.IdStrategy
[ERROR] /workspaces/master-thesis-pascal-joos/code_cure_agent/cca_workspace/protostuff/protostuff-runtime/src/main/java/io/protostuff/runtime/ObjectSchema.java:[606,25] cannot find symbol
  symbol:   variable MAP_SCHEMA
  location: variable strategy of type io.protostuff.runtime.IdStrategy
[ERROR] /workspaces/master-thesis-pascal-joos/code_cure_agent/cca_workspace/protostuff/protostuff-runtime/src/main/java/io/protostuff/runtime/ObjectSchema.java:[616,33] cannot find symbol
  symbol:   variable POLYMORPHIC_COLLECTION_SCHEMA
  location: variable strategy of type io.protostuff.runtime.IdStrategy
[ERROR] /workspaces/master-thesis-pascal-joos/code_cure_agent/cca_workspace/protostuff/protostuff-runtime/src/main/java/io/protostuff/runtime/ObjectSchema.java:[632,33] cannot find symbol
  symbol:   variable POLYMORPHIC_MAP_SCHEMA
  location: variable strategy of type io.protostuff.runtime.IdStrategy
[ERROR] /workspaces/master-thesis-pascal-joos/code_cure_agent/cca_workspace/protostuff/protostuff-runtime/src/main/java/io/protostuff/runtime/ObjectSchema.java:[830,37] cannot find symbol
  symbol:   variable POLYMORPHIC_MAP_SCHEMA
  location: variable strategy of type io.protostuff.runtime.IdStrategy
[ERROR] /workspaces/master-thesis-pascal-joos/code_cure_agent/cca_workspace/protostuff/protostuff-runtime/src/main/java/io/protostuff/runtime/ObjectSchema.java:[834,33] cannot find symbol
  symbol:   variable POLYMORPHIC_MAP_SCHEMA
  location: variable strategy of type io.protostuff.runtime.IdStrategy
[ERROR] /workspaces/master-thesis-pascal-joos/code_cure_agent/cca_workspace/protostuff/protostuff-runtime/src/main/java/io/protostuff/runtime/ObjectSchema.java:[851,62] cannot find symbol
  symbol:   variable MAP_SCHEMA
  location: variable strategy of type io.protostuff.runtime.IdStrategy
[ERROR] /workspaces/master-thesis-pascal-joos/code_cure_agent/cca_workspace/protostuff/protostuff-runtime/src/main/java/io/protostuff/runtime/ObjectSchema.java:[854,21] cannot find symbol
  symbol:   variable MAP_SCHEMA
  location: variable strategy of type io.protostuff.runtime.IdStrategy
[ERROR] /workspaces/master-thesis-pascal-joos/code_cure_agent/cca_workspace/protostuff/protostuff-runtime/src/main/java/io/protostuff/runtime/ObjectSchema.java:[868,37] cannot find symbol
  symbol:   variable POLYMORPHIC_COLLECTION_SCHEMA
  location: variable strategy of type io.protostuff.runtime.IdStrategy
[ERROR] /workspaces/master-thesis-pascal-joos/code_cure_agent/cca_workspace/protostuff/protostuff-runtime/src/main/java/io/protostuff/runtime/ObjectSchema.java:[872,33] cannot find symbol
  symbol:   variable POLYMORPHIC_COLLECTION_SCHEMA
  location: variable strategy of type io.protostuff.runtime.IdStrategy
[ERROR] /workspaces/master-thesis-pascal-joos/code_cure_agent/cca_workspace/protostuff/protostuff-runtime/src/main/java/io/protostuff/runtime/ObjectSchema.java:[889,62] cannot find symbol
  symbol:   variable COLLECTION_SCHEMA
  location: variable strategy of type io.protostuff.runtime.IdStrategy
[ERROR] /workspaces/master-thesis-pascal-joos/code_cure_agent/cca_workspace/protostuff/protostuff-runtime/src/main/java/io/protostuff/runtime/ObjectSchema.java:[892,21] cannot find symbol
  symbol:   variable COLLECTION_SCHEMA
  location: variable strategy of type io.protostuff.runtime.IdStrategy
[ERROR] /workspaces/master-thesis-pascal-joos/code_cure_agent/cca_workspace/protostuff/protostuff-runtime/src/main/java/io/protostuff/runtime/ObjectSchema.java:[930,58] cannot find symbol
  symbol:   variable ARRAY_SCHEMA
  location: variable strategy of type io.protostuff.runtime.IdStrategy
[ERROR] /workspaces/master-thesis-pascal-joos/code_cure_agent/cca_workspace/protostuff/protostuff-runtime/src/main/java/io/protostuff/runtime/ObjectSchema.java:[933,17] cannot find symbol
  symbol:   variable ARRAY_SCHEMA
  location: variable strategy of type io.protostuff.runtime.IdStrategy
[ERROR] /workspaces/master-thesis-pascal-joos/code_cure_agent/cca_workspace/protostuff/protostuff-runtime/src/main/java/io/protostuff/runtime/ObjectSchema.java:[1146,66] cannot find symbol
  symbol:   variable COLLECTION_PIPE_SCHEMA
  location: variable strategy of type io.protostuff.runtime.IdStrategy
[ERROR] /workspaces/master-thesis-pascal-joos/code_cure_agent/cca_workspace/protostuff/protostuff-runtime/src/main/java/io/protostuff/runtime/ObjectSchema.java:[1149,45] cannot find symbol
  symbol:   variable COLLECTION_PIPE_SCHEMA
  location: variable strategy of type io.protostuff.runtime.IdStrategy
[ERROR] /workspaces/master-thesis-pascal-joos/code_cure_agent/cca_workspace/protostuff/protostuff-runtime/src/main/java/io/protostuff/runtime/ObjectSchema.java:[1160,66] cannot find symbol
  symbol:   variable MAP_PIPE_SCHEMA
  location: variable strategy of type io.protostuff.runtime.IdStrategy
[ERROR] /workspaces/master-thesis-pascal-joos/code_cure_agent/cca_workspace/protostuff/protostuff-runtime/src/main/java/io/protostuff/runtime/ObjectSchema.java:[1163,45] cannot find symbol
  symbol:   variable MAP_PIPE_SCHEMA
  location: variable strategy of type io.protostuff.runtime.IdStrategy
[ERROR] /workspaces/master-thesis-pascal-joos/code_cure_agent/cca_workspace/protostuff/protostuff-runtime/src/main/java/io/protostuff/runtime/ObjectSchema.java:[1174,66] cannot find symbol
  symbol:   variable COLLECTION_PIPE_SCHEMA
  location: variable strategy of type io.protostuff.runtime.IdStrategy
[ERROR] /workspaces/master-thesis-pascal-joos/code_cure_agent/cca_workspace/protostuff/protostuff-runtime/src/main/java/io/protostuff/runtime/ObjectSchema.java:[1177,45] cannot find symbol
  symbol:   variable COLLECTION_PIPE_SCHEMA
  location: variable strategy of type io.protostuff.runtime.IdStrategy
[ERROR] /workspaces/master-thesis-pascal-joos/code_cure_agent/cca_workspace/protostuff/protostuff-runtime/src/main/java/io/protostuff/runtime/ObjectSchema.java:[1188,66] cannot find symbol
  symbol:   variable MAP_PIPE_SCHEMA
  location: variable strategy of type io.protostuff.runtime.IdStrategy
[ERROR] /workspaces/master-thesis-pascal-joos/code_cure_agent/cca_workspace/protostuff/protostuff-runtime/src/main/java/io/protostuff/runtime/ObjectSchema.java:[1191,45] cannot find symbol
  symbol:   variable MAP_PIPE_SCHEMA
  location: variable strategy of type io.protostuff.runtime.IdStrategy
[ERROR] /workspaces/master-thesis-pascal-joos/code_cure_agent/cca_workspace/protostuff/protostuff-runtime/src/main/java/io/protostuff/runtime/ObjectSchema.java:[1205,37] cannot find symbol
  symbol:   variable POLYMORPHIC_COLLECTION_PIPE_SCHEMA
  location: variable strategy of type io.protostuff.runtime.IdStrategy
[ERROR] /workspaces/master-thesis-pascal-joos/code_cure_agent/cca_workspace/protostuff/protostuff-runtime/src/main/java/io/protostuff/runtime/ObjectSchema.java:[1208,45] cannot find symbol
  symbol:   variable POLYMORPHIC_COLLECTION_PIPE_SCHEMA
  location: variable strategy of type io.protostuff.runtime.IdStrategy
[ERROR] /workspaces/master-thesis-pascal-joos/code_cure_agent/cca_workspace/protostuff/protostuff-runtime/src/main/java/io/protostuff/runtime/ObjectSchema.java:[1223,37] cannot find symbol
  symbol:   variable POLYMORPHIC_MAP_PIPE_SCHEMA
  location: variable strategy of type io.protostuff.runtime.IdStrategy
[ERROR] /workspaces/master-thesis-pascal-joos/code_cure_agent/cca_workspace/protostuff/protostuff-runtime/src/main/java/io/protostuff/runtime/ObjectSchema.java:[1226,45] cannot find symbol
  symbol:   variable POLYMORPHIC_MAP_PIPE_SCHEMA
  location: variable strategy of type io.protostuff.runtime.IdStrategy
[ERROR] /workspaces/master-thesis-pascal-joos/code_cure_agent/cca_workspace/protostuff/protostuff-runtime/src/main/java/io/protostuff/runtime/IdStrategy.java:[491,54] cannot find symbol
  symbol: variable DYNAMIC_VALUE_SCHEMA
[ERROR] /workspaces/master-thesis-pascal-joos/code_cure_agent/cca_workspace/protostuff/protostuff-runtime/src/main/java/io/protostuff/runtime/IdStrategy.java:[503,9] cannot find symbol
  symbol:   variable COLLECTION_PIPE_SCHEMA
  location: class io.protostuff.runtime.IdStrategy
[ERROR] /workspaces/master-thesis-pascal-joos/code_cure_agent/cca_workspace/protostuff/protostuff-runtime/src/main/java/io/protostuff/runtime/IdStrategy.java:[504,17] cannot find symbol
  symbol:   variable COLLECTION_SCHEMA
  location: class io.protostuff.runtime.IdStrategy
[ERROR] /workspaces/master-thesis-pascal-joos/code_cure_agent/cca_workspace/protostuff/protostuff-runtime/src/main/java/io/protostuff/runtime/IdStrategy.java:[518,62] cannot find symbol
  symbol: variable DYNAMIC_VALUE_PIPE_SCHEMA
[ERROR] /workspaces/master-thesis-pascal-joos/code_cure_agent/cca_workspace/protostuff/protostuff-runtime/src/main/java/io/protostuff/runtime/IdStrategy.java:[532,9] cannot find symbol
  symbol:   variable ARRAY_SCHEMA
  location: class io.protostuff.runtime.IdStrategy
[ERROR] /workspaces/master-thesis-pascal-joos/code_cure_agent/cca_workspace/protostuff/protostuff-runtime/src/main/java/io/protostuff/runtime/IdStrategy.java:[598,54] cannot find symbol
  symbol: variable DYNAMIC_VALUE_SCHEMA
[ERROR] /workspaces/master-thesis-pascal-joos/code_cure_agent/cca_workspace/protostuff/protostuff-runtime/src/main/java/io/protostuff/runtime/IdStrategy.java:[610,9] cannot find symbol
  symbol:   variable ARRAY_PIPE_SCHEMA
  location: class io.protostuff.runtime.IdStrategy
[ERROR] /workspaces/master-thesis-pascal-joos/code_cure_agent/cca_workspace/protostuff/protostuff-runtime/src/main/java/io/protostuff/runtime/IdStrategy.java:[611,17] cannot find symbol
  symbol:   variable ARRAY_SCHEMA
  location: class io.protostuff.runtime.IdStrategy
[ERROR] /workspaces/master-thesis-pascal-joos/code_cure_agent/cca_workspace/protostuff/protostuff-runtime/src/main/java/io/protostuff/runtime/IdStrategy.java:[625,62] cannot find symbol
  symbol: variable DYNAMIC_VALUE_PIPE_SCHEMA
[ERROR] /workspaces/master-thesis-pascal-joos/code_cure_agent/cca_workspace/protostuff/protostuff-runtime/src/main/java/io/protostuff/runtime/IdStrategy.java:[638,9] cannot find symbol
  symbol:   variable MAP_SCHEMA
  location: class io.protostuff.runtime.IdStrategy
[ERROR] /workspaces/master-thesis-pascal-joos/code_cure_agent/cca_workspace/protostuff/protostuff-runtime/src/main/java/io/protostuff/runtime/IdStrategy.java:[701,67] cannot find symbol
  symbol: variable ENTRY_SCHEMA
[ERROR] /workspaces/master-thesis-pascal-joos/code_cure_agent/cca_workspace/protostuff/protostuff-runtime/src/main/java/io/protostuff/runtime/IdStrategy.java:[725,50] cannot find symbol
  symbol: variable ENTRY_SCHEMA
[ERROR] /workspaces/master-thesis-pascal-joos/code_cure_agent/cca_workspace/protostuff/protostuff-runtime/src/main/java/io/protostuff/runtime/IdStrategy.java:[730,9] cannot find symbol
  symbol:   variable MAP_PIPE_SCHEMA
  location: class io.protostuff.runtime.IdStrategy
[ERROR] /workspaces/master-thesis-pascal-joos/code_cure_agent/cca_workspace/protostuff/protostuff-runtime/src/main/java/io/protostuff/runtime/IdStrategy.java:[731,17] cannot find symbol
  symbol:   variable MAP_SCHEMA
  location: class io.protostuff.runtime.IdStrategy
[ERROR] /workspaces/master-thesis-pascal-joos/code_cure_agent/cca_workspace/protostuff/protostuff-runtime/src/main/java/io/protostuff/runtime/IdStrategy.java:[745,62] cannot find symbol
  symbol: variable ENTRY_PIPE_SCHEMA
[ERROR] /workspaces/master-thesis-pascal-joos/code_cure_agent/cca_workspace/protostuff/protostuff-runtime/src/main/java/io/protostuff/runtime/IdStrategy.java:[754,9] cannot find symbol
  symbol:   variable ENTRY_SCHEMA
  location: class io.protostuff.runtime.IdStrategy
[ERROR] /workspaces/master-thesis-pascal-joos/code_cure_agent/cca_workspace/protostuff/protostuff-runtime/src/main/java/io/protostuff/runtime/IdStrategy.java:[839,60] cannot find symbol
  symbol: variable DYNAMIC_VALUE_SCHEMA
[ERROR] /workspaces/master-thesis-pascal-joos/code_cure_agent/cca_workspace/protostuff/protostuff-runtime/src/main/java/io/protostuff/runtime/IdStrategy.java:[858,62] cannot find symbol
  symbol: variable DYNAMIC_VALUE_SCHEMA
[ERROR] /workspaces/master-thesis-pascal-joos/code_cure_agent/cca_workspace/protostuff/protostuff-runtime/src/main/java/io/protostuff/runtime/IdStrategy.java:[883,48] cannot find symbol
  symbol: variable DYNAMIC_VALUE_SCHEMA
[ERROR] /workspaces/master-thesis-pascal-joos/code_cure_agent/cca_workspace/protostuff/protostuff-runtime/src/main/java/io/protostuff/runtime/IdStrategy.java:[886,50] cannot find symbol
  symbol: variable DYNAMIC_VALUE_SCHEMA
[ERROR] /workspaces/master-thesis-pascal-joos/code_cure_agent/cca_workspace/protostuff/protostuff-runtime/src/main/java/io/protostuff/runtime/IdStrategy.java:[890,9] cannot find symbol
  symbol:   variable ENTRY_PIPE_SCHEMA
  location: class io.protostuff.runtime.IdStrategy
[ERROR] /workspaces/master-thesis-pascal-joos/code_cure_agent/cca_workspace/protostuff/protostuff-runtime/src/main/java/io/protostuff/runtime/IdStrategy.java:[891,17] cannot find symbol
  symbol:   variable ENTRY_SCHEMA
  location: class io.protostuff.runtime.IdStrategy
[ERROR] /workspaces/master-thesis-pascal-joos/code_cure_agent/cca_workspace/protostuff/protostuff-runtime/src/main/java/io/protostuff/runtime/IdStrategy.java:[905,62] cannot find symbol
  symbol: variable DYNAMIC_VALUE_PIPE_SCHEMA
[ERROR] /workspaces/master-thesis-pascal-joos/code_cure_agent/cca_workspace/protostuff/protostuff-runtime/src/main/java/io/protostuff/runtime/IdStrategy.java:[909,62] cannot find symbol
  symbol: variable DYNAMIC_VALUE_PIPE_SCHEMA
[ERROR] /workspaces/master-thesis-pascal-joos/code_cure_agent/cca_workspace/protostuff/protostuff-runtime/src/main/java/io/protostuff/runtime/IdStrategy.java:[919,9] cannot find symbol
  symbol:   variable OBJECT_SCHEMA
  location: class io.protostuff.runtime.IdStrategy
[ERROR] /workspaces/master-thesis-pascal-joos/code_cure_agent/cca_workspace/protostuff/protostuff-runtime/src/main/java/io/protostuff/runtime/IdStrategy.java:[978,9] cannot find symbol
  symbol:   variable OBJECT_PIPE_SCHEMA
  location: class io.protostuff.runtime.IdStrategy
[ERROR] /workspaces/master-thesis-pascal-joos/code_cure_agent/cca_workspace/protostuff/protostuff-runtime/src/main/java/io/protostuff/runtime/IdStrategy.java:[979,17] cannot find symbol
  symbol:   variable OBJECT_SCHEMA
  location: class io.protostuff.runtime.IdStrategy
[ERROR] /workspaces/master-thesis-pascal-joos/code_cure_agent/cca_workspace/protostuff/protostuff-runtime/src/main/java/io/protostuff/runtime/IdStrategy.java:[990,9] cannot find symbol
  symbol:   variable CLASS_SCHEMA
  location: class io.protostuff.runtime.IdStrategy
[ERROR] /workspaces/master-thesis-pascal-joos/code_cure_agent/cca_workspace/protostuff/protostuff-runtime/src/main/java/io/protostuff/runtime/IdStrategy.java:[1049,9] cannot find symbol
  symbol:   variable CLASS_PIPE_SCHEMA
  location: class io.protostuff.runtime.IdStrategy
[ERROR] /workspaces/master-thesis-pascal-joos/code_cure_agent/cca_workspace/protostuff/protostuff-runtime/src/main/java/io/protostuff/runtime/IdStrategy.java:[1050,17] cannot find symbol
  symbol:   variable CLASS_SCHEMA
  location: class io.protostuff.runtime.IdStrategy
[ERROR] /workspaces/master-thesis-pascal-joos/code_cure_agent/cca_workspace/protostuff/protostuff-runtime/src/main/java/io/protostuff/runtime/IdStrategy.java:[1061,9] cannot find symbol
  symbol:   variable POLYMORPHIC_COLLECTION_SCHEMA
  location: class io.protostuff.runtime.IdStrategy
[ERROR] /workspaces/master-thesis-pascal-joos/code_cure_agent/cca_workspace/protostuff/protostuff-runtime/src/main/java/io/protostuff/runtime/IdStrategy.java:[1121,9] cannot find symbol
  symbol:   variable POLYMORPHIC_COLLECTION_PIPE_SCHEMA
  location: class io.protostuff.runtime.IdStrategy
[ERROR] /workspaces/master-thesis-pascal-joos/code_cure_agent/cca_workspace/protostuff/protostuff-runtime/src/main/java/io/protostuff/runtime/IdStrategy.java:[1122,17] cannot find symbol
  symbol:   variable POLYMORPHIC_COLLECTION_SCHEMA
  location: class io.protostuff.runtime.IdStrategy
[ERROR] /workspaces/master-thesis-pascal-joos/code_cure_agent/cca_workspace/protostuff/protostuff-runtime/src/main/java/io/protostuff/runtime/IdStrategy.java:[1133,9] cannot find symbol
  symbol:   variable POLYMORPHIC_MAP_SCHEMA
  location: class io.protostuff.runtime.IdStrategy
[ERROR] /workspaces/master-thesis-pascal-joos/code_cure_agent/cca_workspace/protostuff/protostuff-runtime/src/main/java/io/protostuff/runtime/IdStrategy.java:[1193,9] cannot find symbol
  symbol:   variable POLYMORPHIC_MAP_PIPE_SCHEMA
  location: class io.protostuff.runtime.IdStrategy
[ERROR] /workspaces/master-thesis-pascal-joos/code_cure_agent/cca_workspace/protostuff/protostuff-runtime/src/main/java/io/protostuff/runtime/IdStrategy.java:[1194,17] cannot find symbol
  symbol:   variable POLYMORPHIC_MAP_SCHEMA
  location: class io.protostuff.runtime.IdStrategy
[ERROR] /workspaces/master-thesis-pascal-joos/code_cure_agent/cca_workspace/protostuff/protostuff-runtime/src/main/java/io/protostuff/runtime/IdStrategy.java:[1205,9] cannot find symbol
  symbol:   variable ARRAY_BOOL_PRIMITIVE_SCHEMA
  location: class io.protostuff.runtime.IdStrategy
[ERROR] /workspaces/master-thesis-pascal-joos/code_cure_agent/cca_workspace/protostuff/protostuff-runtime/src/main/java/io/protostuff/runtime/IdStrategy.java:[1208,9] cannot find symbol
  symbol:   variable ARRAY_BOOL_BOXED_SCHEMA
  location: class io.protostuff.runtime.IdStrategy
[ERROR] /workspaces/master-thesis-pascal-joos/code_cure_agent/cca_workspace/protostuff/protostuff-runtime/src/main/java/io/protostuff/runtime/IdStrategy.java:[1211,9] cannot find symbol
  symbol:   variable ARRAY_BOOL_DERIVED_SCHEMA
  location: class io.protostuff.runtime.IdStrategy
[ERROR] /workspaces/master-thesis-pascal-joos/code_cure_agent/cca_workspace/protostuff/protostuff-runtime/src/main/java/io/protostuff/runtime/ArraySchemas.java:[117,33] cannot find symbol
  symbol:   variable ARRAY_BOOL_PRIMITIVE_SCHEMA
  location: variable strategy of type io.protostuff.runtime.IdStrategy
[ERROR] /workspaces/master-thesis-pascal-joos/code_cure_agent/cca_workspace/protostuff/protostuff-runtime/src/main/java/io/protostuff/runtime/ArraySchemas.java:[117,72] cannot find symbol
  symbol:   variable ARRAY_BOOL_BOXED_SCHEMA
  location: variable strategy of type io.protostuff.runtime.IdStrategy
[ERROR] /workspaces/master-thesis-pascal-joos/code_cure_agent/cca_workspace/protostuff/protostuff-runtime/src/main/java/io/protostuff/runtime/ArraySchemas.java:[120,33] cannot find symbol
  symbol:   variable ARRAY_CHAR_PRIMITIVE_SCHEMA
  location: variable strategy of type io.protostuff.runtime.IdStrategy
[ERROR] /workspaces/master-thesis-pascal-joos/code_cure_agent/cca_workspace/protostuff/protostuff-runtime/src/main/java/io/protostuff/runtime/ArraySchemas.java:[120,72] cannot find symbol
  symbol:   variable ARRAY_CHAR_BOXED_SCHEMA
  location: variable strategy of type io.protostuff.runtime.IdStrategy
[ERROR] /workspaces/master-thesis-pascal-joos/code_cure_agent/cca_workspace/protostuff/protostuff-runtime/src/main/java/io/protostuff/runtime/ArraySchemas.java:[123,33] cannot find symbol
  symbol:   variable ARRAY_SHORT_PRIMITIVE_SCHEMA
  location: variable strategy of type io.protostuff.runtime.IdStrategy
[ERROR] /workspaces/master-thesis-pascal-joos/code_cure_agent/cca_workspace/protostuff/protostuff-runtime/src/main/java/io/protostuff/runtime/ArraySchemas.java:[123,73] cannot find symbol
  symbol:   variable ARRAY_SHORT_BOXED_SCHEMA
  location: variable strategy of type io.protostuff.runtime.IdStrategy
[ERROR] /workspaces/master-thesis-pascal-joos/code_cure_agent/cca_workspace/protostuff/protostuff-runtime/src/main/java/io/protostuff/runtime/ArraySchemas.java:[126,33] cannot find symbol
  symbol:   variable ARRAY_INT32_PRIMITIVE_SCHEMA
  location: variable strategy of type io.protostuff.runtime.IdStrategy
[ERROR] /workspaces/master-thesis-pascal-joos/code_cure_agent/cca_workspace/protostuff/protostuff-runtime/src/main/java/io/protostuff/runtime/ArraySchemas.java:[126,73] cannot find symbol
  symbol:   variable ARRAY_INT32_BOXED_SCHEMA
  location: variable strategy of type io.protostuff.runtime.IdStrategy
[ERROR] /workspaces/master-thesis-pascal-joos/code_cure_agent/cca_workspace/protostuff/protostuff-runtime/src/main/java/io/protostuff/runtime/ArraySchemas.java:[129,33] cannot find symbol
  symbol:   variable ARRAY_INT64_PRIMITIVE_SCHEMA
  location: variable strategy of type io.protostuff.runtime.IdStrategy
[ERROR] /workspaces/master-thesis-pascal-joos/code_cure_agent/cca_workspace/protostuff/protostuff-runtime/src/main/java/io/protostuff/runtime/ArraySchemas.java:[129,73] cannot find symbol
  symbol:   variable ARRAY_INT64_BOXED_SCHEMA
  location: variable strategy of type io.protostuff.runtime.IdStrategy
[ERROR] /workspaces/master-thesis-pascal-joos/code_cure_agent/cca_workspace/protostuff/protostuff-runtime/src/main/java/io/protostuff/runtime/ArraySchemas.java:[132,33] cannot find symbol
  symbol:   variable ARRAY_FLOAT_PRIMITIVE_SCHEMA
  location: variable strategy of type io.protostuff.runtime.IdStrategy
[ERROR] /workspaces/master-thesis-pascal-joos/code_cure_agent/cca_workspace/protostuff/protostuff-runtime/src/main/java/io/protostuff/runtime/ArraySchemas.java:[132,73] cannot find symbol
  symbol:   variable ARRAY_FLOAT_BOXED_SCHEMA
  location: variable strategy of type io.protostuff.runtime.IdStrategy
[ERROR] /workspaces/master-thesis-pascal-joos/code_cure_agent/cca_workspace/protostuff/protostuff-runtime/src/main/java/io/protostuff/runtime/ArraySchemas.java:[135,33] cannot find symbol
  symbol:   variable ARRAY_DOUBLE_PRIMITIVE_SCHEMA
  location: variable strategy of type io.protostuff.runtime.IdStrategy
[ERROR] /workspaces/master-thesis-pascal-joos/code_cure_agent/cca_workspace/protostuff/protostuff-runtime/src/main/java/io/protostuff/runtime/ArraySchemas.java:[135,74] cannot find symbol
  symbol:   variable ARRAY_DOUBLE_BOXED_SCHEMA
  location: variable strategy of type io.protostuff.runtime.IdStrategy
[ERROR] /workspaces/master-thesis-pascal-joos/code_cure_agent/cca_workspace/protostuff/protostuff-runtime/src/main/java/io/protostuff/runtime/ArraySchemas.java:[137,32] cannot find symbol
  symbol:   variable ARRAY_STRING_SCHEMA
  location: variable strategy of type io.protostuff.runtime.IdStrategy
[ERROR] /workspaces/master-thesis-pascal-joos/code_cure_agent/cca_workspace/protostuff/protostuff-runtime/src/main/java/io/protostuff/runtime/ArraySchemas.java:[139,32] cannot find symbol
  symbol:   variable ARRAY_BYTESTRING_SCHEMA
  location: variable strategy of type io.protostuff.runtime.IdStrategy
[ERROR] /workspaces/master-thesis-pascal-joos/code_cure_agent/cca_workspace/protostuff/protostuff-runtime/src/main/java/io/protostuff/runtime/ArraySchemas.java:[141,32] cannot find symbol
  symbol:   variable ARRAY_BYTEARRAY_SCHEMA
  location: variable strategy of type io.protostuff.runtime.IdStrategy
[ERROR] /workspaces/master-thesis-pascal-joos/code_cure_agent/cca_workspace/protostuff/protostuff-runtime/src/main/java/io/protostuff/runtime/ArraySchemas.java:[143,32] cannot find symbol
  symbol:   variable ARRAY_BIGDECIMAL_SCHEMA
  location: variable strategy of type io.protostuff.runtime.IdStrategy
[ERROR] /workspaces/master-thesis-pascal-joos/code_cure_agent/cca_workspace/protostuff/protostuff-runtime/src/main/java/io/protostuff/runtime/ArraySchemas.java:[145,32] cannot find symbol
  symbol:   variable ARRAY_BIGINTEGER_SCHEMA
  location: variable strategy of type io.protostuff.runtime.IdStrategy
[ERROR] /workspaces/master-thesis-pascal-joos/code_cure_agent/cca_workspace/protostuff/protostuff-runtime/src/main/java/io/protostuff/runtime/ArraySchemas.java:[147,32] cannot find symbol
  symbol:   variable ARRAY_DATE_SCHEMA
  location: variable strategy of type io.protostuff.runtime.IdStrategy
[ERROR] /workspaces/master-thesis-pascal-joos/code_cure_agent/cca_workspace/protostuff/protostuff-runtime/src/main/java/io/protostuff/runtime/ArraySchemas.java:[158,32] cannot find symbol
  symbol:   variable ARRAY_BOOL_DERIVED_SCHEMA
  location: variable strategy of type io.protostuff.runtime.IdStrategy
[ERROR] /workspaces/master-thesis-pascal-joos/code_cure_agent/cca_workspace/protostuff/protostuff-runtime/src/main/java/io/protostuff/runtime/ArraySchemas.java:[160,32] cannot find symbol
  symbol:   variable ARRAY_CHAR_DERIVED_SCHEMA
  location: variable strategy of type io.protostuff.runtime.IdStrategy
[ERROR] /workspaces/master-thesis-pascal-joos/code_cure_agent/cca_workspace/protostuff/protostuff-runtime/src/main/java/io/protostuff/runtime/ArraySchemas.java:[162,32] cannot find symbol
  symbol:   variable ARRAY_SHORT_DERIVED_SCHEMA
  location: variable strategy of type io.protostuff.runtime.IdStrategy
[ERROR] /workspaces/master-thesis-pascal-joos/code_cure_agent/cca_workspace/protostuff/protostuff-runtime/src/main/java/io/protostuff/runtime/ArraySchemas.java:[164,32] cannot find symbol
  symbol:   variable ARRAY_INT32_DERIVED_SCHEMA
  location: variable strategy of type io.protostuff.runtime.IdStrategy
[ERROR] /workspaces/master-thesis-pascal-joos/code_cure_agent/cca_workspace/protostuff/protostuff-runtime/src/main/java/io/protostuff/runtime/ArraySchemas.java:[166,32] cannot find symbol
  symbol:   variable ARRAY_INT64_DERIVED_SCHEMA
  location: variable strategy of type io.protostuff.runtime.IdStrategy
[ERROR] /workspaces/master-thesis-pascal-joos/code_cure_agent/cca_workspace/protostuff/protostuff-runtime/src/main/java/io/protostuff/runtime/ArraySchemas.java:[168,32] cannot find symbol
  symbol:   variable ARRAY_FLOAT_DERIVED_SCHEMA
  location: variable strategy of type io.protostuff.runtime.IdStrategy
[INFO] 100 errors 
[INFO] -------------------------------------------------------------
[INFO] ------------------------------------------------------------------------
[INFO] Reactor Summary for protostuff 1.8.0-SNAPSHOT:
[INFO] 
[INFO] protostuff ......................................... SUCCESS [  0.573 s]
[INFO] protostuff :: api .................................. SUCCESS [  3.355 s]
[INFO] protostuff :: core ................................. SUCCESS [  2.604 s]
[INFO] protostuff :: collectionschema ..................... SUCCESS [  1.652 s]
[INFO] protostuff :: runtime .............................. FAILURE [  0.541 s]
[INFO] protostuff :: runtime-md ........................... SKIPPED
[INFO] protostuff :: runtime-registry ..................... SKIPPED
[INFO] protostuff :: runtime-view ......................... SKIPPED
[INFO] protostuff :: json ................................. SKIPPED
[INFO] protostuff :: msgpack .............................. SKIPPED
[INFO] protostuff :: xml .................................. SKIPPED
[INFO] protostuff :: yaml ................................. SKIPPED
[INFO] protostuff :: kvp .................................. SKIPPED
[INFO] protostuff :: parser ............................... SKIPPED
[INFO] protostuff :: compiler ............................. SKIPPED
[INFO] protostuff :: maven-plugin ......................... SKIPPED
[INFO] protostuff :: uberjar .............................. SKIPPED
[INFO] protostuff :: it ................................... SKIPPED
[INFO] protostuff :: bom .................................. SKIPPED
[INFO] protostuff :: benchmarks ........................... SKIPPED
[INFO] ------------------------------------------------------------------------
[INFO] BUILD FAILURE
[INFO] ------------------------------------------------------------------------
[INFO] Total time:  9.333 s
[INFO] Finished at: 2025-08-30T22:44:45Z
[INFO] ------------------------------------------------------------------------
[ERROR] Failed to execute goal org.apache.maven.plugins:maven-compiler-plugin:3.1:compile (default-compile) on project protostuff-runtime: Compilation failure: Compilation failure: 
[ERROR] /workspaces/master-thesis-pascal-joos/code_cure_agent/cca_workspace/protostuff/protostuff-runtime/src/main/java/io/protostuff/runtime/ArraySchema.java:[179,58] cannot find symbol
[ERROR]   symbol:   variable ARRAY_SCHEMA
[ERROR]   location: variable strategy of type io.protostuff.runtime.IdStrategy
[ERROR] /workspaces/master-thesis-pascal-joos/code_cure_agent/cca_workspace/protostuff/protostuff-runtime/src/main/java/io/protostuff/runtime/ArraySchema.java:[183,17] cannot find symbol
[ERROR]   symbol:   variable ARRAY_SCHEMA
[ERROR]   location: variable strategy of type io.protostuff.runtime.IdStrategy
[ERROR] /workspaces/master-thesis-pascal-joos/code_cure_agent/cca_workspace/protostuff/protostuff-runtime/src/main/java/io/protostuff/runtime/ArraySchema.java:[214,17] cannot find symbol
[ERROR]   symbol:   variable COLLECTION_SCHEMA
[ERROR]   location: variable strategy of type io.protostuff.runtime.IdStrategy
[ERROR] /workspaces/master-thesis-pascal-joos/code_cure_agent/cca_workspace/protostuff/protostuff-runtime/src/main/java/io/protostuff/runtime/ObjectSchema.java:[400,58] cannot find symbol
[ERROR]   symbol:   variable ARRAY_PIPE_SCHEMA
[ERROR]   location: variable strategy of type io.protostuff.runtime.IdStrategy
[ERROR] /workspaces/master-thesis-pascal-joos/code_cure_agent/cca_workspace/protostuff/protostuff-runtime/src/main/java/io/protostuff/runtime/ObjectSchema.java:[403,37] cannot find symbol
[ERROR]   symbol:   variable ARRAY_PIPE_SCHEMA
[ERROR]   location: variable strategy of type io.protostuff.runtime.IdStrategy
[ERROR] /workspaces/master-thesis-pascal-joos/code_cure_agent/cca_workspace/protostuff/protostuff-runtime/src/main/java/io/protostuff/runtime/ObjectSchema.java:[500,25] cannot find symbol
[ERROR]   symbol:   variable COLLECTION_SCHEMA
[ERROR]   location: variable strategy of type io.protostuff.runtime.IdStrategy
[ERROR] /workspaces/master-thesis-pascal-joos/code_cure_agent/cca_workspace/protostuff/protostuff-runtime/src/main/java/io/protostuff/runtime/ObjectSchema.java:[523,25] cannot find symbol
[ERROR]   symbol:   variable COLLECTION_SCHEMA
[ERROR]   location: variable strategy of type io.protostuff.runtime.IdStrategy
[ERROR] /workspaces/master-thesis-pascal-joos/code_cure_agent/cca_workspace/protostuff/protostuff-runtime/src/main/java/io/protostuff/runtime/ObjectSchema.java:[562,25] cannot find symbol
[ERROR]   symbol:   variable COLLECTION_SCHEMA
[ERROR]   location: variable strategy of type io.protostuff.runtime.IdStrategy
[ERROR] /workspaces/master-thesis-pascal-joos/code_cure_agent/cca_workspace/protostuff/protostuff-runtime/src/main/java/io/protostuff/runtime/ObjectSchema.java:[576,25] cannot find symbol
[ERROR]   symbol:   variable MAP_SCHEMA
[ERROR]   location: variable strategy of type io.protostuff.runtime.IdStrategy
[ERROR] /workspaces/master-thesis-pascal-joos/code_cure_agent/cca_workspace/protostuff/protostuff-runtime/src/main/java/io/protostuff/runtime/ObjectSchema.java:[591,25] cannot find symbol
[ERROR]   symbol:   variable COLLECTION_SCHEMA
[ERROR]   location: variable strategy of type io.protostuff.runtime.IdStrategy
[ERROR] /workspaces/master-thesis-pascal-joos/code_cure_agent/cca_workspace/protostuff/protostuff-runtime/src/main/java/io/protostuff/runtime/ObjectSchema.java:[606,25] cannot find symbol
[ERROR]   symbol:   variable MAP_SCHEMA
[ERROR]   location: variable strategy of type io.protostuff.runtime.IdStrategy
[ERROR] /workspaces/master-thesis-pascal-joos/code_cure_agent/cca_workspace/protostuff/protostuff-runtime/src/main/java/io/protostuff/runtime/ObjectSchema.java:[616,33] cannot find symbol
[ERROR]   symbol:   variable POLYMORPHIC_COLLECTION_SCHEMA
[ERROR]   location: variable strategy of type io.protostuff.runtime.IdStrategy
[ERROR] /workspaces/master-thesis-pascal-joos/code_cure_agent/cca_workspace/protostuff/protostuff-runtime/src/main/java/io/protostuff/runtime/ObjectSchema.java:[632,33] cannot find symbol
[ERROR]   symbol:   variable POLYMORPHIC_MAP_SCHEMA
[ERROR]   location: variable strategy of type io.protostuff.runtime.IdStrategy
[ERROR] /workspaces/master-thesis-pascal-joos/code_cure_agent/cca_workspace/protostuff/protostuff-runtime/src/main/java/io/protostuff/runtime/ObjectSchema.java:[830,37] cannot find symbol
[ERROR]   symbol:   variable POLYMORPHIC_MAP_SCHEMA
[ERROR]   location: variable strategy of type io.protostuff.runtime.IdStrategy
[ERROR] /workspaces/master-thesis-pascal-joos/code_cure_agent/cca_workspace/protostuff/protostuff-runtime/src/main/java/io/protostuff/runtime/ObjectSchema.java:[834,33] cannot find symbol
[ERROR]   symbol:   variable POLYMORPHIC_MAP_SCHEMA
[ERROR]   location: variable strategy of type io.protostuff.runtime.IdStrategy
[ERROR] /workspaces/master-thesis-pascal-joos/code_cure_agent/cca_workspace/protostuff/protostuff-runtime/src/main/java/io/protostuff/runtime/ObjectSchema.java:[851,62] cannot find symbol
[ERROR]   symbol:   variable MAP_SCHEMA
[ERROR]   location: variable strategy of type io.protostuff.runtime.IdStrategy
[ERROR] /workspaces/master-thesis-pascal-joos/code_cure_agent/cca_workspace/protostuff/protostuff-runtime/src/main/java/io/protostuff/runtime/ObjectSchema.java:[854,21] cannot find symbol
[ERROR]   symbol:   variable MAP_SCHEMA
[ERROR]   location: variable strategy of type io.protostuff.runtime.IdStrategy
[ERROR] /workspaces/master-thesis-pascal-joos/code_cure_agent/cca_workspace/protostuff/protostuff-runtime/src/main/java/io/protostuff/runtime/ObjectSchema.java:[868,37] cannot find symbol
[ERROR]   symbol:   variable POLYMORPHIC_COLLECTION_SCHEMA
[ERROR]   location: variable strategy of type io.protostuff.runtime.IdStrategy
[ERROR] /workspaces/master-thesis-pascal-joos/code_cure_agent/cca_workspace/protostuff/protostuff-runtime/src/main/java/io/protostuff/runtime/ObjectSchema.java:[872,33] cannot find symbol
[ERROR]   symbol:   variable POLYMORPHIC_COLLECTION_SCHEMA
[ERROR]   location: variable strategy of type io.protostuff.runtime.IdStrategy
[ERROR] /workspaces/master-thesis-pascal-joos/code_cure_agent/cca_workspace/protostuff/protostuff-runtime/src/main/java/io/protostuff/runtime/ObjectSchema.java:[889,62] cannot find symbol
[ERROR]   symbol:   variable COLLECTION_SCHEMA
[ERROR]   location: variable strategy of type io.protostuff.runtime.IdStrategy
[ERROR] /workspaces/master-thesis-pascal-joos/code_cure_agent/cca_workspace/protostuff/protostuff-runtime/src/main/java/io/protostuff/runtime/ObjectSchema.java:[892,21] cannot find symbol
[ERROR]   symbol:   variable COLLECTION_SCHEMA
[ERROR]   location: variable strategy of type io.protostuff.runtime.IdStrategy
[ERROR] /workspaces/master-thesis-pascal-joos/code_cure_agent/cca_workspace/protostuff/protostuff-runtime/src/main/java/io/protostuff/runtime/ObjectSchema.java:[930,58] cannot find symbol
[ERROR]   symbol:   variable ARRAY_SCHEMA
[ERROR]   location: variable strategy of type io.protostuff.runtime.IdStrategy
[ERROR] /workspaces/master-thesis-pascal-joos/code_cure_agent/cca_workspace/protostuff/protostuff-runtime/src/main/java/io/protostuff/runtime/ObjectSchema.java:[933,17] cannot find symbol
[ERROR]   symbol:   variable ARRAY_SCHEMA
[ERROR]   location: variable strategy of type io.protostuff.runtime.IdStrategy
[ERROR] /workspaces/master-thesis-pascal-joos/code_cure_agent/cca_workspace/protostuff/protostuff-runtime/src/main/java/io/protostuff/runtime/ObjectSchema.java:[1146,66] cannot find symbol
[ERROR]   symbol:   variable COLLECTION_PIPE_SCHEMA
[ERROR]   location: variable strategy of type io.protostuff.runtime.IdStrategy
[ERROR] /workspaces/master-thesis-pascal-joos/code_cure_agent/cca_workspace/protostuff/protostuff-runtime/src/main/java/io/protostuff/runtime/ObjectSchema.java:[1149,45] cannot find symbol
[ERROR]   symbol:   variable COLLECTION_PIPE_SCHEMA
[ERROR]   location: variable strategy of type io.protostuff.runtime.IdStrategy
[ERROR] /workspaces/master-thesis-pascal-joos/code_cure_agent/cca_workspace/protostuff/protostuff-runtime/src/main/java/io/protostuff/runtime/ObjectSchema.java:[1160,66] cannot find symbol
[ERROR]   symbol:   variable MAP_PIPE_SCHEMA
[ERROR]   location: variable strategy of type io.protostuff.runtime.IdStrategy
[ERROR] /workspaces/master-thesis-pascal-joos/code_cure_agent/cca_workspace/protostuff/protostuff-runtime/src/main/java/io/protostuff/runtime/ObjectSchema.java:[1163,45] cannot find symbol
[ERROR]   symbol:   variable MAP_PIPE_SCHEMA
[ERROR]   location: variable strategy of type io.protostuff.runtime.IdStrategy
[ERROR] /workspaces/master-thesis-pascal-joos/code_cure_agent/cca_workspace/protostuff/protostuff-runtime/src/main/java/io/protostuff/runtime/ObjectSchema.java:[1174,66] cannot find symbol
[ERROR]   symbol:   variable COLLECTION_PIPE_SCHEMA
[ERROR]   location: variable strategy of type io.protostuff.runtime.IdStrategy
[ERROR] /workspaces/master-thesis-pascal-joos/code_cure_agent/cca_workspace/protostuff/protostuff-runtime/src/main/java/io/protostuff/runtime/ObjectSchema.java:[1177,45] cannot find symbol
[ERROR]   symbol:   variable COLLECTION_PIPE_SCHEMA
[ERROR]   location: variable strategy of type io.protostuff.runtime.IdStrategy
[ERROR] /workspaces/master-thesis-pascal-joos/code_cure_agent/cca_workspace/protostuff/protostuff-runtime/src/main/java/io/protostuff/runtime/ObjectSchema.java:[1188,66] cannot find symbol
[ERROR]   symbol:   variable MAP_PIPE_SCHEMA
[ERROR]   location: variable strategy of type io.protostuff.runtime.IdStrategy
[ERROR] /workspaces/master-thesis-pascal-joos/code_cure_agent/cca_workspace/protostuff/protostuff-runtime/src/main/java/io/protostuff/runtime/ObjectSchema.java:[1191,45] cannot find symbol
[ERROR]   symbol:   variable MAP_PIPE_SCHEMA
[ERROR]   location: variable strategy of type io.protostuff.runtime.IdStrategy
[ERROR] /workspaces/master-thesis-pascal-joos/code_cure_agent/cca_workspace/protostuff/protostuff-runtime/src/main/java/io/protostuff/runtime/ObjectSchema.java:[1205,37] cannot find symbol
[ERROR]   symbol:   variable POLYMORPHIC_COLLECTION_PIPE_SCHEMA
[ERROR]   location: variable strategy of type io.protostuff.runtime.IdStrategy
[ERROR] /workspaces/master-thesis-pascal-joos/code_cure_agent/cca_workspace/protostuff/protostuff-runtime/src/main/java/io/protostuff/runtime/ObjectSchema.java:[1208,45] cannot find symbol
[ERROR]   symbol:   variable POLYMORPHIC_COLLECTION_PIPE_SCHEMA
[ERROR]   location: variable strategy of type io.protostuff.runtime.IdStrategy
[ERROR] /workspaces/master-thesis-pascal-joos/code_cure_agent/cca_workspace/protostuff/protostuff-runtime/src/main/java/io/protostuff/runtime/ObjectSchema.java:[1223,37] cannot find symbol
[ERROR]   symbol:   variable POLYMORPHIC_MAP_PIPE_SCHEMA
[ERROR]   location: variable strategy of type io.protostuff.runtime.IdStrategy
[ERROR] /workspaces/master-thesis-pascal-joos/code_cure_agent/cca_workspace/protostuff/protostuff-runtime/src/main/java/io/protostuff/runtime/ObjectSchema.java:[1226,45] cannot find symbol
[ERROR]   symbol:   variable POLYMORPHIC_MAP_PIPE_SCHEMA
[ERROR]   location: variable strategy of type io.protostuff.runtime.IdStrategy
[ERROR] /workspaces/master-thesis-pascal-joos/code_cure_agent/cca_workspace/protostuff/protostuff-runtime/src/main/java/io/protostuff/runtime/IdStrategy.java:[491,54] cannot find symbol
[ERROR]   symbol: variable DYNAMIC_VALUE_SCHEMA
[ERROR] /workspaces/master-thesis-pascal-joos/code_cure_agent/cca_workspace/protostuff/protostuff-runtime/src/main/java/io/protostuff/runtime/IdStrategy.java:[503,9] cannot find symbol
[ERROR]   symbol:   variable COLLECTION_PIPE_SCHEMA
[ERROR]   location: class io.protostuff.runtime.IdStrategy
[ERROR] /workspaces/master-thesis-pascal-joos/code_cure_agent/cca_workspace/protostuff/protostuff-runtime/src/main/java/io/protostuff/runtime/IdStrategy.java:[504,17] cannot find symbol
[ERROR]   symbol:   variable COLLECTION_SCHEMA
[ERROR]   location: class io.protostuff.runtime.IdStrategy
[ERROR] /workspaces/master-thesis-pascal-joos/code_cure_agent/cca_workspace/protostuff/protostuff-runtime/src/main/java/io/protostuff/runtime/IdStrategy.java:[518,62] cannot find symbol
[ERROR]   symbol: variable DYNAMIC_VALUE_PIPE_SCHEMA
[ERROR] /workspaces/master-thesis-pascal-joos/code_cure_agent/cca_workspace/protostuff/protostuff-runtime/src/main/java/io/protostuff/runtime/IdStrategy.java:[532,9] cannot find symbol
[ERROR]   symbol:   variable ARRAY_SCHEMA
[ERROR]   location: class io.protostuff.runtime.IdStrategy
[ERROR] /workspaces/master-thesis-pascal-joos/code_cure_agent/cca_workspace/protostuff/protostuff-runtime/src/main/java/io/protostuff/runtime/IdStrategy.java:[598,54] cannot find symbol
[ERROR]   symbol: variable DYNAMIC_VALUE_SCHEMA
[ERROR] /workspaces/master-thesis-pascal-joos/code_cure_agent/cca_workspace/protostuff/protostuff-runtime/src/main/java/io/protostuff/runtime/IdStrategy.java:[610,9] cannot find symbol
[ERROR]   symbol:   variable ARRAY_PIPE_SCHEMA
[ERROR]   location: class io.protostuff.runtime.IdStrategy
[ERROR] /workspaces/master-thesis-pascal-joos/code_cure_agent/cca_workspace/protostuff/protostuff-runtime/src/main/java/io/protostuff/runtime/IdStrategy.java:[611,17] cannot find symbol
[ERROR]   symbol:   variable ARRAY_SCHEMA
[ERROR]   location: class io.protostuff.runtime.IdStrategy
[ERROR] /workspaces/master-thesis-pascal-joos/code_cure_agent/cca_workspace/protostuff/protostuff-runtime/src/main/java/io/protostuff/runtime/IdStrategy.java:[625,62] cannot find symbol
[ERROR]   symbol: variable DYNAMIC_VALUE_PIPE_SCHEMA
[ERROR] /workspaces/master-thesis-pascal-joos/code_cure_agent/cca_workspace/protostuff/protostuff-runtime/src/main/java/io/protostuff/runtime/IdStrategy.java:[638,9] cannot find symbol
[ERROR]   symbol:   variable MAP_SCHEMA
[ERROR]   location: class io.protostuff.runtime.IdStrategy
[ERROR] /workspaces/master-thesis-pascal-joos/code_cure_agent/cca_workspace/protostuff/protostuff-runtime/src/main/java/io/protostuff/runtime/IdStrategy.java:[701,67] cannot find symbol
[ERROR]   symbol: variable ENTRY_SCHEMA
[ERROR] /workspaces/master-thesis-pascal-joos/code_cure_agent/cca_workspace/protostuff/protostuff-runtime/src/main/java/io/protostuff/runtime/IdStrategy.java:[725,50] cannot find symbol
[ERROR]   symbol: variable ENTRY_SCHEMA
[ERROR] /workspaces/master-thesis-pascal-joos/code_cure_agent/cca_workspace/protostuff/protostuff-runtime/src/main/java/io/protostuff/runtime/IdStrategy.java:[730,9] cannot find symbol
[ERROR]   symbol:   variable MAP_PIPE_SCHEMA
[ERROR]   location: class io.protostuff.runtime.IdStrategy
[ERROR] /workspaces/master-thesis-pascal-joos/code_cure_agent/cca_workspace/protostuff/protostuff-runtime/src/main/java/io/protostuff/runtime/IdStrategy.java:[731,17] cannot find symbol
[ERROR]   symbol:   variable MAP_SCHEMA
[ERROR]   location: class io.protostuff.runtime.IdStrategy
[ERROR] /workspaces/master-thesis-pascal-joos/code_cure_agent/cca_workspace/protostuff/protostuff-runtime/src/main/java/io/protostuff/runtime/IdStrategy.java:[745,62] cannot find symbol
[ERROR]   symbol: variable ENTRY_PIPE_SCHEMA
[ERROR] /workspaces/master-thesis-pascal-joos/code_cure_agent/cca_workspace/protostuff/protostuff-runtime/src/main/java/io/protostuff/runtime/IdStrategy.java:[754,9] cannot find symbol
[ERROR]   symbol:   variable ENTRY_SCHEMA
[ERROR]   location: class io.protostuff.runtime.IdStrategy
[ERROR] /workspaces/master-thesis-pascal-joos/code_cure_agent/cca_workspace/protostuff/protostuff-runtime/src/main/java/io/protostuff/runtime/IdStrategy.java:[839,60] cannot find symbol
[ERROR]   symbol: variable DYNAMIC_VALUE_SCHEMA
[ERROR] /workspaces/master-thesis-pascal-joos/code_cure_agent/cca_workspace/protostuff/protostuff-runtime/src/main/java/io/protostuff/runtime/IdStrategy.java:[858,62] cannot find symbol
[ERROR]   symbol: variable DYNAMIC_VALUE_SCHEMA
[ERROR] /workspaces/master-thesis-pascal-joos/code_cure_agent/cca_workspace/protostuff/protostuff-runtime/src/main/java/io/protostuff/runtime/IdStrategy.java:[883,48] cannot find symbol
[ERROR]   symbol: variable DYNAMIC_VALUE_SCHEMA
[ERROR] /workspaces/master-thesis-pascal-joos/code_cure_agent/cca_workspace/protostuff/protostuff-runtime/src/main/java/io/protostuff/runtime/IdStrategy.java:[886,50] cannot find symbol
[ERROR]   symbol: variable DYNAMIC_VALUE_SCHEMA
[ERROR] /workspaces/master-thesis-pascal-joos/code_cure_agent/cca_workspace/protostuff/protostuff-runtime/src/main/java/io/protostuff/runtime/IdStrategy.java:[890,9] cannot find symbol
[ERROR]   symbol:   variable ENTRY_PIPE_SCHEMA
[ERROR]   location: class io.protostuff.runtime.IdStrategy
[ERROR] /workspaces/master-thesis-pascal-joos/code_cure_agent/cca_workspace/protostuff/protostuff-runtime/src/main/java/io/protostuff/runtime/IdStrategy.java:[891,17] cannot find symbol
[ERROR]   symbol:   variable ENTRY_SCHEMA
[ERROR]   location: class io.protostuff.runtime.IdStrategy
[ERROR] /workspaces/master-thesis-pascal-joos/code_cure_agent/cca_workspace/protostuff/protostuff-runtime/src/main/java/io/protostuff/runtime/IdStrategy.java:[905,62] cannot find symbol
[ERROR]   symbol: variable DYNAMIC_VALUE_PIPE_SCHEMA
[ERROR] /workspaces/master-thesis-pascal-joos/code_cure_agent/cca_workspace/protostuff/protostuff-runtime/src/main/java/io/protostuff/runtime/IdStrategy.java:[909,62] cannot find symbol
[ERROR]   symbol: variable DYNAMIC_VALUE_PIPE_SCHEMA
[ERROR] /workspaces/master-thesis-pascal-joos/code_cure_agent/cca_workspace/protostuff/protostuff-runtime/src/main/java/io/protostuff/runtime/IdStrategy.java:[919,9] cannot find symbol
[ERROR]   symbol:   variable OBJECT_SCHEMA
[ERROR]   location: class io.protostuff.runtime.IdStrategy
[ERROR] /workspaces/master-thesis-pascal-joos/code_cure_agent/cca_workspace/protostuff/protostuff-runtime/src/main/java/io/protostuff/runtime/IdStrategy.java:[978,9] cannot find symbol
[ERROR]   symbol:   variable OBJECT_PIPE_SCHEMA
[ERROR]   location: class io.protostuff.runtime.IdStrategy
[ERROR] /workspaces/master-thesis-pascal-joos/code_cure_agent/cca_workspace/protostuff/protostuff-runtime/src/main/java/io/protostuff/runtime/IdStrategy.java:[979,17] cannot find symbol
[ERROR]   symbol:   variable OBJECT_SCHEMA
[ERROR]   location: class io.protostuff.runtime.IdStrategy
[ERROR] /workspaces/master-thesis-pascal-joos/code_cure_agent/cca_workspace/protostuff/protostuff-runtime/src/main/java/io/protostuff/runtime/IdStrategy.java:[990,9] cannot find symbol
[ERROR]   symbol:   variable CLASS_SCHEMA
[ERROR]   location: class io.protostuff.runtime.IdStrategy
[ERROR] /workspaces/master-thesis-pascal-joos/code_cure_agent/cca_workspace/protostuff/protostuff-runtime/src/main/java/io/protostuff/runtime/IdStrategy.java:[1049,9] cannot find symbol
[ERROR]   symbol:   variable CLASS_PIPE_SCHEMA
[ERROR]   location: class io.protostuff.runtime.IdStrategy
[ERROR] /workspaces/master-thesis-pascal-joos/code_cure_agent/cca_workspace/protostuff/protostuff-runtime/src/main/java/io/protostuff/runtime/IdStrategy.java:[1050,17] cannot find symbol
[ERROR]   symbol:   variable CLASS_SCHEMA
[ERROR]   location: class io.protostuff.runtime.IdStrategy
[ERROR] /workspaces/master-thesis-pascal-joos/code_cure_agent/cca_workspace/protostuff/protostuff-runtime/src/main/java/io/protostuff/runtime/IdStrategy.java:[1061,9] cannot find symbol
[ERROR]   symbol:   variable POLYMORPHIC_COLLECTION_SCHEMA
[ERROR]   location: class io.protostuff.runtime.IdStrategy
[ERROR] /workspaces/master-thesis-pascal-joos/code_cure_agent/cca_workspace/protostuff/protostuff-runtime/src/main/java/io/protostuff/runtime/IdStrategy.java:[1121,9] cannot find symbol
[ERROR]   symbol:   variable POLYMORPHIC_COLLECTION_PIPE_SCHEMA
[ERROR]   location: class io.protostuff.runtime.IdStrategy
[ERROR] /workspaces/master-thesis-pascal-joos/code_cure_agent/cca_workspace/protostuff/protostuff-runtime/src/main/java/io/protostuff/runtime/IdStrategy.java:[1122,17] cannot find symbol
[ERROR]   symbol:   variable POLYMORPHIC_COLLECTION_SCHEMA
[ERROR]   location: class io.protostuff.runtime.IdStrategy
[ERROR] /workspaces/master-thesis-pascal-joos/code_cure_agent/cca_workspace/protostuff/protostuff-runtime/src/main/java/io/protostuff/runtime/IdStrategy.java:[1133,9] cannot find symbol
[ERROR]   symbol:   variable POLYMORPHIC_MAP_SCHEMA
[ERROR]   location: class io.protostuff.runtime.IdStrategy
[ERROR] /workspaces/master-thesis-pascal-joos/code_cure_agent/cca_workspace/protostuff/protostuff-runtime/src/main/java/io/protostuff/runtime/IdStrategy.java:[1193,9] cannot find symbol
[ERROR]   symbol:   variable POLYMORPHIC_MAP_PIPE_SCHEMA
[ERROR]   location: class io.protostuff.runtime.IdStrategy
[ERROR] /workspaces/master-thesis-pascal-joos/code_cure_agent/cca_workspace/protostuff/protostuff-runtime/src/main/java/io/protostuff/runtime/IdStrategy.java:[1194,17] cannot find symbol
[ERROR]   symbol:   variable POLYMORPHIC_MAP_SCHEMA
[ERROR]   location: class io.protostuff.runtime.IdStrategy
[ERROR] /workspaces/master-thesis-pascal-joos/code_cure_agent/cca_workspace/protostuff/protostuff-runtime/src/main/java/io/protostuff/runtime/IdStrategy.java:[1205,9] cannot find symbol
[ERROR]   symbol:   variable ARRAY_BOOL_PRIMITIVE_SCHEMA
[ERROR]   location: class io.protostuff.runtime.IdStrategy
[ERROR] /workspaces/master-thesis-pascal-joos/code_cure_agent/cca_workspace/protostuff/protostuff-runtime/src/main/java/io/protostuff/runtime/IdStrategy.java:[1208,9] cannot find symbol
[ERROR]   symbol:   variable ARRAY_BOOL_BOXED_SCHEMA
[ERROR]   location: class io.protostuff.runtime.IdStrategy
[ERROR] /workspaces/master-thesis-pascal-joos/code_cure_agent/cca_workspace/protostuff/protostuff-runtime/src/main/java/io/protostuff/runtime/IdStrategy.java:[1211,9] cannot find symbol
[ERROR]   symbol:   variable ARRAY_BOOL_DERIVED_SCHEMA
[ERROR]   location: class io.protostuff.runtime.IdStrategy
[ERROR] /workspaces/master-thesis-pascal-joos/code_cure_agent/cca_workspace/protostuff/protostuff-runtime/src/main/java/io/protostuff/runtime/ArraySchemas.java:[117,33] cannot find symbol
[ERROR]   symbol:   variable ARRAY_BOOL_PRIMITIVE_SCHEMA
[ERROR]   location: variable strategy of type io.protostuff.runtime.IdStrategy
[ERROR] /workspaces/master-thesis-pascal-joos/code_cure_agent/cca_workspace/protostuff/protostuff-runtime/src/main/java/io/protostuff/runtime/ArraySchemas.java:[117,72] cannot find symbol
[ERROR]   symbol:   variable ARRAY_BOOL_BOXED_SCHEMA
[ERROR]   location: variable strategy of type io.protostuff.runtime.IdStrategy
[ERROR] /workspaces/master-thesis-pascal-joos/code_cure_agent/cca_workspace/protostuff/protostuff-runtime/src/main/java/io/protostuff/runtime/ArraySchemas.java:[120,33] cannot find symbol
[ERROR]   symbol:   variable ARRAY_CHAR_PRIMITIVE_SCHEMA
[ERROR]   location: variable strategy of type io.protostuff.runtime.IdStrategy
[ERROR] /workspaces/master-thesis-pascal-joos/code_cure_agent/cca_workspace/protostuff/protostuff-runtime/src/main/java/io/protostuff/runtime/ArraySchemas.java:[120,72] cannot find symbol
[ERROR]   symbol:   variable ARRAY_CHAR_BOXED_SCHEMA
[ERROR]   location: variable strategy of type io.protostuff.runtime.IdStrategy
[ERROR] /workspaces/master-thesis-pascal-joos/code_cure_agent/cca_workspace/protostuff/protostuff-runtime/src/main/java/io/protostuff/runtime/ArraySchemas.java:[123,33] cannot find symbol
[ERROR]   symbol:   variable ARRAY_SHORT_PRIMITIVE_SCHEMA
[ERROR]   location: variable strategy of type io.protostuff.runtime.IdStrategy
[ERROR] /workspaces/master-thesis-pascal-joos/code_cure_agent/cca_workspace/protostuff/protostuff-runtime/src/main/java/io/protostuff/runtime/ArraySchemas.java:[123,73] cannot find symbol
[ERROR]   symbol:   variable ARRAY_SHORT_BOXED_SCHEMA
[ERROR]   location: variable strategy of type io.protostuff.runtime.IdStrategy
[ERROR] /workspaces/master-thesis-pascal-joos/code_cure_agent/cca_workspace/protostuff/protostuff-runtime/src/main/java/io/protostuff/runtime/ArraySchemas.java:[126,33] cannot find symbol
[ERROR]   symbol:   variable ARRAY_INT32_PRIMITIVE_SCHEMA
[ERROR]   location: variable strategy of type io.protostuff.runtime.IdStrategy
[ERROR] /workspaces/master-thesis-pascal-joos/code_cure_agent/cca_workspace/protostuff/protostuff-runtime/src/main/java/io/protostuff/runtime/ArraySchemas.java:[126,73] cannot find symbol
[ERROR]   symbol:   variable ARRAY_INT32_BOXED_SCHEMA
[ERROR]   location: variable strategy of type io.protostuff.runtime.IdStrategy
[ERROR] /workspaces/master-thesis-pascal-joos/code_cure_agent/cca_workspace/protostuff/protostuff-runtime/src/main/java/io/protostuff/runtime/ArraySchemas.java:[129,33] cannot find symbol
[ERROR]   symbol:   variable ARRAY_INT64_PRIMITIVE_SCHEMA
[ERROR]   location: variable strategy of type io.protostuff.runtime.IdStrategy
[ERROR] /workspaces/master-thesis-pascal-joos/code_cure_agent/cca_workspace/protostuff/protostuff-runtime/src/main/java/io/protostuff/runtime/ArraySchemas.java:[129,73] cannot find symbol
[ERROR]   symbol:   variable ARRAY_INT64_BOXED_SCHEMA
[ERROR]   location: variable strategy of type io.protostuff.runtime.IdStrategy
[ERROR] /workspaces/master-thesis-pascal-joos/code_cure_agent/cca_workspace/protostuff/protostuff-runtime/src/main/java/io/protostuff/runtime/ArraySchemas.java:[132,33] cannot find symbol
[ERROR]   symbol:   variable ARRAY_FLOAT_PRIMITIVE_SCHEMA
[ERROR]   location: variable strategy of type io.protostuff.runtime.IdStrategy
[ERROR] /workspaces/master-thesis-pascal-joos/code_cure_agent/cca_workspace/protostuff/protostuff-runtime/src/main/java/io/protostuff/runtime/ArraySchemas.java:[132,73] cannot find symbol
[ERROR]   symbol:   variable ARRAY_FLOAT_BOXED_SCHEMA
[ERROR]   location: variable strategy of type io.protostuff.runtime.IdStrategy
[ERROR] /workspaces/master-thesis-pascal-joos/code_cure_agent/cca_workspace/protostuff/protostuff-runtime/src/main/java/io/protostuff/runtime/ArraySchemas.java:[135,33] cannot find symbol
[ERROR]   symbol:   variable ARRAY_DOUBLE_PRIMITIVE_SCHEMA
[ERROR]   location: variable strategy of type io.protostuff.runtime.IdStrategy
[ERROR] /workspaces/master-thesis-pascal-joos/code_cure_agent/cca_workspace/protostuff/protostuff-runtime/src/main/java/io/protostuff/runtime/ArraySchemas.java:[135,74] cannot find symbol
[ERROR]   symbol:   variable ARRAY_DOUBLE_BOXED_SCHEMA
[ERROR]   location: variable strategy of type io.protostuff.runtime.IdStrategy
[ERROR] /workspaces/master-thesis-pascal-joos/code_cure_agent/cca_workspace/protostuff/protostuff-runtime/src/main/java/io/protostuff/runtime/ArraySchemas.java:[137,32] cannot find symbol
[ERROR]   symbol:   variable ARRAY_STRING_SCHEMA
[ERROR]   location: variable strategy of type io.protostuff.runtime.IdStrategy
[ERROR] /workspaces/master-thesis-pascal-joos/code_cure_agent/cca_workspace/protostuff/protostuff-runtime/src/main/java/io/protostuff/runtime/ArraySchemas.java:[139,32] cannot find symbol
[ERROR]   symbol:   variable ARRAY_BYTESTRING_SCHEMA
[ERROR]   location: variable strategy of type io.protostuff.runtime.IdStrategy
[ERROR] /workspaces/master-thesis-pascal-joos/code_cure_agent/cca_workspace/protostuff/protostuff-runtime/src/main/java/io/protostuff/runtime/ArraySchemas.java:[141,32] cannot find symbol
[ERROR]   symbol:   variable ARRAY_BYTEARRAY_SCHEMA
[ERROR]   location: variable strategy of type io.protostuff.runtime.IdStrategy
[ERROR] /workspaces/master-thesis-pascal-joos/code_cure_agent/cca_workspace/protostuff/protostuff-runtime/src/main/java/io/protostuff/runtime/ArraySchemas.java:[143,32] cannot find symbol
[ERROR]   symbol:   variable ARRAY_BIGDECIMAL_SCHEMA
[ERROR]   location: variable strategy of type io.protostuff.runtime.IdStrategy
[ERROR] /workspaces/master-thesis-pascal-joos/code_cure_agent/cca_workspace/protostuff/protostuff-runtime/src/main/java/io/protostuff/runtime/ArraySchemas.java:[145,32] cannot find symbol
[ERROR]   symbol:   variable ARRAY_BIGINTEGER_SCHEMA
[ERROR]   location: variable strategy of type io.protostuff.runtime.IdStrategy
[ERROR] /workspaces/master-thesis-pascal-joos/code_cure_agent/cca_workspace/protostuff/protostuff-runtime/src/main/java/io/protostuff/runtime/ArraySchemas.java:[147,32] cannot find symbol
[ERROR]   symbol:   variable ARRAY_DATE_SCHEMA
[ERROR]   location: variable strategy of type io.protostuff.runtime.IdStrategy
[ERROR] /workspaces/master-thesis-pascal-joos/code_cure_agent/cca_workspace/protostuff/protostuff-runtime/src/main/java/io/protostuff/runtime/ArraySchemas.java:[158,32] cannot find symbol
[ERROR]   symbol:   variable ARRAY_BOOL_DERIVED_SCHEMA
[ERROR]   location: variable strategy of type io.protostuff.runtime.IdStrategy
[ERROR] /workspaces/master-thesis-pascal-joos/code_cure_agent/cca_workspace/protostuff/protostuff-runtime/src/main/java/io/protostuff/runtime/ArraySchemas.java:[160,32] cannot find symbol
[ERROR]   symbol:   variable ARRAY_CHAR_DERIVED_SCHEMA
[ERROR]   location: variable strategy of type io.protostuff.runtime.IdStrategy
[ERROR] /workspaces/master-thesis-pascal-joos/code_cure_agent/cca_workspace/protostuff/protostuff-runtime/src/main/java/io/protostuff/runtime/ArraySchemas.java:[162,32] cannot find symbol
[ERROR]   symbol:   variable ARRAY_SHORT_DERIVED_SCHEMA
[ERROR]   location: variable strategy of type io.protostuff.runtime.IdStrategy
[ERROR] /workspaces/master-thesis-pascal-joos/code_cure_agent/cca_workspace/protostuff/protostuff-runtime/src/main/java/io/protostuff/runtime/ArraySchemas.java:[164,32] cannot find symbol
[ERROR]   symbol:   variable ARRAY_INT32_DERIVED_SCHEMA
[ERROR]   location: variable strategy of type io.protostuff.runtime.IdStrategy
[ERROR] /workspaces/master-thesis-pascal-joos/code_cure_agent/cca_workspace/protostuff/protostuff-runtime/src/main/java/io/protostuff/runtime/ArraySchemas.java:[166,32] cannot find symbol
[ERROR]   symbol:   variable ARRAY_INT64_DERIVED_SCHEMA
[ERROR]   location: variable strategy of type io.protostuff.runtime.IdStrategy
[ERROR] /workspaces/master-thesis-pascal-joos/code_cure_agent/cca_workspace/protostuff/protostuff-runtime/src/main/java/io/protostuff/runtime/ArraySchemas.java:[168,32] cannot find symbol
[ERROR]   symbol:   variable ARRAY_FLOAT_DERIVED_SCHEMA
[ERROR]   location: variable strategy of type io.protostuff.runtime.IdStrategy
[ERROR] -> [Help 1]
[ERROR] 
[ERROR] To see the full stack trace of the errors, re-run Maven with the -e switch.
[ERROR] Re-run Maven using the -X switch to enable full debug logging.
[ERROR] 
[ERROR] For more information about the errors and possible solutions, please read the following articles:
[ERROR] [Help 1] http://cwiki.apache.org/confluence/display/MAVEN/MojoFailureException
[ERROR] 
[ERROR] After correcting the problems, you can resume the build with the command
[ERROR]   mvn <args> -rf :protostuff-runtime
