[INFO] Scanning for projects...
[INFO] ------------------------------------------------------------------------
[INFO] Reactor Build Order:
[INFO] 
[INFO] Openhtmltopdf                                                      [pom]
[INFO] Openhtmltopdf Core Renderer                                        [jar]
[INFO] Openhtmltopdf PDF Rendering (Apache PDF-BOX 2)                     [jar]
[INFO] Openhtmltopdf slf4j Support                                        [jar]
[INFO] Openhtmltopdf RTL Support                                          [jar]
[INFO] Openhtmltopdf SVG Support                                          [jar]
[INFO] Openhtmltopdf MathML Support                                       [jar]
[INFO] Openhtmltopdf Image Rendering (Java2D)                             [jar]
[INFO] Openhtmltopdf PDF Rendering (Apache PDF-BOX 2)                     [jar]
[INFO] Openhtmltopdf Latex Math Support                                   [jar]
[INFO] Openhtmltopdf Examples                                             [jar]
[INFO] Openhtmltopdf PDF/A Testing                                        [jar]
[INFO] Openhtmltopdf Templates                                            [jar]
[INFO] 
[INFO] ---------------< com.openhtmltopdf:openhtmltopdf-parent >---------------
[INFO] Building Openhtmltopdf 1.0.5-SNAPSHOT                             [1/13]
[INFO] --------------------------------[ pom ]---------------------------------
[INFO] 
[INFO] --- maven-clean-plugin:2.5:clean (default-clean) @ openhtmltopdf-parent ---
[INFO] 
[INFO] >>> maven-source-plugin:3.0.1:jar (attach-sources) > generate-sources @ openhtmltopdf-parent >>>
[INFO] 
[INFO] <<< maven-source-plugin:3.0.1:jar (attach-sources) < generate-sources @ openhtmltopdf-parent <<<
[INFO] 
[INFO] 
[INFO] --- maven-source-plugin:3.0.1:jar (attach-sources) @ openhtmltopdf-parent ---
[INFO] 
[INFO] --- maven-javadoc-plugin:3.0.1:jar (attach-javadocs) @ openhtmltopdf-parent ---
[INFO] Not executing Javadoc as the project is not a Java classpath-capable package
[INFO] 
[INFO] ----------------< com.openhtmltopdf:openhtmltopdf-core >----------------
[INFO] Building Openhtmltopdf Core Renderer 1.0.5-SNAPSHOT               [2/13]
[INFO] --------------------------------[ jar ]---------------------------------
[INFO] 
[INFO] --- maven-clean-plugin:2.5:clean (default-clean) @ openhtmltopdf-core ---
[INFO] 
[INFO] --- maven-resources-plugin:2.6:resources (default-resources) @ openhtmltopdf-core ---
[INFO] Using 'UTF-8' encoding to copy filtered resources.
[INFO] Copying 5 resources
[INFO] Copying 4 resources to META-INF
[INFO] 
[INFO] --- maven-compiler-plugin:3.3:compile (default-compile) @ openhtmltopdf-core ---
[INFO] Changes detected - recompiling the module!
[INFO] Compiling 267 source files to /workspaces/CodeCureAgent/code_cure_agent/cca_workspace_4/openhtmltopdf/openhtmltopdf-core/target/classes
[INFO] /workspaces/CodeCureAgent/code_cure_agent/cca_workspace_4/openhtmltopdf/openhtmltopdf-core/src/main/java/com/openhtmltopdf/resource/XMLResource.java: Some input files use or override a deprecated API.
[INFO] /workspaces/CodeCureAgent/code_cure_agent/cca_workspace_4/openhtmltopdf/openhtmltopdf-core/src/main/java/com/openhtmltopdf/resource/XMLResource.java: Recompile with -Xlint:deprecation for details.
[INFO] /workspaces/CodeCureAgent/code_cure_agent/cca_workspace_4/openhtmltopdf/openhtmltopdf-core/src/main/java/com/openhtmltopdf/swing/DOMInspector.java: Some input files use unchecked or unsafe operations.
[INFO] /workspaces/CodeCureAgent/code_cure_agent/cca_workspace_4/openhtmltopdf/openhtmltopdf-core/src/main/java/com/openhtmltopdf/swing/DOMInspector.java: Recompile with -Xlint:unchecked for details.
[INFO] 
[INFO] --- maven-bundle-plugin:5.1.1:manifest (bundle-manifest) @ openhtmltopdf-core ---
[INFO] 
[INFO] --- maven-resources-plugin:2.6:testResources (default-testResources) @ openhtmltopdf-core ---
[INFO] Using 'UTF-8' encoding to copy filtered resources.
[INFO] skip non existing resourceDirectory /workspaces/CodeCureAgent/code_cure_agent/cca_workspace_4/openhtmltopdf/openhtmltopdf-core/src/test/resources
[INFO] 
[INFO] --- maven-compiler-plugin:3.3:testCompile (default-testCompile) @ openhtmltopdf-core ---
[INFO] Changes detected - recompiling the module!
[INFO] Compiling 15 source files to /workspaces/CodeCureAgent/code_cure_agent/cca_workspace_4/openhtmltopdf/openhtmltopdf-core/target/test-classes
[INFO] /workspaces/CodeCureAgent/code_cure_agent/cca_workspace_4/openhtmltopdf/openhtmltopdf-core/src/test/java/com/openhtmltopdf/util/OpenUtilTest.java: /workspaces/CodeCureAgent/code_cure_agent/cca_workspace_4/openhtmltopdf/openhtmltopdf-core/src/test/java/com/openhtmltopdf/util/OpenUtilTest.java uses or overrides a deprecated API.
[INFO] /workspaces/CodeCureAgent/code_cure_agent/cca_workspace_4/openhtmltopdf/openhtmltopdf-core/src/test/java/com/openhtmltopdf/util/OpenUtilTest.java: Recompile with -Xlint:deprecation for details.
[INFO] 
[INFO] --- maven-surefire-plugin:2.12.4:test (default-test) @ openhtmltopdf-core ---
[INFO] Tests are skipped.
[INFO] 
[INFO] --- maven-jar-plugin:3.2.0:jar (default-jar) @ openhtmltopdf-core ---
[INFO] Building jar: /workspaces/CodeCureAgent/code_cure_agent/cca_workspace_4/openhtmltopdf/openhtmltopdf-core/target/openhtmltopdf-core-1.0.5-SNAPSHOT.jar
[INFO] 
[INFO] >>> maven-source-plugin:3.0.1:jar (attach-sources) > generate-sources @ openhtmltopdf-core >>>
[INFO] 
[INFO] <<< maven-source-plugin:3.0.1:jar (attach-sources) < generate-sources @ openhtmltopdf-core <<<
[INFO] 
[INFO] 
[INFO] --- maven-source-plugin:3.0.1:jar (attach-sources) @ openhtmltopdf-core ---
[INFO] Building jar: /workspaces/CodeCureAgent/code_cure_agent/cca_workspace_4/openhtmltopdf/openhtmltopdf-core/target/openhtmltopdf-core-1.0.5-SNAPSHOT-sources.jar
[INFO] 
[INFO] --- maven-javadoc-plugin:3.0.1:jar (attach-javadocs) @ openhtmltopdf-core ---
[INFO] 
Loading source files for package com.openhtmltopdf.resource...
Loading source files for package com.openhtmltopdf.css.constants...
Loading source files for package com.openhtmltopdf.css.parser.property...
Loading source files for package com.openhtmltopdf.css.parser...
Loading source files for package com.openhtmltopdf.css.sheet...
Loading source files for package com.openhtmltopdf.css.newmatch...
Loading source files for package com.openhtmltopdf.css.value...
Loading source files for package com.openhtmltopdf.css.extend...
Loading source files for package com.openhtmltopdf.css.extend.lib...
Loading source files for package com.openhtmltopdf.css.style.derived...
Loading source files for package com.openhtmltopdf.css.style...
Loading source files for package com.openhtmltopdf.outputdevice.helper...
Loading source files for package com.openhtmltopdf.bidi...
Loading source files for package com.openhtmltopdf.newtable...
Loading source files for package com.openhtmltopdf.render...
Loading source files for package com.openhtmltopdf.render.simplepainter...
Loading source files for package com.openhtmltopdf.render.displaylist...
Loading source files for package com.openhtmltopdf.extend...
Loading source files for package com.openhtmltopdf.extend.impl...
Loading source files for package com.openhtmltopdf.util...
Loading source files for package com.openhtmltopdf.layout...
Loading source files for package com.openhtmltopdf.simple.extend...
Loading source files for package com.openhtmltopdf.simple...
Loading source files for package com.openhtmltopdf.swing...
Loading source files for package com.openhtmltopdf.event...
Loading source files for package com.openhtmltopdf.context...
Constructing Javadoc information...
Standard Doclet version 11.0.29
Building tree for all the packages and classes...
Generating /workspaces/CodeCureAgent/code_cure_agent/cca_workspace_4/openhtmltopdf/openhtmltopdf-core/target/apidocs/com/openhtmltopdf/bidi/BidiReorderer.html...
Generating /workspaces/CodeCureAgent/code_cure_agent/cca_workspace_4/openhtmltopdf/openhtmltopdf-core/target/apidocs/com/openhtmltopdf/bidi/BidiSplitter.html...
Generating /workspaces/CodeCureAgent/code_cure_agent/cca_workspace_4/openhtmltopdf/openhtmltopdf-core/target/apidocs/com/openhtmltopdf/bidi/BidiSplitterFactory.html...
Generating /workspaces/CodeCureAgent/code_cure_agent/cca_workspace_4/openhtmltopdf/openhtmltopdf-core/target/apidocs/com/openhtmltopdf/bidi/BidiTextRun.html...
Generating /workspaces/CodeCureAgent/code_cure_agent/cca_workspace_4/openhtmltopdf/openhtmltopdf-core/target/apidocs/com/openhtmltopdf/bidi/ParagraphSplitter.html...
Generating /workspaces/CodeCureAgent/code_cure_agent/cca_workspace_4/openhtmltopdf/openhtmltopdf-core/target/apidocs/com/openhtmltopdf/bidi/ParagraphSplitter.FakeParagraph.html...
Generating /workspaces/CodeCureAgent/code_cure_agent/cca_workspace_4/openhtmltopdf/openhtmltopdf-core/target/apidocs/com/openhtmltopdf/bidi/ParagraphSplitter.Paragraph.html...
Generating /workspaces/CodeCureAgent/code_cure_agent/cca_workspace_4/openhtmltopdf/openhtmltopdf-core/target/apidocs/com/openhtmltopdf/bidi/SimpleBidiReorderer.html...
Generating /workspaces/CodeCureAgent/code_cure_agent/cca_workspace_4/openhtmltopdf/openhtmltopdf-core/target/apidocs/com/openhtmltopdf/bidi/SimpleBidiSplitter.html...
Generating /workspaces/CodeCureAgent/code_cure_agent/cca_workspace_4/openhtmltopdf/openhtmltopdf-core/target/apidocs/com/openhtmltopdf/bidi/SimpleBidiSplitterFactory.html...
Generating /workspaces/CodeCureAgent/code_cure_agent/cca_workspace_4/openhtmltopdf/openhtmltopdf-core/target/apidocs/com/openhtmltopdf/context/ContentFunctionFactory.html...
Generating /workspaces/CodeCureAgent/code_cure_agent/cca_workspace_4/openhtmltopdf/openhtmltopdf-core/target/apidocs/com/openhtmltopdf/context/StandardAttributeResolver.html...
Generating /workspaces/CodeCureAgent/code_cure_agent/cca_workspace_4/openhtmltopdf/openhtmltopdf-core/target/apidocs/com/openhtmltopdf/context/StyleReference.html...
Generating /workspaces/CodeCureAgent/code_cure_agent/cca_workspace_4/openhtmltopdf/openhtmltopdf-core/target/apidocs/com/openhtmltopdf/context/StylesheetFactoryImpl.html...
Generating /workspaces/CodeCureAgent/code_cure_agent/cca_workspace_4/openhtmltopdf/openhtmltopdf-core/target/apidocs/com/openhtmltopdf/css/constants/CSSName.html...
Generating /workspaces/CodeCureAgent/code_cure_agent/cca_workspace_4/openhtmltopdf/openhtmltopdf-core/target/apidocs/com/openhtmltopdf/css/constants/CSSName.CSSSideProperties.html...
Generating /workspaces/CodeCureAgent/code_cure_agent/cca_workspace_4/openhtmltopdf/openhtmltopdf-core/target/apidocs/com/openhtmltopdf/css/constants/Idents.html...
Generating /workspaces/CodeCureAgent/code_cure_agent/cca_workspace_4/openhtmltopdf/openhtmltopdf-core/target/apidocs/com/openhtmltopdf/css/constants/IdentValue.html...
Generating /workspaces/CodeCureAgent/code_cure_agent/cca_workspace_4/openhtmltopdf/openhtmltopdf-core/target/apidocs/com/openhtmltopdf/css/constants/MarginBoxName.html...
Generating /workspaces/CodeCureAgent/code_cure_agent/cca_workspace_4/openhtmltopdf/openhtmltopdf-core/target/apidocs/com/openhtmltopdf/css/constants/PageElementPosition.html...
Generating /workspaces/CodeCureAgent/code_cure_agent/cca_workspace_4/openhtmltopdf/openhtmltopdf-core/target/apidocs/com/openhtmltopdf/css/constants/SVGProperty.html...
Generating /workspaces/CodeCureAgent/code_cure_agent/cca_workspace_4/openhtmltopdf/openhtmltopdf-core/target/apidocs/com/openhtmltopdf/css/constants/ValueConstants.html...
Generating /workspaces/CodeCureAgent/code_cure_agent/cca_workspace_4/openhtmltopdf/openhtmltopdf-core/target/apidocs/com/openhtmltopdf/css/extend/AttributeResolver.html...
Generating /workspaces/CodeCureAgent/code_cure_agent/cca_workspace_4/openhtmltopdf/openhtmltopdf-core/target/apidocs/com/openhtmltopdf/css/extend/ContentFunction.html...
Generating /workspaces/CodeCureAgent/code_cure_agent/cca_workspace_4/openhtmltopdf/openhtmltopdf-core/target/apidocs/com/openhtmltopdf/css/extend/StylesheetFactory.html...
Generating /workspaces/CodeCureAgent/code_cure_agent/cca_workspace_4/openhtmltopdf/openhtmltopdf-core/target/apidocs/com/openhtmltopdf/css/extend/TreeResolver.html...
Generating /workspaces/CodeCureAgent/code_cure_agent/cca_workspace_4/openhtmltopdf/openhtmltopdf-core/target/apidocs/com/openhtmltopdf/css/extend/lib/DOMTreeResolver.html...
Generating /workspaces/CodeCureAgent/code_cure_agent/cca_workspace_4/openhtmltopdf/openhtmltopdf-core/target/apidocs/com/openhtmltopdf/css/newmatch/CascadedStyle.html...
Generating /workspaces/CodeCureAgent/code_cure_agent/cca_workspace_4/openhtmltopdf/openhtmltopdf-core/target/apidocs/com/openhtmltopdf/css/newmatch/Matcher.html...
Generating /workspaces/CodeCureAgent/code_cure_agent/cca_workspace_4/openhtmltopdf/openhtmltopdf-core/target/apidocs/com/openhtmltopdf/css/newmatch/Matcher.AllDescendantMapper.html...
Generating /workspaces/CodeCureAgent/code_cure_agent/cca_workspace_4/openhtmltopdf/openhtmltopdf-core/target/apidocs/com/openhtmltopdf/css/newmatch/PageInfo.html...
Generating /workspaces/CodeCureAgent/code_cure_agent/cca_workspace_4/openhtmltopdf/openhtmltopdf-core/target/apidocs/com/openhtmltopdf/css/newmatch/Selector.html...
Generating /workspaces/CodeCureAgent/code_cure_agent/cca_workspace_4/openhtmltopdf/openhtmltopdf-core/target/apidocs/com/openhtmltopdf/css/parser/CounterData.html...
Generating /workspaces/CodeCureAgent/code_cure_agent/cca_workspace_4/openhtmltopdf/openhtmltopdf-core/target/apidocs/com/openhtmltopdf/css/parser/CSSErrorHandler.html...
Generating /workspaces/CodeCureAgent/code_cure_agent/cca_workspace_4/openhtmltopdf/openhtmltopdf-core/target/apidocs/com/openhtmltopdf/css/parser/CSSParseException.html...
Generating /workspaces/CodeCureAgent/code_cure_agent/cca_workspace_4/openhtmltopdf/openhtmltopdf-core/target/apidocs/com/openhtmltopdf/css/parser/CSSParser.html...
Generating /workspaces/CodeCureAgent/code_cure_agent/cca_workspace_4/openhtmltopdf/openhtmltopdf-core/target/apidocs/com/openhtmltopdf/css/parser/CSSPrimitiveValue.html...
Generating /workspaces/CodeCureAgent/code_cure_agent/cca_workspace_4/openhtmltopdf/openhtmltopdf-core/target/apidocs/com/openhtmltopdf/css/parser/CSSValue.html...
Generating /workspaces/CodeCureAgent/code_cure_agent/cca_workspace_4/openhtmltopdf/openhtmltopdf-core/target/apidocs/com/openhtmltopdf/css/parser/FSCMYKColor.html...
Generating /workspaces/CodeCureAgent/code_cure_agent/cca_workspace_4/openhtmltopdf/openhtmltopdf-core/target/apidocs/com/openhtmltopdf/css/parser/FSColor.html...
Generating /workspaces/CodeCureAgent/code_cure_agent/cca_workspace_4/openhtmltopdf/openhtmltopdf-core/target/apidocs/com/openhtmltopdf/css/parser/FSFunction.html...
Generating /workspaces/CodeCureAgent/code_cure_agent/cca_workspace_4/openhtmltopdf/openhtmltopdf-core/target/apidocs/com/openhtmltopdf/css/parser/FSRGBColor.html...
Generating /workspaces/CodeCureAgent/code_cure_agent/cca_workspace_4/openhtmltopdf/openhtmltopdf-core/target/apidocs/com/openhtmltopdf/css/parser/MakeTokens.html...
Generating /workspaces/CodeCureAgent/code_cure_agent/cca_workspace_4/openhtmltopdf/openhtmltopdf-core/target/apidocs/com/openhtmltopdf/css/parser/ParserTest.html...
Generating /workspaces/CodeCureAgent/code_cure_agent/cca_workspace_4/openhtmltopdf/openhtmltopdf-core/target/apidocs/com/openhtmltopdf/css/parser/PropertyValue.html...
Generating /workspaces/CodeCureAgent/code_cure_agent/cca_workspace_4/openhtmltopdf/openhtmltopdf-core/target/apidocs/com/openhtmltopdf/css/parser/Token.html...
Generating /workspaces/CodeCureAgent/code_cure_agent/cca_workspace_4/openhtmltopdf/openhtmltopdf-core/target/apidocs/com/openhtmltopdf/css/parser/property/AbstractPropertyBuilder.html...
Generating /workspaces/CodeCureAgent/code_cure_agent/cca_workspace_4/openhtmltopdf/openhtmltopdf-core/target/apidocs/com/openhtmltopdf/css/parser/property/BackgroundPropertyBuilder.html...
Generating /workspaces/CodeCureAgent/code_cure_agent/cca_workspace_4/openhtmltopdf/openhtmltopdf-core/target/apidocs/com/openhtmltopdf/css/parser/property/BorderPropertyBuilders.html...
Generating /workspaces/CodeCureAgent/code_cure_agent/cca_workspace_4/openhtmltopdf/openhtmltopdf-core/target/apidocs/com/openhtmltopdf/css/parser/property/BorderPropertyBuilders.Border.html...
Generating /workspaces/CodeCureAgent/code_cure_agent/cca_workspace_4/openhtmltopdf/openhtmltopdf-core/target/apidocs/com/openhtmltopdf/css/parser/property/BorderPropertyBuilders.BorderBottom.html...
Generating /workspaces/CodeCureAgent/code_cure_agent/cca_workspace_4/openhtmltopdf/openhtmltopdf-core/target/apidocs/com/openhtmltopdf/css/parser/property/BorderPropertyBuilders.BorderLeft.html...
Generating /workspaces/CodeCureAgent/code_cure_agent/cca_workspace_4/openhtmltopdf/openhtmltopdf-core/target/apidocs/com/openhtmltopdf/css/parser/property/BorderPropertyBuilders.BorderRight.html...
Generating /workspaces/CodeCureAgent/code_cure_agent/cca_workspace_4/openhtmltopdf/openhtmltopdf-core/target/apidocs/com/openhtmltopdf/css/parser/property/BorderPropertyBuilders.BorderTop.html...
Generating /workspaces/CodeCureAgent/code_cure_agent/cca_workspace_4/openhtmltopdf/openhtmltopdf-core/target/apidocs/com/openhtmltopdf/css/parser/property/BorderSpacingPropertyBuilder.html...
Generating /workspaces/CodeCureAgent/code_cure_agent/cca_workspace_4/openhtmltopdf/openhtmltopdf-core/target/apidocs/com/openhtmltopdf/css/parser/property/ContentPropertyBuilder.html...
Generating /workspaces/CodeCureAgent/code_cure_agent/cca_workspace_4/openhtmltopdf/openhtmltopdf-core/target/apidocs/com/openhtmltopdf/css/parser/property/Conversions.html...
Generating /workspaces/CodeCureAgent/code_cure_agent/cca_workspace_4/openhtmltopdf/openhtmltopdf-core/target/apidocs/com/openhtmltopdf/css/parser/property/CounterPropertyBuilder.html...
Generating /workspaces/CodeCureAgent/code_cure_agent/cca_workspace_4/openhtmltopdf/openhtmltopdf-core/target/apidocs/com/openhtmltopdf/css/parser/property/CounterPropertyBuilder.CounterIncrement.html...
Generating /workspaces/CodeCureAgent/code_cure_agent/cca_workspace_4/openhtmltopdf/openhtmltopdf-core/target/apidocs/com/openhtmltopdf/css/parser/property/CounterPropertyBuilder.CounterReset.html...
Generating /workspaces/CodeCureAgent/code_cure_agent/cca_workspace_4/openhtmltopdf/openhtmltopdf-core/target/apidocs/com/openhtmltopdf/css/parser/property/FontPropertyBuilder.html...
Generating /workspaces/CodeCureAgent/code_cure_agent/cca_workspace_4/openhtmltopdf/openhtmltopdf-core/target/apidocs/com/openhtmltopdf/css/parser/property/ListStylePropertyBuilder.html...
Generating /workspaces/CodeCureAgent/code_cure_agent/cca_workspace_4/openhtmltopdf/openhtmltopdf-core/target/apidocs/com/openhtmltopdf/css/parser/property/OneToFourPropertyBuilders.html...
Generating /workspaces/CodeCureAgent/code_cure_agent/cca_workspace_4/openhtmltopdf/openhtmltopdf-core/target/apidocs/com/openhtmltopdf/css/parser/property/OneToFourPropertyBuilders.BorderColor.html...
Generating /workspaces/CodeCureAgent/code_cure_agent/cca_workspace_4/openhtmltopdf/openhtmltopdf-core/target/apidocs/com/openhtmltopdf/css/parser/property/OneToFourPropertyBuilders.BorderRadius.html...
Generating /workspaces/CodeCureAgent/code_cure_agent/cca_workspace_4/openhtmltopdf/openhtmltopdf-core/target/apidocs/com/openhtmltopdf/css/parser/property/OneToFourPropertyBuilders.BorderStyle.html...
Generating /workspaces/CodeCureAgent/code_cure_agent/cca_workspace_4/openhtmltopdf/openhtmltopdf-core/target/apidocs/com/openhtmltopdf/css/parser/property/OneToFourPropertyBuilders.BorderWidth.html...
Generating /workspaces/CodeCureAgent/code_cure_agent/cca_workspace_4/openhtmltopdf/openhtmltopdf-core/target/apidocs/com/openhtmltopdf/css/parser/property/OneToFourPropertyBuilders.Margin.html...
Generating /workspaces/CodeCureAgent/code_cure_agent/cca_workspace_4/openhtmltopdf/openhtmltopdf-core/target/apidocs/com/openhtmltopdf/css/parser/property/OneToFourPropertyBuilders.Padding.html...
Generating /workspaces/CodeCureAgent/code_cure_agent/cca_workspace_4/openhtmltopdf/openhtmltopdf-core/target/apidocs/com/openhtmltopdf/css/parser/property/PageSize.html...
Generating /workspaces/CodeCureAgent/code_cure_agent/cca_workspace_4/openhtmltopdf/openhtmltopdf-core/target/apidocs/com/openhtmltopdf/css/parser/property/PrimitivePropertyBuilders.html...
Generating /workspaces/CodeCureAgent/code_cure_agent/cca_workspace_4/openhtmltopdf/openhtmltopdf-core/target/apidocs/com/openhtmltopdf/css/parser/property/PrimitivePropertyBuilders.BackgroundAttachment.html...
Generating /workspaces/CodeCureAgent/code_cure_agent/cca_workspace_4/openhtmltopdf/openhtmltopdf-core/target/apidocs/com/openhtmltopdf/css/parser/property/PrimitivePropertyBuilders.BackgroundColor.html...
Generating /workspaces/CodeCureAgent/code_cure_agent/cca_workspace_4/openhtmltopdf/openhtmltopdf-core/target/apidocs/com/openhtmltopdf/css/parser/property/PrimitivePropertyBuilders.BackgroundImage.html...
Generating /workspaces/CodeCureAgent/code_cure_agent/cca_workspace_4/openhtmltopdf/openhtmltopdf-core/target/apidocs/com/openhtmltopdf/css/parser/property/PrimitivePropertyBuilders.BackgroundPosition.html...
Generating /workspaces/CodeCureAgent/code_cure_agent/cca_workspace_4/openhtmltopdf/openhtmltopdf-core/target/apidocs/com/openhtmltopdf/css/parser/property/PrimitivePropertyBuilders.BackgroundRepeat.html...
Generating /workspaces/CodeCureAgent/code_cure_agent/cca_workspace_4/openhtmltopdf/openhtmltopdf-core/target/apidocs/com/openhtmltopdf/css/parser/property/PrimitivePropertyBuilders.BackgroundSize.html...
Generating /workspaces/CodeCureAgent/code_cure_agent/cca_workspace_4/openhtmltopdf/openhtmltopdf-core/target/apidocs/com/openhtmltopdf/css/parser/property/PrimitivePropertyBuilders.BorderBottomColor.html...
Generating /workspaces/CodeCureAgent/code_cure_agent/cca_workspace_4/openhtmltopdf/openhtmltopdf-core/target/apidocs/com/openhtmltopdf/css/parser/property/PrimitivePropertyBuilders.BorderBottomLeftRadius.html...
Generating /workspaces/CodeCureAgent/code_cure_agent/cca_workspace_4/openhtmltopdf/openhtmltopdf-core/target/apidocs/com/openhtmltopdf/css/parser/property/PrimitivePropertyBuilders.BorderBottomRightRadius.html...
Generating /workspaces/CodeCureAgent/code_cure_agent/cca_workspace_4/openhtmltopdf/openhtmltopdf-core/target/apidocs/com/openhtmltopdf/css/parser/property/PrimitivePropertyBuilders.BorderBottomStyle.html...
Generating /workspaces/CodeCureAgent/code_cure_agent/cca_workspace_4/openhtmltopdf/openhtmltopdf-core/target/apidocs/com/openhtmltopdf/css/parser/property/PrimitivePropertyBuilders.BorderBottomWidth.html...
Generating /workspaces/CodeCureAgent/code_cure_agent/cca_workspace_4/openhtmltopdf/openhtmltopdf-core/target/apidocs/com/openhtmltopdf/css/parser/property/PrimitivePropertyBuilders.BorderCollapse.html...
Generating /workspaces/CodeCureAgent/code_cure_agent/cca_workspace_4/openhtmltopdf/openhtmltopdf-core/target/apidocs/com/openhtmltopdf/css/parser/property/PrimitivePropertyBuilders.BorderLeftColor.html...
Generating /workspaces/CodeCureAgent/code_cure_agent/cca_workspace_4/openhtmltopdf/openhtmltopdf-core/target/apidocs/com/openhtmltopdf/css/parser/property/PrimitivePropertyBuilders.BorderLeftStyle.html...
Generating /workspaces/CodeCureAgent/code_cure_agent/cca_workspace_4/openhtmltopdf/openhtmltopdf-core/target/apidocs/com/openhtmltopdf/css/parser/property/PrimitivePropertyBuilders.BorderLeftWidth.html...
Generating /workspaces/CodeCureAgent/code_cure_agent/cca_workspace_4/openhtmltopdf/openhtmltopdf-core/target/apidocs/com/openhtmltopdf/css/parser/property/PrimitivePropertyBuilders.BorderRightColor.html...
Generating /workspaces/CodeCureAgent/code_cure_agent/cca_workspace_4/openhtmltopdf/openhtmltopdf-core/target/apidocs/com/openhtmltopdf/css/parser/property/PrimitivePropertyBuilders.BorderRightStyle.html...
Generating /workspaces/CodeCureAgent/code_cure_agent/cca_workspace_4/openhtmltopdf/openhtmltopdf-core/target/apidocs/com/openhtmltopdf/css/parser/property/PrimitivePropertyBuilders.BorderRightWidth.html...
Generating /workspaces/CodeCureAgent/code_cure_agent/cca_workspace_4/openhtmltopdf/openhtmltopdf-core/target/apidocs/com/openhtmltopdf/css/parser/property/PrimitivePropertyBuilders.BorderTopColor.html...
Generating /workspaces/CodeCureAgent/code_cure_agent/cca_workspace_4/openhtmltopdf/openhtmltopdf-core/target/apidocs/com/openhtmltopdf/css/parser/property/PrimitivePropertyBuilders.BorderTopLeftRadius.html...
Generating /workspaces/CodeCureAgent/code_cure_agent/cca_workspace_4/openhtmltopdf/openhtmltopdf-core/target/apidocs/com/openhtmltopdf/css/parser/property/PrimitivePropertyBuilders.BorderTopRightRadius.html...
Generating /workspaces/CodeCureAgent/code_cure_agent/cca_workspace_4/openhtmltopdf/openhtmltopdf-core/target/apidocs/com/openhtmltopdf/css/parser/property/PrimitivePropertyBuilders.BorderTopStyle.html...
Generating /workspaces/CodeCureAgent/code_cure_agent/cca_workspace_4/openhtmltopdf/openhtmltopdf-core/target/apidocs/com/openhtmltopdf/css/parser/property/PrimitivePropertyBuilders.BorderTopWidth.html...
Generating /workspaces/CodeCureAgent/code_cure_agent/cca_workspace_4/openhtmltopdf/openhtmltopdf-core/target/apidocs/com/openhtmltopdf/css/parser/property/PrimitivePropertyBuilders.Bottom.html...
Generating /workspaces/CodeCureAgent/code_cure_agent/cca_workspace_4/openhtmltopdf/openhtmltopdf-core/target/apidocs/com/openhtmltopdf/css/parser/property/PrimitivePropertyBuilders.BoxSizing.html...
Generating /workspaces/CodeCureAgent/code_cure_agent/cca_workspace_4/openhtmltopdf/openhtmltopdf-core/target/apidocs/com/openhtmltopdf/css/parser/property/PrimitivePropertyBuilders.BreakAfter.html...
Generating /workspaces/CodeCureAgent/code_cure_agent/cca_workspace_4/openhtmltopdf/openhtmltopdf-core/target/apidocs/com/openhtmltopdf/css/parser/property/PrimitivePropertyBuilders.BreakBefore.html...
Generating /workspaces/CodeCureAgent/code_cure_agent/cca_workspace_4/openhtmltopdf/openhtmltopdf-core/target/apidocs/com/openhtmltopdf/css/parser/property/PrimitivePropertyBuilders.CaptionSide.html...
Generating /workspaces/CodeCureAgent/code_cure_agent/cca_workspace_4/openhtmltopdf/openhtmltopdf-core/target/apidocs/com/openhtmltopdf/css/parser/property/PrimitivePropertyBuilders.Clear.html...
Generating /workspaces/CodeCureAgent/code_cure_agent/cca_workspace_4/openhtmltopdf/openhtmltopdf-core/target/apidocs/com/openhtmltopdf/css/parser/property/PrimitivePropertyBuilders.Color.html...
Generating /workspaces/CodeCureAgent/code_cure_agent/cca_workspace_4/openhtmltopdf/openhtmltopdf-core/target/apidocs/com/openhtmltopdf/css/parser/property/PrimitivePropertyBuilders.ColumnCount.html...
Generating /workspaces/CodeCureAgent/code_cure_agent/cca_workspace_4/openhtmltopdf/openhtmltopdf-core/target/apidocs/com/openhtmltopdf/css/parser/property/PrimitivePropertyBuilders.ColumnGap.html...
Generating /workspaces/CodeCureAgent/code_cure_agent/cca_workspace_4/openhtmltopdf/openhtmltopdf-core/target/apidocs/com/openhtmltopdf/css/parser/property/PrimitivePropertyBuilders.Cursor.html...
Generating /workspaces/CodeCureAgent/code_cure_agent/cca_workspace_4/openhtmltopdf/openhtmltopdf-core/target/apidocs/com/openhtmltopdf/css/parser/property/PrimitivePropertyBuilders.Direction.html...
Generating /workspaces/CodeCureAgent/code_cure_agent/cca_workspace_4/openhtmltopdf/openhtmltopdf-core/target/apidocs/com/openhtmltopdf/css/parser/property/PrimitivePropertyBuilders.Display.html...
Generating /workspaces/CodeCureAgent/code_cure_agent/cca_workspace_4/openhtmltopdf/openhtmltopdf-core/target/apidocs/com/openhtmltopdf/css/parser/property/PrimitivePropertyBuilders.EmptyCells.html...
Generating /workspaces/CodeCureAgent/code_cure_agent/cca_workspace_4/openhtmltopdf/openhtmltopdf-core/target/apidocs/com/openhtmltopdf/css/parser/property/PrimitivePropertyBuilders.Float.html...
Generating /workspaces/CodeCureAgent/code_cure_agent/cca_workspace_4/openhtmltopdf/openhtmltopdf-core/target/apidocs/com/openhtmltopdf/css/parser/property/PrimitivePropertyBuilders.FontFamily.html...
Generating /workspaces/CodeCureAgent/code_cure_agent/cca_workspace_4/openhtmltopdf/openhtmltopdf-core/target/apidocs/com/openhtmltopdf/css/parser/property/PrimitivePropertyBuilders.FontSize.html...
Generating /workspaces/CodeCureAgent/code_cure_agent/cca_workspace_4/openhtmltopdf/openhtmltopdf-core/target/apidocs/com/openhtmltopdf/css/parser/property/PrimitivePropertyBuilders.FontStyle.html...
Generating /workspaces/CodeCureAgent/code_cure_agent/cca_workspace_4/openhtmltopdf/openhtmltopdf-core/target/apidocs/com/openhtmltopdf/css/parser/property/PrimitivePropertyBuilders.FontVariant.html...
Generating /workspaces/CodeCureAgent/code_cure_agent/cca_workspace_4/openhtmltopdf/openhtmltopdf-core/target/apidocs/com/openhtmltopdf/css/parser/property/PrimitivePropertyBuilders.FontWeight.html...
Generating /workspaces/CodeCureAgent/code_cure_agent/cca_workspace_4/openhtmltopdf/openhtmltopdf-core/target/apidocs/com/openhtmltopdf/css/parser/property/PrimitivePropertyBuilders.FSBorderSpacingHorizontal.html...
Generating /workspaces/CodeCureAgent/code_cure_agent/cca_workspace_4/openhtmltopdf/openhtmltopdf-core/target/apidocs/com/openhtmltopdf/css/parser/property/PrimitivePropertyBuilders.FSBorderSpacingVertical.html...
Generating /workspaces/CodeCureAgent/code_cure_agent/cca_workspace_4/openhtmltopdf/openhtmltopdf-core/target/apidocs/com/openhtmltopdf/css/parser/property/PrimitivePropertyBuilders.FSCheckboxStyle.html...
Generating /workspaces/CodeCureAgent/code_cure_agent/cca_workspace_4/openhtmltopdf/openhtmltopdf-core/target/apidocs/com/openhtmltopdf/css/parser/property/PrimitivePropertyBuilders.FSDynamicAutoWidth.html...
Generating /workspaces/CodeCureAgent/code_cure_agent/cca_workspace_4/openhtmltopdf/openhtmltopdf-core/target/apidocs/com/openhtmltopdf/css/parser/property/PrimitivePropertyBuilders.FSFitImagesToWidth.html...
Generating /workspaces/CodeCureAgent/code_cure_agent/cca_workspace_4/openhtmltopdf/openhtmltopdf-core/target/apidocs/com/openhtmltopdf/css/parser/property/PrimitivePropertyBuilders.FSFontSubset.html...
Generating /workspaces/CodeCureAgent/code_cure_agent/cca_workspace_4/openhtmltopdf/openhtmltopdf-core/target/apidocs/com/openhtmltopdf/css/parser/property/PrimitivePropertyBuilders.FSKeepWithInline.html...
Generating /workspaces/CodeCureAgent/code_cure_agent/cca_workspace_4/openhtmltopdf/openhtmltopdf-core/target/apidocs/com/openhtmltopdf/css/parser/property/PrimitivePropertyBuilders.FSMaxJustificationInterChar.html...
Generating /workspaces/CodeCureAgent/code_cure_agent/cca_workspace_4/openhtmltopdf/openhtmltopdf-core/target/apidocs/com/openhtmltopdf/css/parser/property/PrimitivePropertyBuilders.FSMaxJustificationInterWord.html...
Generating /workspaces/CodeCureAgent/code_cure_agent/cca_workspace_4/openhtmltopdf/openhtmltopdf-core/target/apidocs/com/openhtmltopdf/css/parser/property/PrimitivePropertyBuilders.FSMaxOverflowPages.html...
Generating /workspaces/CodeCureAgent/code_cure_agent/cca_workspace_4/openhtmltopdf/openhtmltopdf-core/target/apidocs/com/openhtmltopdf/css/parser/property/PrimitivePropertyBuilders.FSNamedDestination.html...
Generating /workspaces/CodeCureAgent/code_cure_agent/cca_workspace_4/openhtmltopdf/openhtmltopdf-core/target/apidocs/com/openhtmltopdf/css/parser/property/PrimitivePropertyBuilders.FSOverflowPagesDirection.html...
Generating /workspaces/CodeCureAgent/code_cure_agent/cca_workspace_4/openhtmltopdf/openhtmltopdf-core/target/apidocs/com/openhtmltopdf/css/parser/property/PrimitivePropertyBuilders.FSPageBreakMinHeight.html...
Generating /workspaces/CodeCureAgent/code_cure_agent/cca_workspace_4/openhtmltopdf/openhtmltopdf-core/target/apidocs/com/openhtmltopdf/css/parser/property/PrimitivePropertyBuilders.FSPageHeight.html...
Generating /workspaces/CodeCureAgent/code_cure_agent/cca_workspace_4/openhtmltopdf/openhtmltopdf-core/target/apidocs/com/openhtmltopdf/css/parser/property/PrimitivePropertyBuilders.FSPageOrientation.html...
Generating /workspaces/CodeCureAgent/code_cure_agent/cca_workspace_4/openhtmltopdf/openhtmltopdf-core/target/apidocs/com/openhtmltopdf/css/parser/property/PrimitivePropertyBuilders.FSPageSequence.html...
Generating /workspaces/CodeCureAgent/code_cure_agent/cca_workspace_4/openhtmltopdf/openhtmltopdf-core/target/apidocs/com/openhtmltopdf/css/parser/property/PrimitivePropertyBuilders.FSPageWidth.html...
Generating /workspaces/CodeCureAgent/code_cure_agent/cca_workspace_4/openhtmltopdf/openhtmltopdf-core/target/apidocs/com/openhtmltopdf/css/parser/property/PrimitivePropertyBuilders.FSPDFFontEmbed.html...
Generating /workspaces/CodeCureAgent/code_cure_agent/cca_workspace_4/openhtmltopdf/openhtmltopdf-core/target/apidocs/com/openhtmltopdf/css/parser/property/PrimitivePropertyBuilders.FSPDFFontEncoding.html...
Generating /workspaces/CodeCureAgent/code_cure_agent/cca_workspace_4/openhtmltopdf/openhtmltopdf-core/target/apidocs/com/openhtmltopdf/css/parser/property/PrimitivePropertyBuilders.FSTableCellColspan.html...
Generating /workspaces/CodeCureAgent/code_cure_agent/cca_workspace_4/openhtmltopdf/openhtmltopdf-core/target/apidocs/com/openhtmltopdf/css/parser/property/PrimitivePropertyBuilders.FSTableCellRowspan.html...
Generating /workspaces/CodeCureAgent/code_cure_agent/cca_workspace_4/openhtmltopdf/openhtmltopdf-core/target/apidocs/com/openhtmltopdf/css/parser/property/PrimitivePropertyBuilders.FSTablePaginate.html...
Generating /workspaces/CodeCureAgent/code_cure_agent/cca_workspace_4/openhtmltopdf/openhtmltopdf-core/target/apidocs/com/openhtmltopdf/css/parser/property/PrimitivePropertyBuilders.FSTextDecorationExtent.html...
Generating /workspaces/CodeCureAgent/code_cure_agent/cca_workspace_4/openhtmltopdf/openhtmltopdf-core/target/apidocs/com/openhtmltopdf/css/parser/property/PrimitivePropertyBuilders.Height.html...
Generating /workspaces/CodeCureAgent/code_cure_agent/cca_workspace_4/openhtmltopdf/openhtmltopdf-core/target/apidocs/com/openhtmltopdf/css/parser/property/PrimitivePropertyBuilders.ImageRenderingBuilder.html...
Generating /workspaces/CodeCureAgent/code_cure_agent/cca_workspace_4/openhtmltopdf/openhtmltopdf-core/target/apidocs/com/openhtmltopdf/css/parser/property/PrimitivePropertyBuilders.Left.html...
Generating /workspaces/CodeCureAgent/code_cure_agent/cca_workspace_4/openhtmltopdf/openhtmltopdf-core/target/apidocs/com/openhtmltopdf/css/parser/property/PrimitivePropertyBuilders.LetterSpacing.html...
Generating /workspaces/CodeCureAgent/code_cure_agent/cca_workspace_4/openhtmltopdf/openhtmltopdf-core/target/apidocs/com/openhtmltopdf/css/parser/property/PrimitivePropertyBuilders.LineHeight.html...
Generating /workspaces/CodeCureAgent/code_cure_agent/cca_workspace_4/openhtmltopdf/openhtmltopdf-core/target/apidocs/com/openhtmltopdf/css/parser/property/PrimitivePropertyBuilders.ListStyleImage.html...
Generating /workspaces/CodeCureAgent/code_cure_agent/cca_workspace_4/openhtmltopdf/openhtmltopdf-core/target/apidocs/com/openhtmltopdf/css/parser/property/PrimitivePropertyBuilders.ListStylePosition.html...
Generating /workspaces/CodeCureAgent/code_cure_agent/cca_workspace_4/openhtmltopdf/openhtmltopdf-core/target/apidocs/com/openhtmltopdf/css/parser/property/PrimitivePropertyBuilders.ListStyleType.html...
Generating /workspaces/CodeCureAgent/code_cure_agent/cca_workspace_4/openhtmltopdf/openhtmltopdf-core/target/apidocs/com/openhtmltopdf/css/parser/property/PrimitivePropertyBuilders.MarginBottom.html...
Generating /workspaces/CodeCureAgent/code_cure_agent/cca_workspace_4/openhtmltopdf/openhtmltopdf-core/target/apidocs/com/openhtmltopdf/css/parser/property/PrimitivePropertyBuilders.MarginLeft.html...
Generating /workspaces/CodeCureAgent/code_cure_agent/cca_workspace_4/openhtmltopdf/openhtmltopdf-core/target/apidocs/com/openhtmltopdf/css/parser/property/PrimitivePropertyBuilders.MarginRight.html...
Generating /workspaces/CodeCureAgent/code_cure_agent/cca_workspace_4/openhtmltopdf/openhtmltopdf-core/target/apidocs/com/openhtmltopdf/css/parser/property/PrimitivePropertyBuilders.MarginTop.html...
Generating /workspaces/CodeCureAgent/code_cure_agent/cca_workspace_4/openhtmltopdf/openhtmltopdf-core/target/apidocs/com/openhtmltopdf/css/parser/property/PrimitivePropertyBuilders.MaxHeight.html...
Generating /workspaces/CodeCureAgent/code_cure_agent/cca_workspace_4/openhtmltopdf/openhtmltopdf-core/target/apidocs/com/openhtmltopdf/css/parser/property/PrimitivePropertyBuilders.MaxWidth.html...
Generating /workspaces/CodeCureAgent/code_cure_agent/cca_workspace_4/openhtmltopdf/openhtmltopdf-core/target/apidocs/com/openhtmltopdf/css/parser/property/PrimitivePropertyBuilders.MinHeight.html...
Generating /workspaces/CodeCureAgent/code_cure_agent/cca_workspace_4/openhtmltopdf/openhtmltopdf-core/target/apidocs/com/openhtmltopdf/css/parser/property/PrimitivePropertyBuilders.MinWidth.html...
Generating /workspaces/CodeCureAgent/code_cure_agent/cca_workspace_4/openhtmltopdf/openhtmltopdf-core/target/apidocs/com/openhtmltopdf/css/parser/property/PrimitivePropertyBuilders.Orphans.html...
Generating /workspaces/CodeCureAgent/code_cure_agent/cca_workspace_4/openhtmltopdf/openhtmltopdf-core/target/apidocs/com/openhtmltopdf/css/parser/property/PrimitivePropertyBuilders.Overflow.html...
Generating /workspaces/CodeCureAgent/code_cure_agent/cca_workspace_4/openhtmltopdf/openhtmltopdf-core/target/apidocs/com/openhtmltopdf/css/parser/property/PrimitivePropertyBuilders.PaddingBottom.html...
Generating /workspaces/CodeCureAgent/code_cure_agent/cca_workspace_4/openhtmltopdf/openhtmltopdf-core/target/apidocs/com/openhtmltopdf/css/parser/property/PrimitivePropertyBuilders.PaddingLeft.html...
Generating /workspaces/CodeCureAgent/code_cure_agent/cca_workspace_4/openhtmltopdf/openhtmltopdf-core/target/apidocs/com/openhtmltopdf/css/parser/property/PrimitivePropertyBuilders.PaddingRight.html...
Generating /workspaces/CodeCureAgent/code_cure_agent/cca_workspace_4/openhtmltopdf/openhtmltopdf-core/target/apidocs/com/openhtmltopdf/css/parser/property/PrimitivePropertyBuilders.PaddingTop.html...
Generating /workspaces/CodeCureAgent/code_cure_agent/cca_workspace_4/openhtmltopdf/openhtmltopdf-core/target/apidocs/com/openhtmltopdf/css/parser/property/PrimitivePropertyBuilders.Page.html...
Generating /workspaces/CodeCureAgent/code_cure_agent/cca_workspace_4/openhtmltopdf/openhtmltopdf-core/target/apidocs/com/openhtmltopdf/css/parser/property/PrimitivePropertyBuilders.PageBreakAfter.html...
Generating /workspaces/CodeCureAgent/code_cure_agent/cca_workspace_4/openhtmltopdf/openhtmltopdf-core/target/apidocs/com/openhtmltopdf/css/parser/property/PrimitivePropertyBuilders.PageBreakBefore.html...
Generating /workspaces/CodeCureAgent/code_cure_agent/cca_workspace_4/openhtmltopdf/openhtmltopdf-core/target/apidocs/com/openhtmltopdf/css/parser/property/PrimitivePropertyBuilders.PageBreakInside.html...
Generating /workspaces/CodeCureAgent/code_cure_agent/cca_workspace_4/openhtmltopdf/openhtmltopdf-core/target/apidocs/com/openhtmltopdf/css/parser/property/PrimitivePropertyBuilders.Position.html...
Generating /workspaces/CodeCureAgent/code_cure_agent/cca_workspace_4/openhtmltopdf/openhtmltopdf-core/target/apidocs/com/openhtmltopdf/css/parser/property/PrimitivePropertyBuilders.Right.html...
Generating /workspaces/CodeCureAgent/code_cure_agent/cca_workspace_4/openhtmltopdf/openhtmltopdf-core/target/apidocs/com/openhtmltopdf/css/parser/property/PrimitivePropertyBuilders.Src.html...
Generating /workspaces/CodeCureAgent/code_cure_agent/cca_workspace_4/openhtmltopdf/openhtmltopdf-core/target/apidocs/com/openhtmltopdf/css/parser/property/PrimitivePropertyBuilders.TableLayout.html...
Generating /workspaces/CodeCureAgent/code_cure_agent/cca_workspace_4/openhtmltopdf/openhtmltopdf-core/target/apidocs/com/openhtmltopdf/css/parser/property/PrimitivePropertyBuilders.TabSize.html...
Generating /workspaces/CodeCureAgent/code_cure_agent/cca_workspace_4/openhtmltopdf/openhtmltopdf-core/target/apidocs/com/openhtmltopdf/css/parser/property/PrimitivePropertyBuilders.TextAlign.html...
Generating /workspaces/CodeCureAgent/code_cure_agent/cca_workspace_4/openhtmltopdf/openhtmltopdf-core/target/apidocs/com/openhtmltopdf/css/parser/property/PrimitivePropertyBuilders.TextDecoration.html...
Generating /workspaces/CodeCureAgent/code_cure_agent/cca_workspace_4/openhtmltopdf/openhtmltopdf-core/target/apidocs/com/openhtmltopdf/css/parser/property/PrimitivePropertyBuilders.TextIndent.html...
Generating /workspaces/CodeCureAgent/code_cure_agent/cca_workspace_4/openhtmltopdf/openhtmltopdf-core/target/apidocs/com/openhtmltopdf/css/parser/property/PrimitivePropertyBuilders.TextTransform.html...
Generating /workspaces/CodeCureAgent/code_cure_agent/cca_workspace_4/openhtmltopdf/openhtmltopdf-core/target/apidocs/com/openhtmltopdf/css/parser/property/PrimitivePropertyBuilders.Top.html...
Generating /workspaces/CodeCureAgent/code_cure_agent/cca_workspace_4/openhtmltopdf/openhtmltopdf-core/target/apidocs/com/openhtmltopdf/css/parser/property/PrimitivePropertyBuilders.TransformOriginPropertyBuilder.html...
Generating /workspaces/CodeCureAgent/code_cure_agent/cca_workspace_4/openhtmltopdf/openhtmltopdf-core/target/apidocs/com/openhtmltopdf/css/parser/property/PrimitivePropertyBuilders.TransformOriginX.html...
Generating /workspaces/CodeCureAgent/code_cure_agent/cca_workspace_4/openhtmltopdf/openhtmltopdf-core/target/apidocs/com/openhtmltopdf/css/parser/property/PrimitivePropertyBuilders.TransformOriginY.html...
Generating /workspaces/CodeCureAgent/code_cure_agent/cca_workspace_4/openhtmltopdf/openhtmltopdf-core/target/apidocs/com/openhtmltopdf/css/parser/property/PrimitivePropertyBuilders.TransformPropertyBuilder.html...
Generating /workspaces/CodeCureAgent/code_cure_agent/cca_workspace_4/openhtmltopdf/openhtmltopdf-core/target/apidocs/com/openhtmltopdf/css/parser/property/PrimitivePropertyBuilders.VerticalAlign.html...
Generating /workspaces/CodeCureAgent/code_cure_agent/cca_workspace_4/openhtmltopdf/openhtmltopdf-core/target/apidocs/com/openhtmltopdf/css/parser/property/PrimitivePropertyBuilders.Visibility.html...
Generating /workspaces/CodeCureAgent/code_cure_agent/cca_workspace_4/openhtmltopdf/openhtmltopdf-core/target/apidocs/com/openhtmltopdf/css/parser/property/PrimitivePropertyBuilders.WhiteSpace.html...
Generating /workspaces/CodeCureAgent/code_cure_agent/cca_workspace_4/openhtmltopdf/openhtmltopdf-core/target/apidocs/com/openhtmltopdf/css/parser/property/PrimitivePropertyBuilders.Widows.html...
Generating /workspaces/CodeCureAgent/code_cure_agent/cca_workspace_4/openhtmltopdf/openhtmltopdf-core/target/apidocs/com/openhtmltopdf/css/parser/property/PrimitivePropertyBuilders.Width.html...
Generating /workspaces/CodeCureAgent/code_cure_agent/cca_workspace_4/openhtmltopdf/openhtmltopdf-core/target/apidocs/com/openhtmltopdf/css/parser/property/PrimitivePropertyBuilders.WordSpacing.html...
Generating /workspaces/CodeCureAgent/code_cure_agent/cca_workspace_4/openhtmltopdf/openhtmltopdf-core/target/apidocs/com/openhtmltopdf/css/parser/property/PrimitivePropertyBuilders.WordWrap.html...
Generating /workspaces/CodeCureAgent/code_cure_agent/cca_workspace_4/openhtmltopdf/openhtmltopdf-core/target/apidocs/com/openhtmltopdf/css/parser/property/PrimitivePropertyBuilders.ZIndex.html...
Generating /workspaces/CodeCureAgent/code_cure_agent/cca_workspace_4/openhtmltopdf/openhtmltopdf-core/target/apidocs/com/openhtmltopdf/css/parser/property/PropertyBuilder.html...
Generating /workspaces/CodeCureAgent/code_cure_agent/cca_workspace_4/openhtmltopdf/openhtmltopdf-core/target/apidocs/com/openhtmltopdf/css/parser/property/QuotesPropertyBuilder.html...
Generating /workspaces/CodeCureAgent/code_cure_agent/cca_workspace_4/openhtmltopdf/openhtmltopdf-core/target/apidocs/com/openhtmltopdf/css/parser/property/SizePropertyBuilder.html...
Generating /workspaces/CodeCureAgent/code_cure_agent/cca_workspace_4/openhtmltopdf/openhtmltopdf-core/target/apidocs/com/openhtmltopdf/css/sheet/FontFaceRule.html...
Generating /workspaces/CodeCureAgent/code_cure_agent/cca_workspace_4/openhtmltopdf/openhtmltopdf-core/target/apidocs/com/openhtmltopdf/css/sheet/InvalidPropertyDeclaration.html...
Generating /workspaces/CodeCureAgent/code_cure_agent/cca_workspace_4/openhtmltopdf/openhtmltopdf-core/target/apidocs/com/openhtmltopdf/css/sheet/MediaRule.html...
Generating /workspaces/CodeCureAgent/code_cure_agent/cca_workspace_4/openhtmltopdf/openhtmltopdf-core/target/apidocs/com/openhtmltopdf/css/sheet/PageRule.html...
Generating /workspaces/CodeCureAgent/code_cure_agent/cca_workspace_4/openhtmltopdf/openhtmltopdf-core/target/apidocs/com/openhtmltopdf/css/sheet/PropertyDeclaration.html...
Generating /workspaces/CodeCureAgent/code_cure_agent/cca_workspace_4/openhtmltopdf/openhtmltopdf-core/target/apidocs/com/openhtmltopdf/css/sheet/Ruleset.html...
Generating /workspaces/CodeCureAgent/code_cure_agent/cca_workspace_4/openhtmltopdf/openhtmltopdf-core/target/apidocs/com/openhtmltopdf/css/sheet/RulesetContainer.html...
Generating /workspaces/CodeCureAgent/code_cure_agent/cca_workspace_4/openhtmltopdf/openhtmltopdf-core/target/apidocs/com/openhtmltopdf/css/sheet/Stylesheet.html...
Generating /workspaces/CodeCureAgent/code_cure_agent/cca_workspace_4/openhtmltopdf/openhtmltopdf-core/target/apidocs/com/openhtmltopdf/css/sheet/StylesheetInfo.html...
Generating /workspaces/CodeCureAgent/code_cure_agent/cca_workspace_4/openhtmltopdf/openhtmltopdf-core/target/apidocs/com/openhtmltopdf/css/style/BackgroundPosition.html...
Generating /workspaces/CodeCureAgent/code_cure_agent/cca_workspace_4/openhtmltopdf/openhtmltopdf-core/target/apidocs/com/openhtmltopdf/css/style/BackgroundSize.html...
Generating /workspaces/CodeCureAgent/code_cure_agent/cca_workspace_4/openhtmltopdf/openhtmltopdf-core/target/apidocs/com/openhtmltopdf/css/style/BorderRadiusCorner.html...
Generating /workspaces/CodeCureAgent/code_cure_agent/cca_workspace_4/openhtmltopdf/openhtmltopdf-core/target/apidocs/com/openhtmltopdf/css/style/CalculatedStyle.html...
Generating /workspaces/CodeCureAgent/code_cure_agent/cca_workspace_4/openhtmltopdf/openhtmltopdf-core/target/apidocs/com/openhtmltopdf/css/style/CssContext.html...
Generating /workspaces/CodeCureAgent/code_cure_agent/cca_workspace_4/openhtmltopdf/openhtmltopdf-core/target/apidocs/com/openhtmltopdf/css/style/DerivedValue.html...
Generating /workspaces/CodeCureAgent/code_cure_agent/cca_workspace_4/openhtmltopdf/openhtmltopdf-core/target/apidocs/com/openhtmltopdf/css/style/EmptyStyle.html...
Generating /workspaces/CodeCureAgent/code_cure_agent/cca_workspace_4/openhtmltopdf/openhtmltopdf-core/target/apidocs/com/openhtmltopdf/css/style/FontSizeHelper.html...
Generating /workspaces/CodeCureAgent/code_cure_agent/cca_workspace_4/openhtmltopdf/openhtmltopdf-core/target/apidocs/com/openhtmltopdf/css/style/FSDerivedValue.html...
Generating /workspaces/CodeCureAgent/code_cure_agent/cca_workspace_4/openhtmltopdf/openhtmltopdf-core/target/apidocs/com/openhtmltopdf/css/style/Length.html...
Generating /workspaces/CodeCureAgent/code_cure_agent/cca_workspace_4/openhtmltopdf/openhtmltopdf-core/target/apidocs/com/openhtmltopdf/css/style/derived/BorderPropertySet.html...
Generating /workspaces/CodeCureAgent/code_cure_agent/cca_workspace_4/openhtmltopdf/openhtmltopdf-core/target/apidocs/com/openhtmltopdf/css/style/derived/ColorValue.html...
Generating /workspaces/CodeCureAgent/code_cure_agent/cca_workspace_4/openhtmltopdf/openhtmltopdf-core/target/apidocs/com/openhtmltopdf/css/style/derived/CountersValue.html...
Generating /workspaces/CodeCureAgent/code_cure_agent/cca_workspace_4/openhtmltopdf/openhtmltopdf-core/target/apidocs/com/openhtmltopdf/css/style/derived/DerivedValueFactory.html...
Generating /workspaces/CodeCureAgent/code_cure_agent/cca_workspace_4/openhtmltopdf/openhtmltopdf-core/target/apidocs/com/openhtmltopdf/css/style/derived/FSLinearGradient.html...
Generating /workspaces/CodeCureAgent/code_cure_agent/cca_workspace_4/openhtmltopdf/openhtmltopdf-core/target/apidocs/com/openhtmltopdf/css/style/derived/FSLinearGradient.StopPoint.html...
Generating /workspaces/CodeCureAgent/code_cure_agent/cca_workspace_4/openhtmltopdf/openhtmltopdf-core/target/apidocs/com/openhtmltopdf/css/style/derived/FunctionValue.html...
Generating /workspaces/CodeCureAgent/code_cure_agent/cca_workspace_4/openhtmltopdf/openhtmltopdf-core/target/apidocs/com/openhtmltopdf/css/style/derived/LengthValue.html...
Generating /workspaces/CodeCureAgent/code_cure_agent/cca_workspace_4/openhtmltopdf/openhtmltopdf-core/target/apidocs/com/openhtmltopdf/css/style/derived/ListValue.html...
Generating /workspaces/CodeCureAgent/code_cure_agent/cca_workspace_4/openhtmltopdf/openhtmltopdf-core/target/apidocs/com/openhtmltopdf/css/style/derived/NumberValue.html...
Generating /workspaces/CodeCureAgent/code_cure_agent/cca_workspace_4/openhtmltopdf/openhtmltopdf-core/target/apidocs/com/openhtmltopdf/css/style/derived/RectPropertySet.html...
Generating /workspaces/CodeCureAgent/code_cure_agent/cca_workspace_4/openhtmltopdf/openhtmltopdf-core/target/apidocs/com/openhtmltopdf/css/style/derived/StringValue.html...
Generating /workspaces/CodeCureAgent/code_cure_agent/cca_workspace_4/openhtmltopdf/openhtmltopdf-core/target/apidocs/com/openhtmltopdf/css/value/FontSpecification.html...
Generating /workspaces/CodeCureAgent/code_cure_agent/cca_workspace_4/openhtmltopdf/openhtmltopdf-core/target/apidocs/com/openhtmltopdf/event/DefaultDocumentListener.html...
Generating /workspaces/CodeCureAgent/code_cure_agent/cca_workspace_4/openhtmltopdf/openhtmltopdf-core/target/apidocs/com/openhtmltopdf/event/DocumentListener.html...
Generating /workspaces/CodeCureAgent/code_cure_agent/cca_workspace_4/openhtmltopdf/openhtmltopdf-core/target/apidocs/com/openhtmltopdf/extend/FontContext.html...
Generating /workspaces/CodeCureAgent/code_cure_agent/cca_workspace_4/openhtmltopdf/openhtmltopdf-core/target/apidocs/com/openhtmltopdf/extend/FontResolver.html...
Generating /workspaces/CodeCureAgent/code_cure_agent/cca_workspace_4/openhtmltopdf/openhtmltopdf-core/target/apidocs/com/openhtmltopdf/extend/FSCacheEx.html...
Generating /workspaces/CodeCureAgent/code_cure_agent/cca_workspace_4/openhtmltopdf/openhtmltopdf-core/target/apidocs/com/openhtmltopdf/extend/FSCacheValue.html...
Generating /workspaces/CodeCureAgent/code_cure_agent/cca_workspace_4/openhtmltopdf/openhtmltopdf-core/target/apidocs/com/openhtmltopdf/extend/FSCanvas.html...
Generating /workspaces/CodeCureAgent/code_cure_agent/cca_workspace_4/openhtmltopdf/openhtmltopdf-core/target/apidocs/com/openhtmltopdf/extend/FSDOMMutator.html...
Generating /workspaces/CodeCureAgent/code_cure_agent/cca_workspace_4/openhtmltopdf/openhtmltopdf-core/target/apidocs/com/openhtmltopdf/extend/FSGlyphVector.html...
Generating /workspaces/CodeCureAgent/code_cure_agent/cca_workspace_4/openhtmltopdf/openhtmltopdf-core/target/apidocs/com/openhtmltopdf/extend/FSImage.html...
Generating /workspaces/CodeCureAgent/code_cure_agent/cca_workspace_4/openhtmltopdf/openhtmltopdf-core/target/apidocs/com/openhtmltopdf/extend/FSObjectDrawer.html...
Generating /workspaces/CodeCureAgent/code_cure_agent/cca_workspace_4/openhtmltopdf/openhtmltopdf-core/target/apidocs/com/openhtmltopdf/extend/FSObjectDrawerFactory.html...
Generating /workspaces/CodeCureAgent/code_cure_agent/cca_workspace_4/openhtmltopdf/openhtmltopdf-core/target/apidocs/com/openhtmltopdf/extend/FSStream.html...
Generating /workspaces/CodeCureAgent/code_cure_agent/cca_workspace_4/openhtmltopdf/openhtmltopdf-core/target/apidocs/com/openhtmltopdf/extend/FSStreamFactory.html...
Generating /workspaces/CodeCureAgent/code_cure_agent/cca_workspace_4/openhtmltopdf/openhtmltopdf-core/target/apidocs/com/openhtmltopdf/extend/FSSupplier.html...
Generating /workspaces/CodeCureAgent/code_cure_agent/cca_workspace_4/openhtmltopdf/openhtmltopdf-core/target/apidocs/com/openhtmltopdf/extend/FSTextBreaker.html...
Generating /workspaces/CodeCureAgent/code_cure_agent/cca_workspace_4/openhtmltopdf/openhtmltopdf-core/target/apidocs/com/openhtmltopdf/extend/FSTextTransformer.html...
Generating /workspaces/CodeCureAgent/code_cure_agent/cca_workspace_4/openhtmltopdf/openhtmltopdf-core/target/apidocs/com/openhtmltopdf/extend/FSUriResolver.html...
Generating /workspaces/CodeCureAgent/code_cure_agent/cca_workspace_4/openhtmltopdf/openhtmltopdf-core/target/apidocs/com/openhtmltopdf/extend/HttpStream.html...
Generating /workspaces/CodeCureAgent/code_cure_agent/cca_workspace_4/openhtmltopdf/openhtmltopdf-core/target/apidocs/com/openhtmltopdf/extend/HttpStreamFactory.html...
Generating /workspaces/CodeCureAgent/code_cure_agent/cca_workspace_4/openhtmltopdf/openhtmltopdf-core/target/apidocs/com/openhtmltopdf/extend/NamespaceHandler.html...
Generating /workspaces/CodeCureAgent/code_cure_agent/cca_workspace_4/openhtmltopdf/openhtmltopdf-core/target/apidocs/com/openhtmltopdf/extend/OutputDevice.html...
Generating /workspaces/CodeCureAgent/code_cure_agent/cca_workspace_4/openhtmltopdf/openhtmltopdf-core/target/apidocs/com/openhtmltopdf/extend/OutputDeviceGraphicsDrawer.html...
Generating /workspaces/CodeCureAgent/code_cure_agent/cca_workspace_4/openhtmltopdf/openhtmltopdf-core/target/apidocs/com/openhtmltopdf/extend/ReplacedElement.html...
Generating /workspaces/CodeCureAgent/code_cure_agent/cca_workspace_4/openhtmltopdf/openhtmltopdf-core/target/apidocs/com/openhtmltopdf/extend/ReplacedElementFactory.html...
Generating /workspaces/CodeCureAgent/code_cure_agent/cca_workspace_4/openhtmltopdf/openhtmltopdf-core/target/apidocs/com/openhtmltopdf/extend/StructureType.html...
Generating /workspaces/CodeCureAgent/code_cure_agent/cca_workspace_4/openhtmltopdf/openhtmltopdf-core/target/apidocs/com/openhtmltopdf/extend/SVGDrawer.html...
Generating /workspaces/CodeCureAgent/code_cure_agent/cca_workspace_4/openhtmltopdf/openhtmltopdf-core/target/apidocs/com/openhtmltopdf/extend/SVGDrawer.SVGImage.html...
Generating /workspaces/CodeCureAgent/code_cure_agent/cca_workspace_4/openhtmltopdf/openhtmltopdf-core/target/apidocs/com/openhtmltopdf/extend/TextRenderer.html...
Generating /workspaces/CodeCureAgent/code_cure_agent/cca_workspace_4/openhtmltopdf/openhtmltopdf-core/target/apidocs/com/openhtmltopdf/extend/UserAgentCallback.html...
Generating /workspaces/CodeCureAgent/code_cure_agent/cca_workspace_4/openhtmltopdf/openhtmltopdf-core/target/apidocs/com/openhtmltopdf/extend/UserInterface.html...
Generating /workspaces/CodeCureAgent/code_cure_agent/cca_workspace_4/openhtmltopdf/openhtmltopdf-core/target/apidocs/com/openhtmltopdf/extend/impl/FSDefaultCacheStore.html...
Generating /workspaces/CodeCureAgent/code_cure_agent/cca_workspace_4/openhtmltopdf/openhtmltopdf-core/target/apidocs/com/openhtmltopdf/extend/impl/FSNoOpCacheStore.html...
Generating /workspaces/CodeCureAgent/code_cure_agent/cca_workspace_4/openhtmltopdf/openhtmltopdf-core/target/apidocs/com/openhtmltopdf/layout/BlockBoxing.html...
Generating /workspaces/CodeCureAgent/code_cure_agent/cca_workspace_4/openhtmltopdf/openhtmltopdf-core/target/apidocs/com/openhtmltopdf/layout/BlockFormattingContext.html...
Generating /workspaces/CodeCureAgent/code_cure_agent/cca_workspace_4/openhtmltopdf/openhtmltopdf-core/target/apidocs/com/openhtmltopdf/layout/BoxBuilder.html...
Generating /workspaces/CodeCureAgent/code_cure_agent/cca_workspace_4/openhtmltopdf/openhtmltopdf-core/target/apidocs/com/openhtmltopdf/layout/BoxCollector.html...
Generating /workspaces/CodeCureAgent/code_cure_agent/cca_workspace_4/openhtmltopdf/openhtmltopdf-core/target/apidocs/com/openhtmltopdf/layout/BoxRange.html...
Generating /workspaces/CodeCureAgent/code_cure_agent/cca_workspace_4/openhtmltopdf/openhtmltopdf-core/target/apidocs/com/openhtmltopdf/layout/BoxRangeData.html...
Generating /workspaces/CodeCureAgent/code_cure_agent/cca_workspace_4/openhtmltopdf/openhtmltopdf-core/target/apidocs/com/openhtmltopdf/layout/BoxRangeHelper.html...
Generating /workspaces/CodeCureAgent/code_cure_agent/cca_workspace_4/openhtmltopdf/openhtmltopdf-core/target/apidocs/com/openhtmltopdf/layout/BoxRangeLists.html...
Generating /workspaces/CodeCureAgent/code_cure_agent/cca_workspace_4/openhtmltopdf/openhtmltopdf-core/target/apidocs/com/openhtmltopdf/layout/BreakAtLineContext.html...
Generating /workspaces/CodeCureAgent/code_cure_agent/cca_workspace_4/openhtmltopdf/openhtmltopdf-core/target/apidocs/com/openhtmltopdf/layout/Breaker.html...
Generating /workspaces/CodeCureAgent/code_cure_agent/cca_workspace_4/openhtmltopdf/openhtmltopdf-core/target/apidocs/com/openhtmltopdf/layout/Breaker.TextBreakerSupplier.html...
Generating /workspaces/CodeCureAgent/code_cure_agent/cca_workspace_4/openhtmltopdf/openhtmltopdf-core/target/apidocs/com/openhtmltopdf/layout/CollapsedBorderSide.html...
Generating /workspaces/CodeCureAgent/code_cure_agent/cca_workspace_4/openhtmltopdf/openhtmltopdf-core/target/apidocs/com/openhtmltopdf/layout/CounterFunction.html...
Generating /workspaces/CodeCureAgent/code_cure_agent/cca_workspace_4/openhtmltopdf/openhtmltopdf-core/target/apidocs/com/openhtmltopdf/layout/FloatLayoutResult.html...
Generating /workspaces/CodeCureAgent/code_cure_agent/cca_workspace_4/openhtmltopdf/openhtmltopdf-core/target/apidocs/com/openhtmltopdf/layout/FloatManager.html...
Generating /workspaces/CodeCureAgent/code_cure_agent/cca_workspace_4/openhtmltopdf/openhtmltopdf-core/target/apidocs/com/openhtmltopdf/layout/FloatManager.BoxOffset.html...
Generating /workspaces/CodeCureAgent/code_cure_agent/cca_workspace_4/openhtmltopdf/openhtmltopdf-core/target/apidocs/com/openhtmltopdf/layout/FloatManager.FloatOperation.html...
Generating /workspaces/CodeCureAgent/code_cure_agent/cca_workspace_4/openhtmltopdf/openhtmltopdf-core/target/apidocs/com/openhtmltopdf/layout/FunctionData.html...
Generating /workspaces/CodeCureAgent/code_cure_agent/cca_workspace_4/openhtmltopdf/openhtmltopdf-core/target/apidocs/com/openhtmltopdf/layout/InlineBoxing.html...
Generating /workspaces/CodeCureAgent/code_cure_agent/cca_workspace_4/openhtmltopdf/openhtmltopdf-core/target/apidocs/com/openhtmltopdf/layout/InlineBoxMeasurements.html...
Generating /workspaces/CodeCureAgent/code_cure_agent/cca_workspace_4/openhtmltopdf/openhtmltopdf-core/target/apidocs/com/openhtmltopdf/layout/InlinePaintable.html...
Generating /workspaces/CodeCureAgent/code_cure_agent/cca_workspace_4/openhtmltopdf/openhtmltopdf-core/target/apidocs/com/openhtmltopdf/layout/Layer.html...
Generating /workspaces/CodeCureAgent/code_cure_agent/cca_workspace_4/openhtmltopdf/openhtmltopdf-core/target/apidocs/com/openhtmltopdf/layout/LayoutContext.html...
Generating /workspaces/CodeCureAgent/code_cure_agent/cca_workspace_4/openhtmltopdf/openhtmltopdf-core/target/apidocs/com/openhtmltopdf/layout/LayoutContext.CounterContext.html...
Generating /workspaces/CodeCureAgent/code_cure_agent/cca_workspace_4/openhtmltopdf/openhtmltopdf-core/target/apidocs/com/openhtmltopdf/layout/LayoutState.html...
Generating /workspaces/CodeCureAgent/code_cure_agent/cca_workspace_4/openhtmltopdf/openhtmltopdf-core/target/apidocs/com/openhtmltopdf/layout/LayoutUtil.html...
Generating /workspaces/CodeCureAgent/code_cure_agent/cca_workspace_4/openhtmltopdf/openhtmltopdf-core/target/apidocs/com/openhtmltopdf/layout/LineBreakContext.html...
Generating /workspaces/CodeCureAgent/code_cure_agent/cca_workspace_4/openhtmltopdf/openhtmltopdf-core/target/apidocs/com/openhtmltopdf/layout/LineBreakContext.LineBreakResult.html...
Generating /workspaces/CodeCureAgent/code_cure_agent/cca_workspace_4/openhtmltopdf/openhtmltopdf-core/target/apidocs/com/openhtmltopdf/layout/PaintingInfo.html...
Generating /workspaces/CodeCureAgent/code_cure_agent/cca_workspace_4/openhtmltopdf/openhtmltopdf-core/target/apidocs/com/openhtmltopdf/layout/PersistentBFC.html...
Generating /workspaces/CodeCureAgent/code_cure_agent/cca_workspace_4/openhtmltopdf/openhtmltopdf-core/target/apidocs/com/openhtmltopdf/layout/SharedContext.html...
Generating /workspaces/CodeCureAgent/code_cure_agent/cca_workspace_4/openhtmltopdf/openhtmltopdf-core/target/apidocs/com/openhtmltopdf/layout/Styleable.html...
Generating /workspaces/CodeCureAgent/code_cure_agent/cca_workspace_4/openhtmltopdf/openhtmltopdf-core/target/apidocs/com/openhtmltopdf/layout/StyleTracker.html...
Generating /workspaces/CodeCureAgent/code_cure_agent/cca_workspace_4/openhtmltopdf/openhtmltopdf-core/target/apidocs/com/openhtmltopdf/layout/TextUtil.html...
Generating /workspaces/CodeCureAgent/code_cure_agent/cca_workspace_4/openhtmltopdf/openhtmltopdf-core/target/apidocs/com/openhtmltopdf/layout/TextUtil.DefaultCharacterBreaker.html...
Generating /workspaces/CodeCureAgent/code_cure_agent/cca_workspace_4/openhtmltopdf/openhtmltopdf-core/target/apidocs/com/openhtmltopdf/layout/TextUtil.DefaultToLowerTransformer.html...
Generating /workspaces/CodeCureAgent/code_cure_agent/cca_workspace_4/openhtmltopdf/openhtmltopdf-core/target/apidocs/com/openhtmltopdf/layout/TextUtil.DefaultToTitleTransformer.html...
Generating /workspaces/CodeCureAgent/code_cure_agent/cca_workspace_4/openhtmltopdf/openhtmltopdf-core/target/apidocs/com/openhtmltopdf/layout/TextUtil.DefaultToUpperTransformer.html...
Generating /workspaces/CodeCureAgent/code_cure_agent/cca_workspace_4/openhtmltopdf/openhtmltopdf-core/target/apidocs/com/openhtmltopdf/layout/UrlAwareLineBreakIterator.html...
Generating /workspaces/CodeCureAgent/code_cure_agent/cca_workspace_4/openhtmltopdf/openhtmltopdf-core/target/apidocs/com/openhtmltopdf/layout/VerticalAlignContext.html...
Generating /workspaces/CodeCureAgent/code_cure_agent/cca_workspace_4/openhtmltopdf/openhtmltopdf-core/target/apidocs/com/openhtmltopdf/layout/WhitespaceStripper.html...
Generating /workspaces/CodeCureAgent/code_cure_agent/cca_workspace_4/openhtmltopdf/openhtmltopdf-core/target/apidocs/com/openhtmltopdf/newtable/CollapsedBorderValue.html...
Generating /workspaces/CodeCureAgent/code_cure_agent/cca_workspace_4/openhtmltopdf/openhtmltopdf-core/target/apidocs/com/openhtmltopdf/newtable/ColumnData.html...
Generating /workspaces/CodeCureAgent/code_cure_agent/cca_workspace_4/openhtmltopdf/openhtmltopdf-core/target/apidocs/com/openhtmltopdf/newtable/RowData.html...
Generating /workspaces/CodeCureAgent/code_cure_agent/cca_workspace_4/openhtmltopdf/openhtmltopdf-core/target/apidocs/com/openhtmltopdf/newtable/TableBox.html...
Generating /workspaces/CodeCureAgent/code_cure_agent/cca_workspace_4/openhtmltopdf/openhtmltopdf-core/target/apidocs/com/openhtmltopdf/newtable/TableCellBox.html...
Generating /workspaces/CodeCureAgent/code_cure_agent/cca_workspace_4/openhtmltopdf/openhtmltopdf-core/target/apidocs/com/openhtmltopdf/newtable/TableColumn.html...
Generating /workspaces/CodeCureAgent/code_cure_agent/cca_workspace_4/openhtmltopdf/openhtmltopdf-core/target/apidocs/com/openhtmltopdf/newtable/TableRowBox.html...
Generating /workspaces/CodeCureAgent/code_cure_agent/cca_workspace_4/openhtmltopdf/openhtmltopdf-core/target/apidocs/com/openhtmltopdf/newtable/TableSectionBox.html...
Generating /workspaces/CodeCureAgent/code_cure_agent/cca_workspace_4/openhtmltopdf/openhtmltopdf-core/target/apidocs/com/openhtmltopdf/outputdevice/helper/AddedFont.html...
Generating /workspaces/CodeCureAgent/code_cure_agent/cca_workspace_4/openhtmltopdf/openhtmltopdf-core/target/apidocs/com/openhtmltopdf/outputdevice/helper/BaseDocument.html...
Generating /workspaces/CodeCureAgent/code_cure_agent/cca_workspace_4/openhtmltopdf/openhtmltopdf-core/target/apidocs/com/openhtmltopdf/outputdevice/helper/BaseRendererBuilder.html...
Generating /workspaces/CodeCureAgent/code_cure_agent/cca_workspace_4/openhtmltopdf/openhtmltopdf-core/target/apidocs/com/openhtmltopdf/outputdevice/helper/BaseRendererBuilder.BaseRendererBuilderState.html...
Generating /workspaces/CodeCureAgent/code_cure_agent/cca_workspace_4/openhtmltopdf/openhtmltopdf-core/target/apidocs/com/openhtmltopdf/outputdevice/helper/BaseRendererBuilder.FontStyle.html...
Generating /workspaces/CodeCureAgent/code_cure_agent/cca_workspace_4/openhtmltopdf/openhtmltopdf-core/target/apidocs/com/openhtmltopdf/outputdevice/helper/BaseRendererBuilder.PageSizeUnits.html...
Generating /workspaces/CodeCureAgent/code_cure_agent/cca_workspace_4/openhtmltopdf/openhtmltopdf-core/target/apidocs/com/openhtmltopdf/outputdevice/helper/BaseRendererBuilder.TextDirection.html...
Generating /workspaces/CodeCureAgent/code_cure_agent/cca_workspace_4/openhtmltopdf/openhtmltopdf-core/target/apidocs/com/openhtmltopdf/outputdevice/helper/FontFaceFontSupplier.html...
Generating /workspaces/CodeCureAgent/code_cure_agent/cca_workspace_4/openhtmltopdf/openhtmltopdf-core/target/apidocs/com/openhtmltopdf/outputdevice/helper/FontFamily.html...
Generating /workspaces/CodeCureAgent/code_cure_agent/cca_workspace_4/openhtmltopdf/openhtmltopdf-core/target/apidocs/com/openhtmltopdf/outputdevice/helper/FontResolverHelper.html...
Generating /workspaces/CodeCureAgent/code_cure_agent/cca_workspace_4/openhtmltopdf/openhtmltopdf-core/target/apidocs/com/openhtmltopdf/outputdevice/helper/MinimalFontDescription.html...
Generating /workspaces/CodeCureAgent/code_cure_agent/cca_workspace_4/openhtmltopdf/openhtmltopdf-core/target/apidocs/com/openhtmltopdf/outputdevice/helper/NullUserInterface.html...
Generating /workspaces/CodeCureAgent/code_cure_agent/cca_workspace_4/openhtmltopdf/openhtmltopdf-core/target/apidocs/com/openhtmltopdf/outputdevice/helper/PageDimensions.html...
Generating /workspaces/CodeCureAgent/code_cure_agent/cca_workspace_4/openhtmltopdf/openhtmltopdf-core/target/apidocs/com/openhtmltopdf/outputdevice/helper/UnicodeImplementation.html...
Generating /workspaces/CodeCureAgent/code_cure_agent/cca_workspace_4/openhtmltopdf/openhtmltopdf-core/target/apidocs/com/openhtmltopdf/render/AbstractOutputDevice.html...
Generating /workspaces/CodeCureAgent/code_cure_agent/cca_workspace_4/openhtmltopdf/openhtmltopdf-core/target/apidocs/com/openhtmltopdf/render/AnonymousBlockBox.html...
Generating /workspaces/CodeCureAgent/code_cure_agent/cca_workspace_4/openhtmltopdf/openhtmltopdf-core/target/apidocs/com/openhtmltopdf/render/BlockBox.html...
Generating /workspaces/CodeCureAgent/code_cure_agent/cca_workspace_4/openhtmltopdf/openhtmltopdf-core/target/apidocs/com/openhtmltopdf/render/BlockBox.MarginCollapseResult.html...
Generating /workspaces/CodeCureAgent/code_cure_agent/cca_workspace_4/openhtmltopdf/openhtmltopdf-core/target/apidocs/com/openhtmltopdf/render/BorderPainter.html...
Generating /workspaces/CodeCureAgent/code_cure_agent/cca_workspace_4/openhtmltopdf/openhtmltopdf-core/target/apidocs/com/openhtmltopdf/render/Box.html...
Generating /workspaces/CodeCureAgent/code_cure_agent/cca_workspace_4/openhtmltopdf/openhtmltopdf-core/target/apidocs/com/openhtmltopdf/render/Box.ChildIteratorOfType.html...
Generating /workspaces/CodeCureAgent/code_cure_agent/cca_workspace_4/openhtmltopdf/openhtmltopdf-core/target/apidocs/com/openhtmltopdf/render/BoxDimensions.html...
Generating /workspaces/CodeCureAgent/code_cure_agent/cca_workspace_4/openhtmltopdf/openhtmltopdf-core/target/apidocs/com/openhtmltopdf/render/CharCounts.html...
Generating /workspaces/CodeCureAgent/code_cure_agent/cca_workspace_4/openhtmltopdf/openhtmltopdf-core/target/apidocs/com/openhtmltopdf/render/ContentLimit.html...
Generating /workspaces/CodeCureAgent/code_cure_agent/cca_workspace_4/openhtmltopdf/openhtmltopdf-core/target/apidocs/com/openhtmltopdf/render/ContentLimitContainer.html...
Generating /workspaces/CodeCureAgent/code_cure_agent/cca_workspace_4/openhtmltopdf/openhtmltopdf-core/target/apidocs/com/openhtmltopdf/render/DefaultObjectDrawerFactory.html...
Generating /workspaces/CodeCureAgent/code_cure_agent/cca_workspace_4/openhtmltopdf/openhtmltopdf-core/target/apidocs/com/openhtmltopdf/render/DisplayListItem.html...
Generating /workspaces/CodeCureAgent/code_cure_agent/cca_workspace_4/openhtmltopdf/openhtmltopdf-core/target/apidocs/com/openhtmltopdf/render/FloatDistances.html...
Generating /workspaces/CodeCureAgent/code_cure_agent/cca_workspace_4/openhtmltopdf/openhtmltopdf-core/target/apidocs/com/openhtmltopdf/render/FloatedBoxData.html...
Generating /workspaces/CodeCureAgent/code_cure_agent/cca_workspace_4/openhtmltopdf/openhtmltopdf-core/target/apidocs/com/openhtmltopdf/render/FlowingColumnBox.html...
Generating /workspaces/CodeCureAgent/code_cure_agent/cca_workspace_4/openhtmltopdf/openhtmltopdf-core/target/apidocs/com/openhtmltopdf/render/FlowingColumnContainerBox.html...
Generating /workspaces/CodeCureAgent/code_cure_agent/cca_workspace_4/openhtmltopdf/openhtmltopdf-core/target/apidocs/com/openhtmltopdf/render/FlowingColumnContainerBox.ColumnBreakOpportunity.html...
Generating /workspaces/CodeCureAgent/code_cure_agent/cca_workspace_4/openhtmltopdf/openhtmltopdf-core/target/apidocs/com/openhtmltopdf/render/FlowingColumnContainerBox.ColumnBreakStore.html...
Generating /workspaces/CodeCureAgent/code_cure_agent/cca_workspace_4/openhtmltopdf/openhtmltopdf-core/target/apidocs/com/openhtmltopdf/render/FSFont.html...
Generating /workspaces/CodeCureAgent/code_cure_agent/cca_workspace_4/openhtmltopdf/openhtmltopdf-core/target/apidocs/com/openhtmltopdf/render/FSFontMetrics.html...
Generating /workspaces/CodeCureAgent/code_cure_agent/cca_workspace_4/openhtmltopdf/openhtmltopdf-core/target/apidocs/com/openhtmltopdf/render/InlineBox.html...
Generating /workspaces/CodeCureAgent/code_cure_agent/cca_workspace_4/openhtmltopdf/openhtmltopdf-core/target/apidocs/com/openhtmltopdf/render/InlineLayoutBox.html...
Generating /workspaces/CodeCureAgent/code_cure_agent/cca_workspace_4/openhtmltopdf/openhtmltopdf-core/target/apidocs/com/openhtmltopdf/render/InlineText.html...
Generating /workspaces/CodeCureAgent/code_cure_agent/cca_workspace_4/openhtmltopdf/openhtmltopdf-core/target/apidocs/com/openhtmltopdf/render/JustificationInfo.html...
Generating /workspaces/CodeCureAgent/code_cure_agent/cca_workspace_4/openhtmltopdf/openhtmltopdf-core/target/apidocs/com/openhtmltopdf/render/LineBox.html...
Generating /workspaces/CodeCureAgent/code_cure_agent/cca_workspace_4/openhtmltopdf/openhtmltopdf-core/target/apidocs/com/openhtmltopdf/render/LineMetricsAdapter.html...
Generating /workspaces/CodeCureAgent/code_cure_agent/cca_workspace_4/openhtmltopdf/openhtmltopdf-core/target/apidocs/com/openhtmltopdf/render/ListItemPainter.html...
Generating /workspaces/CodeCureAgent/code_cure_agent/cca_workspace_4/openhtmltopdf/openhtmltopdf-core/target/apidocs/com/openhtmltopdf/render/MarginBox.html...
Generating /workspaces/CodeCureAgent/code_cure_agent/cca_workspace_4/openhtmltopdf/openhtmltopdf-core/target/apidocs/com/openhtmltopdf/render/MarkerData.html...
Generating /workspaces/CodeCureAgent/code_cure_agent/cca_workspace_4/openhtmltopdf/openhtmltopdf-core/target/apidocs/com/openhtmltopdf/render/MarkerData.GlyphMarker.html...
Generating /workspaces/CodeCureAgent/code_cure_agent/cca_workspace_4/openhtmltopdf/openhtmltopdf-core/target/apidocs/com/openhtmltopdf/render/MarkerData.ImageMarker.html...
Generating /workspaces/CodeCureAgent/code_cure_agent/cca_workspace_4/openhtmltopdf/openhtmltopdf-core/target/apidocs/com/openhtmltopdf/render/MarkerData.TextMarker.html...
Generating /workspaces/CodeCureAgent/code_cure_agent/cca_workspace_4/openhtmltopdf/openhtmltopdf-core/target/apidocs/com/openhtmltopdf/render/OperatorClip.html...
Generating /workspaces/CodeCureAgent/code_cure_agent/cca_workspace_4/openhtmltopdf/openhtmltopdf-core/target/apidocs/com/openhtmltopdf/render/OperatorSetClip.html...
Generating /workspaces/CodeCureAgent/code_cure_agent/cca_workspace_4/openhtmltopdf/openhtmltopdf-core/target/apidocs/com/openhtmltopdf/render/PageBox.html...
Generating /workspaces/CodeCureAgent/code_cure_agent/cca_workspace_4/openhtmltopdf/openhtmltopdf-core/target/apidocs/com/openhtmltopdf/render/RenderingContext.html...
Generating /workspaces/CodeCureAgent/code_cure_agent/cca_workspace_4/openhtmltopdf/openhtmltopdf-core/target/apidocs/com/openhtmltopdf/render/StrutMetrics.html...
Generating /workspaces/CodeCureAgent/code_cure_agent/cca_workspace_4/openhtmltopdf/openhtmltopdf-core/target/apidocs/com/openhtmltopdf/render/TextDecoration.html...
Generating /workspaces/CodeCureAgent/code_cure_agent/cca_workspace_4/openhtmltopdf/openhtmltopdf-core/target/apidocs/com/openhtmltopdf/render/ViewportBox.html...
Generating /workspaces/CodeCureAgent/code_cure_agent/cca_workspace_4/openhtmltopdf/openhtmltopdf-core/target/apidocs/com/openhtmltopdf/render/displaylist/ArrayDisplayListContainer.html...
Generating /workspaces/CodeCureAgent/code_cure_agent/cca_workspace_4/openhtmltopdf/openhtmltopdf-core/target/apidocs/com/openhtmltopdf/render/displaylist/DisplayListCollector.html...
Generating /workspaces/CodeCureAgent/code_cure_agent/cca_workspace_4/openhtmltopdf/openhtmltopdf-core/target/apidocs/com/openhtmltopdf/render/displaylist/DisplayListCollector.CollectFlags.html...
Generating /workspaces/CodeCureAgent/code_cure_agent/cca_workspace_4/openhtmltopdf/openhtmltopdf-core/target/apidocs/com/openhtmltopdf/render/displaylist/DisplayListContainer.html...
Generating /workspaces/CodeCureAgent/code_cure_agent/cca_workspace_4/openhtmltopdf/openhtmltopdf-core/target/apidocs/com/openhtmltopdf/render/displaylist/DisplayListContainer.DisplayListPageContainer.html...
Generating /workspaces/CodeCureAgent/code_cure_agent/cca_workspace_4/openhtmltopdf/openhtmltopdf-core/target/apidocs/com/openhtmltopdf/render/displaylist/DisplayListOperation.html...
Generating /workspaces/CodeCureAgent/code_cure_agent/cca_workspace_4/openhtmltopdf/openhtmltopdf-core/target/apidocs/com/openhtmltopdf/render/displaylist/DisplayListPainter.html...
Generating /workspaces/CodeCureAgent/code_cure_agent/cca_workspace_4/openhtmltopdf/openhtmltopdf-core/target/apidocs/com/openhtmltopdf/render/displaylist/MapDisplayListContainer.html...
Generating /workspaces/CodeCureAgent/code_cure_agent/cca_workspace_4/openhtmltopdf/openhtmltopdf-core/target/apidocs/com/openhtmltopdf/render/displaylist/PagedBoxCollector.html...
Generating /workspaces/CodeCureAgent/code_cure_agent/cca_workspace_4/openhtmltopdf/openhtmltopdf-core/target/apidocs/com/openhtmltopdf/render/displaylist/PagedBoxCollector.PageFinder.html...
Generating /workspaces/CodeCureAgent/code_cure_agent/cca_workspace_4/openhtmltopdf/openhtmltopdf-core/target/apidocs/com/openhtmltopdf/render/displaylist/PagedBoxCollector.PageInfo.html...
Generating /workspaces/CodeCureAgent/code_cure_agent/cca_workspace_4/openhtmltopdf/openhtmltopdf-core/target/apidocs/com/openhtmltopdf/render/displaylist/PagedBoxCollector.PageResult.html...
Generating /workspaces/CodeCureAgent/code_cure_agent/cca_workspace_4/openhtmltopdf/openhtmltopdf-core/target/apidocs/com/openhtmltopdf/render/displaylist/PaintBackgroundAndBorders.html...
Generating /workspaces/CodeCureAgent/code_cure_agent/cca_workspace_4/openhtmltopdf/openhtmltopdf-core/target/apidocs/com/openhtmltopdf/render/displaylist/PaintFixedLayer.html...
Generating /workspaces/CodeCureAgent/code_cure_agent/cca_workspace_4/openhtmltopdf/openhtmltopdf-core/target/apidocs/com/openhtmltopdf/render/displaylist/PaintInlineContent.html...
Generating /workspaces/CodeCureAgent/code_cure_agent/cca_workspace_4/openhtmltopdf/openhtmltopdf-core/target/apidocs/com/openhtmltopdf/render/displaylist/PaintLayerBackgroundAndBorder.html...
Generating /workspaces/CodeCureAgent/code_cure_agent/cca_workspace_4/openhtmltopdf/openhtmltopdf-core/target/apidocs/com/openhtmltopdf/render/displaylist/PaintListMarkers.html...
Generating /workspaces/CodeCureAgent/code_cure_agent/cca_workspace_4/openhtmltopdf/openhtmltopdf-core/target/apidocs/com/openhtmltopdf/render/displaylist/PaintPopClipRect.html...
Generating /workspaces/CodeCureAgent/code_cure_agent/cca_workspace_4/openhtmltopdf/openhtmltopdf-core/target/apidocs/com/openhtmltopdf/render/displaylist/PaintPopTransformLayer.html...
Generating /workspaces/CodeCureAgent/code_cure_agent/cca_workspace_4/openhtmltopdf/openhtmltopdf-core/target/apidocs/com/openhtmltopdf/render/displaylist/PaintPushClipRect.html...
Generating /workspaces/CodeCureAgent/code_cure_agent/cca_workspace_4/openhtmltopdf/openhtmltopdf-core/target/apidocs/com/openhtmltopdf/render/displaylist/PaintPushTransformLayer.html...
Generating /workspaces/CodeCureAgent/code_cure_agent/cca_workspace_4/openhtmltopdf/openhtmltopdf-core/target/apidocs/com/openhtmltopdf/render/displaylist/PaintReplacedElement.html...
Generating /workspaces/CodeCureAgent/code_cure_agent/cca_workspace_4/openhtmltopdf/openhtmltopdf-core/target/apidocs/com/openhtmltopdf/render/displaylist/PaintReplacedElements.html...
Generating /workspaces/CodeCureAgent/code_cure_agent/cca_workspace_4/openhtmltopdf/openhtmltopdf-core/target/apidocs/com/openhtmltopdf/render/displaylist/PaintRootElementBackground.html...
Generating /workspaces/CodeCureAgent/code_cure_agent/cca_workspace_4/openhtmltopdf/openhtmltopdf-core/target/apidocs/com/openhtmltopdf/render/displaylist/TransformCreator.html...
Generating /workspaces/CodeCureAgent/code_cure_agent/cca_workspace_4/openhtmltopdf/openhtmltopdf-core/target/apidocs/com/openhtmltopdf/render/simplepainter/SimpleBoxCollector.html...
Generating /workspaces/CodeCureAgent/code_cure_agent/cca_workspace_4/openhtmltopdf/openhtmltopdf-core/target/apidocs/com/openhtmltopdf/render/simplepainter/SimplePainter.html...
Generating /workspaces/CodeCureAgent/code_cure_agent/cca_workspace_4/openhtmltopdf/openhtmltopdf-core/target/apidocs/com/openhtmltopdf/resource/AbstractResource.html...
Generating /workspaces/CodeCureAgent/code_cure_agent/cca_workspace_4/openhtmltopdf/openhtmltopdf-core/target/apidocs/com/openhtmltopdf/resource/CSSResource.html...
Generating /workspaces/CodeCureAgent/code_cure_agent/cca_workspace_4/openhtmltopdf/openhtmltopdf-core/target/apidocs/com/openhtmltopdf/resource/FSCatalog.html...
Generating /workspaces/CodeCureAgent/code_cure_agent/cca_workspace_4/openhtmltopdf/openhtmltopdf-core/target/apidocs/com/openhtmltopdf/resource/FSEntityResolver.html...
Generating /workspaces/CodeCureAgent/code_cure_agent/cca_workspace_4/openhtmltopdf/openhtmltopdf-core/target/apidocs/com/openhtmltopdf/resource/ImageResource.html...
Generating /workspaces/CodeCureAgent/code_cure_agent/cca_workspace_4/openhtmltopdf/openhtmltopdf-core/target/apidocs/com/openhtmltopdf/resource/Resource.html...
Generating /workspaces/CodeCureAgent/code_cure_agent/cca_workspace_4/openhtmltopdf/openhtmltopdf-core/target/apidocs/com/openhtmltopdf/resource/XMLResource.html...
Generating /workspaces/CodeCureAgent/code_cure_agent/cca_workspace_4/openhtmltopdf/openhtmltopdf-core/target/apidocs/com/openhtmltopdf/simple/NoNamespaceHandler.html...
Generating /workspaces/CodeCureAgent/code_cure_agent/cca_workspace_4/openhtmltopdf/openhtmltopdf-core/target/apidocs/com/openhtmltopdf/simple/extend/NoReplacedElementFactory.html...
Generating /workspaces/CodeCureAgent/code_cure_agent/cca_workspace_4/openhtmltopdf/openhtmltopdf-core/target/apidocs/com/openhtmltopdf/simple/extend/ReplacedElementScaleHelper.html...
Generating /workspaces/CodeCureAgent/code_cure_agent/cca_workspace_4/openhtmltopdf/openhtmltopdf-core/target/apidocs/com/openhtmltopdf/simple/extend/XhtmlCssOnlyNamespaceHandler.html...
Generating /workspaces/CodeCureAgent/code_cure_agent/cca_workspace_4/openhtmltopdf/openhtmltopdf-core/target/apidocs/com/openhtmltopdf/simple/extend/XhtmlNamespaceHandler.html...
Generating /workspaces/CodeCureAgent/code_cure_agent/cca_workspace_4/openhtmltopdf/openhtmltopdf-core/target/apidocs/com/openhtmltopdf/swing/AWTFontResolver.html...
Generating /workspaces/CodeCureAgent/code_cure_agent/cca_workspace_4/openhtmltopdf/openhtmltopdf-core/target/apidocs/com/openhtmltopdf/swing/AWTFSFont.html...
Generating /workspaces/CodeCureAgent/code_cure_agent/cca_workspace_4/openhtmltopdf/openhtmltopdf-core/target/apidocs/com/openhtmltopdf/swing/AWTFSGlyphVector.html...
Generating /workspaces/CodeCureAgent/code_cure_agent/cca_workspace_4/openhtmltopdf/openhtmltopdf-core/target/apidocs/com/openhtmltopdf/swing/AWTFSImage.html...
Generating /workspaces/CodeCureAgent/code_cure_agent/cca_workspace_4/openhtmltopdf/openhtmltopdf-core/target/apidocs/com/openhtmltopdf/swing/DOMInspector.html...
Generating /workspaces/CodeCureAgent/code_cure_agent/cca_workspace_4/openhtmltopdf/openhtmltopdf-core/target/apidocs/com/openhtmltopdf/swing/EmptyReplacedElement.html...
Generating /workspaces/CodeCureAgent/code_cure_agent/cca_workspace_4/openhtmltopdf/openhtmltopdf-core/target/apidocs/com/openhtmltopdf/swing/ImageMapParser.html...
Generating /workspaces/CodeCureAgent/code_cure_agent/cca_workspace_4/openhtmltopdf/openhtmltopdf-core/target/apidocs/com/openhtmltopdf/swing/ImageReplacedElement.html...
Generating /workspaces/CodeCureAgent/code_cure_agent/cca_workspace_4/openhtmltopdf/openhtmltopdf-core/target/apidocs/com/openhtmltopdf/swing/NaiveUserAgent.html...
Generating /workspaces/CodeCureAgent/code_cure_agent/cca_workspace_4/openhtmltopdf/openhtmltopdf-core/target/apidocs/com/openhtmltopdf/swing/NaiveUserAgent.DataUriFactory.html...
Generating /workspaces/CodeCureAgent/code_cure_agent/cca_workspace_4/openhtmltopdf/openhtmltopdf-core/target/apidocs/com/openhtmltopdf/swing/NaiveUserAgent.DefaultHttpStream.html...
Generating /workspaces/CodeCureAgent/code_cure_agent/cca_workspace_4/openhtmltopdf/openhtmltopdf-core/target/apidocs/com/openhtmltopdf/swing/NaiveUserAgent.DefaultHttpStreamFactory.html...
Generating /workspaces/CodeCureAgent/code_cure_agent/cca_workspace_4/openhtmltopdf/openhtmltopdf-core/target/apidocs/com/openhtmltopdf/swing/NaiveUserAgent.DefaultUriResolver.html...
Generating /workspaces/CodeCureAgent/code_cure_agent/cca_workspace_4/openhtmltopdf/openhtmltopdf-core/target/apidocs/com/openhtmltopdf/swing/UriResolver.html...
Generating /workspaces/CodeCureAgent/code_cure_agent/cca_workspace_4/openhtmltopdf/openhtmltopdf-core/target/apidocs/com/openhtmltopdf/util/ArrayUtil.html...
Generating /workspaces/CodeCureAgent/code_cure_agent/cca_workspace_4/openhtmltopdf/openhtmltopdf-core/target/apidocs/com/openhtmltopdf/util/Configuration.html...
Generating /workspaces/CodeCureAgent/code_cure_agent/cca_workspace_4/openhtmltopdf/openhtmltopdf-core/target/apidocs/com/openhtmltopdf/util/Constants.html...
Generating /workspaces/CodeCureAgent/code_cure_agent/cca_workspace_4/openhtmltopdf/openhtmltopdf-core/target/apidocs/com/openhtmltopdf/util/Diagnostic.html...
Generating /workspaces/CodeCureAgent/code_cure_agent/cca_workspace_4/openhtmltopdf/openhtmltopdf-core/target/apidocs/com/openhtmltopdf/util/DownscaleQuality.html...
Generating /workspaces/CodeCureAgent/code_cure_agent/cca_workspace_4/openhtmltopdf/openhtmltopdf-core/target/apidocs/com/openhtmltopdf/util/ImageUtil.html...
Generating /workspaces/CodeCureAgent/code_cure_agent/cca_workspace_4/openhtmltopdf/openhtmltopdf-core/target/apidocs/com/openhtmltopdf/util/JDKXRLogger.html...
Generating /workspaces/CodeCureAgent/code_cure_agent/cca_workspace_4/openhtmltopdf/openhtmltopdf-core/target/apidocs/com/openhtmltopdf/util/LambdaUtil.html...
Generating /workspaces/CodeCureAgent/code_cure_agent/cca_workspace_4/openhtmltopdf/openhtmltopdf-core/target/apidocs/com/openhtmltopdf/util/LoggerUtil.html...
Generating /workspaces/CodeCureAgent/code_cure_agent/cca_workspace_4/openhtmltopdf/openhtmltopdf-core/target/apidocs/com/openhtmltopdf/util/LogMessageId.html...
Generating /workspaces/CodeCureAgent/code_cure_agent/cca_workspace_4/openhtmltopdf/openhtmltopdf-core/target/apidocs/com/openhtmltopdf/util/LogMessageId.LogMessageId0Param.html...
Generating /workspaces/CodeCureAgent/code_cure_agent/cca_workspace_4/openhtmltopdf/openhtmltopdf-core/target/apidocs/com/openhtmltopdf/util/LogMessageId.LogMessageId1Param.html...
Generating /workspaces/CodeCureAgent/code_cure_agent/cca_workspace_4/openhtmltopdf/openhtmltopdf-core/target/apidocs/com/openhtmltopdf/util/LogMessageId.LogMessageId2Param.html...
Generating /workspaces/CodeCureAgent/code_cure_agent/cca_workspace_4/openhtmltopdf/openhtmltopdf-core/target/apidocs/com/openhtmltopdf/util/LogMessageId.LogMessageId3Param.html...
Generating /workspaces/CodeCureAgent/code_cure_agent/cca_workspace_4/openhtmltopdf/openhtmltopdf-core/target/apidocs/com/openhtmltopdf/util/LogMessageId.LogMessageId4Param.html...
Generating /workspaces/CodeCureAgent/code_cure_agent/cca_workspace_4/openhtmltopdf/openhtmltopdf-core/target/apidocs/com/openhtmltopdf/util/LogMessageId.LogMessageId5Param.html...
Generating /workspaces/CodeCureAgent/code_cure_agent/cca_workspace_4/openhtmltopdf/openhtmltopdf-core/target/apidocs/com/openhtmltopdf/util/OpenUtil.html...
Generating /workspaces/CodeCureAgent/code_cure_agent/cca_workspace_4/openhtmltopdf/openhtmltopdf-core/target/apidocs/com/openhtmltopdf/util/ScalingOptions.html...
Generating /workspaces/CodeCureAgent/code_cure_agent/cca_workspace_4/openhtmltopdf/openhtmltopdf-core/target/apidocs/com/openhtmltopdf/util/ThreadCtx.html...
Generating /workspaces/CodeCureAgent/code_cure_agent/cca_workspace_4/openhtmltopdf/openhtmltopdf-core/target/apidocs/com/openhtmltopdf/util/ThreadCtx.ThreadData.html...
Generating /workspaces/CodeCureAgent/code_cure_agent/cca_workspace_4/openhtmltopdf/openhtmltopdf-core/target/apidocs/com/openhtmltopdf/util/XRLog.html...
Generating /workspaces/CodeCureAgent/code_cure_agent/cca_workspace_4/openhtmltopdf/openhtmltopdf-core/target/apidocs/com/openhtmltopdf/util/XRLogger.html...
Generating /workspaces/CodeCureAgent/code_cure_agent/cca_workspace_4/openhtmltopdf/openhtmltopdf-core/target/apidocs/com/openhtmltopdf/util/XRRuntimeException.html...
Generating /workspaces/CodeCureAgent/code_cure_agent/cca_workspace_4/openhtmltopdf/openhtmltopdf-core/target/apidocs/com/openhtmltopdf/util/XRSimpleLogFormatter.html...
Generating /workspaces/CodeCureAgent/code_cure_agent/cca_workspace_4/openhtmltopdf/openhtmltopdf-core/target/apidocs/com/openhtmltopdf/bidi/package-summary.html...
Generating /workspaces/CodeCureAgent/code_cure_agent/cca_workspace_4/openhtmltopdf/openhtmltopdf-core/target/apidocs/com/openhtmltopdf/bidi/package-tree.html...
Generating /workspaces/CodeCureAgent/code_cure_agent/cca_workspace_4/openhtmltopdf/openhtmltopdf-core/target/apidocs/com/openhtmltopdf/context/package-summary.html...
Generating /workspaces/CodeCureAgent/code_cure_agent/cca_workspace_4/openhtmltopdf/openhtmltopdf-core/target/apidocs/com/openhtmltopdf/context/package-tree.html...
Generating /workspaces/CodeCureAgent/code_cure_agent/cca_workspace_4/openhtmltopdf/openhtmltopdf-core/target/apidocs/com/openhtmltopdf/css/constants/package-summary.html...
Generating /workspaces/CodeCureAgent/code_cure_agent/cca_workspace_4/openhtmltopdf/openhtmltopdf-core/target/apidocs/com/openhtmltopdf/css/constants/package-tree.html...
Generating /workspaces/CodeCureAgent/code_cure_agent/cca_workspace_4/openhtmltopdf/openhtmltopdf-core/target/apidocs/com/openhtmltopdf/css/extend/package-summary.html...
Generating /workspaces/CodeCureAgent/code_cure_agent/cca_workspace_4/openhtmltopdf/openhtmltopdf-core/target/apidocs/com/openhtmltopdf/css/extend/package-tree.html...
Generating /workspaces/CodeCureAgent/code_cure_agent/cca_workspace_4/openhtmltopdf/openhtmltopdf-core/target/apidocs/com/openhtmltopdf/css/extend/lib/package-summary.html...
Generating /workspaces/CodeCureAgent/code_cure_agent/cca_workspace_4/openhtmltopdf/openhtmltopdf-core/target/apidocs/com/openhtmltopdf/css/extend/lib/package-tree.html...
Generating /workspaces/CodeCureAgent/code_cure_agent/cca_workspace_4/openhtmltopdf/openhtmltopdf-core/target/apidocs/com/openhtmltopdf/css/newmatch/package-summary.html...
Generating /workspaces/CodeCureAgent/code_cure_agent/cca_workspace_4/openhtmltopdf/openhtmltopdf-core/target/apidocs/com/openhtmltopdf/css/newmatch/package-tree.html...
Generating /workspaces/CodeCureAgent/code_cure_agent/cca_workspace_4/openhtmltopdf/openhtmltopdf-core/target/apidocs/com/openhtmltopdf/css/parser/package-summary.html...
Generating /workspaces/CodeCureAgent/code_cure_agent/cca_workspace_4/openhtmltopdf/openhtmltopdf-core/target/apidocs/com/openhtmltopdf/css/parser/package-tree.html...
Generating /workspaces/CodeCureAgent/code_cure_agent/cca_workspace_4/openhtmltopdf/openhtmltopdf-core/target/apidocs/com/openhtmltopdf/css/parser/property/package-summary.html...
Generating /workspaces/CodeCureAgent/code_cure_agent/cca_workspace_4/openhtmltopdf/openhtmltopdf-core/target/apidocs/com/openhtmltopdf/css/parser/property/package-tree.html...
Generating /workspaces/CodeCureAgent/code_cure_agent/cca_workspace_4/openhtmltopdf/openhtmltopdf-core/target/apidocs/com/openhtmltopdf/css/sheet/package-summary.html...
Generating /workspaces/CodeCureAgent/code_cure_agent/cca_workspace_4/openhtmltopdf/openhtmltopdf-core/target/apidocs/com/openhtmltopdf/css/sheet/package-tree.html...
Generating /workspaces/CodeCureAgent/code_cure_agent/cca_workspace_4/openhtmltopdf/openhtmltopdf-core/target/apidocs/com/openhtmltopdf/css/style/package-summary.html...
Generating /workspaces/CodeCureAgent/code_cure_agent/cca_workspace_4/openhtmltopdf/openhtmltopdf-core/target/apidocs/com/openhtmltopdf/css/style/package-tree.html...
Generating /workspaces/CodeCureAgent/code_cure_agent/cca_workspace_4/openhtmltopdf/openhtmltopdf-core/target/apidocs/com/openhtmltopdf/css/style/derived/package-summary.html...
Generating /workspaces/CodeCureAgent/code_cure_agent/cca_workspace_4/openhtmltopdf/openhtmltopdf-core/target/apidocs/com/openhtmltopdf/css/style/derived/package-tree.html...
Generating /workspaces/CodeCureAgent/code_cure_agent/cca_workspace_4/openhtmltopdf/openhtmltopdf-core/target/apidocs/com/openhtmltopdf/css/value/package-summary.html...
Generating /workspaces/CodeCureAgent/code_cure_agent/cca_workspace_4/openhtmltopdf/openhtmltopdf-core/target/apidocs/com/openhtmltopdf/css/value/package-tree.html...
Generating /workspaces/CodeCureAgent/code_cure_agent/cca_workspace_4/openhtmltopdf/openhtmltopdf-core/target/apidocs/com/openhtmltopdf/event/package-summary.html...
Generating /workspaces/CodeCureAgent/code_cure_agent/cca_workspace_4/openhtmltopdf/openhtmltopdf-core/target/apidocs/com/openhtmltopdf/event/package-tree.html...
Generating /workspaces/CodeCureAgent/code_cure_agent/cca_workspace_4/openhtmltopdf/openhtmltopdf-core/target/apidocs/com/openhtmltopdf/extend/package-summary.html...
Generating /workspaces/CodeCureAgent/code_cure_agent/cca_workspace_4/openhtmltopdf/openhtmltopdf-core/target/apidocs/com/openhtmltopdf/extend/package-tree.html...
Generating /workspaces/CodeCureAgent/code_cure_agent/cca_workspace_4/openhtmltopdf/openhtmltopdf-core/target/apidocs/com/openhtmltopdf/extend/impl/package-summary.html...
Generating /workspaces/CodeCureAgent/code_cure_agent/cca_workspace_4/openhtmltopdf/openhtmltopdf-core/target/apidocs/com/openhtmltopdf/extend/impl/package-tree.html...
Generating /workspaces/CodeCureAgent/code_cure_agent/cca_workspace_4/openhtmltopdf/openhtmltopdf-core/target/apidocs/com/openhtmltopdf/layout/package-summary.html...
Generating /workspaces/CodeCureAgent/code_cure_agent/cca_workspace_4/openhtmltopdf/openhtmltopdf-core/target/apidocs/com/openhtmltopdf/layout/package-tree.html...
Generating /workspaces/CodeCureAgent/code_cure_agent/cca_workspace_4/openhtmltopdf/openhtmltopdf-core/target/apidocs/com/openhtmltopdf/newtable/package-summary.html...
Generating /workspaces/CodeCureAgent/code_cure_agent/cca_workspace_4/openhtmltopdf/openhtmltopdf-core/target/apidocs/com/openhtmltopdf/newtable/package-tree.html...
Generating /workspaces/CodeCureAgent/code_cure_agent/cca_workspace_4/openhtmltopdf/openhtmltopdf-core/target/apidocs/com/openhtmltopdf/outputdevice/helper/package-summary.html...
Generating /workspaces/CodeCureAgent/code_cure_agent/cca_workspace_4/openhtmltopdf/openhtmltopdf-core/target/apidocs/com/openhtmltopdf/outputdevice/helper/package-tree.html...
Generating /workspaces/CodeCureAgent/code_cure_agent/cca_workspace_4/openhtmltopdf/openhtmltopdf-core/target/apidocs/com/openhtmltopdf/render/package-summary.html...
Generating /workspaces/CodeCureAgent/code_cure_agent/cca_workspace_4/openhtmltopdf/openhtmltopdf-core/target/apidocs/com/openhtmltopdf/render/package-tree.html...
Generating /workspaces/CodeCureAgent/code_cure_agent/cca_workspace_4/openhtmltopdf/openhtmltopdf-core/target/apidocs/com/openhtmltopdf/render/displaylist/package-summary.html...
Generating /workspaces/CodeCureAgent/code_cure_agent/cca_workspace_4/openhtmltopdf/openhtmltopdf-core/target/apidocs/com/openhtmltopdf/render/displaylist/package-tree.html...
Generating /workspaces/CodeCureAgent/code_cure_agent/cca_workspace_4/openhtmltopdf/openhtmltopdf-core/target/apidocs/com/openhtmltopdf/render/simplepainter/package-summary.html...
Generating /workspaces/CodeCureAgent/code_cure_agent/cca_workspace_4/openhtmltopdf/openhtmltopdf-core/target/apidocs/com/openhtmltopdf/render/simplepainter/package-tree.html...
Generating /workspaces/CodeCureAgent/code_cure_agent/cca_workspace_4/openhtmltopdf/openhtmltopdf-core/target/apidocs/com/openhtmltopdf/resource/package-summary.html...
Generating /workspaces/CodeCureAgent/code_cure_agent/cca_workspace_4/openhtmltopdf/openhtmltopdf-core/target/apidocs/com/openhtmltopdf/resource/package-tree.html...
Generating /workspaces/CodeCureAgent/code_cure_agent/cca_workspace_4/openhtmltopdf/openhtmltopdf-core/target/apidocs/com/openhtmltopdf/simple/package-summary.html...
Generating /workspaces/CodeCureAgent/code_cure_agent/cca_workspace_4/openhtmltopdf/openhtmltopdf-core/target/apidocs/com/openhtmltopdf/simple/package-tree.html...
Generating /workspaces/CodeCureAgent/code_cure_agent/cca_workspace_4/openhtmltopdf/openhtmltopdf-core/target/apidocs/com/openhtmltopdf/simple/extend/package-summary.html...
Generating /workspaces/CodeCureAgent/code_cure_agent/cca_workspace_4/openhtmltopdf/openhtmltopdf-core/target/apidocs/com/openhtmltopdf/simple/extend/package-tree.html...
Generating /workspaces/CodeCureAgent/code_cure_agent/cca_workspace_4/openhtmltopdf/openhtmltopdf-core/target/apidocs/com/openhtmltopdf/swing/package-summary.html...
Generating /workspaces/CodeCureAgent/code_cure_agent/cca_workspace_4/openhtmltopdf/openhtmltopdf-core/target/apidocs/com/openhtmltopdf/swing/package-tree.html...
Generating /workspaces/CodeCureAgent/code_cure_agent/cca_workspace_4/openhtmltopdf/openhtmltopdf-core/target/apidocs/com/openhtmltopdf/util/package-summary.html...
Generating /workspaces/CodeCureAgent/code_cure_agent/cca_workspace_4/openhtmltopdf/openhtmltopdf-core/target/apidocs/com/openhtmltopdf/util/package-tree.html...
Generating /workspaces/CodeCureAgent/code_cure_agent/cca_workspace_4/openhtmltopdf/openhtmltopdf-core/target/apidocs/constant-values.html...
Generating /workspaces/CodeCureAgent/code_cure_agent/cca_workspace_4/openhtmltopdf/openhtmltopdf-core/target/apidocs/serialized-form.html...
Generating /workspaces/CodeCureAgent/code_cure_agent/cca_workspace_4/openhtmltopdf/openhtmltopdf-core/target/apidocs/com/openhtmltopdf/resource/class-use/XMLResource.html...
Generating /workspaces/CodeCureAgent/code_cure_agent/cca_workspace_4/openhtmltopdf/openhtmltopdf-core/target/apidocs/com/openhtmltopdf/resource/class-use/AbstractResource.html...
Generating /workspaces/CodeCureAgent/code_cure_agent/cca_workspace_4/openhtmltopdf/openhtmltopdf-core/target/apidocs/com/openhtmltopdf/resource/class-use/ImageResource.html...
Generating /workspaces/CodeCureAgent/code_cure_agent/cca_workspace_4/openhtmltopdf/openhtmltopdf-core/target/apidocs/com/openhtmltopdf/resource/class-use/CSSResource.html...
Generating /workspaces/CodeCureAgent/code_cure_agent/cca_workspace_4/openhtmltopdf/openhtmltopdf-core/target/apidocs/com/openhtmltopdf/resource/class-use/FSCatalog.html...
Generating /workspaces/CodeCureAgent/code_cure_agent/cca_workspace_4/openhtmltopdf/openhtmltopdf-core/target/apidocs/com/openhtmltopdf/resource/class-use/FSEntityResolver.html...
Generating /workspaces/CodeCureAgent/code_cure_agent/cca_workspace_4/openhtmltopdf/openhtmltopdf-core/target/apidocs/com/openhtmltopdf/resource/class-use/Resource.html...
Generating /workspaces/CodeCureAgent/code_cure_agent/cca_workspace_4/openhtmltopdf/openhtmltopdf-core/target/apidocs/com/openhtmltopdf/css/constants/class-use/SVGProperty.html...
Generating /workspaces/CodeCureAgent/code_cure_agent/cca_workspace_4/openhtmltopdf/openhtmltopdf-core/target/apidocs/com/openhtmltopdf/css/constants/class-use/CSSName.html...
Generating /workspaces/CodeCureAgent/code_cure_agent/cca_workspace_4/openhtmltopdf/openhtmltopdf-core/target/apidocs/com/openhtmltopdf/css/constants/class-use/CSSName.CSSSideProperties.html...
Generating /workspaces/CodeCureAgent/code_cure_agent/cca_workspace_4/openhtmltopdf/openhtmltopdf-core/target/apidocs/com/openhtmltopdf/css/constants/class-use/ValueConstants.html...
Generating /workspaces/CodeCureAgent/code_cure_agent/cca_workspace_4/openhtmltopdf/openhtmltopdf-core/target/apidocs/com/openhtmltopdf/css/constants/class-use/IdentValue.html...
Generating /workspaces/CodeCureAgent/code_cure_agent/cca_workspace_4/openhtmltopdf/openhtmltopdf-core/target/apidocs/com/openhtmltopdf/css/constants/class-use/Idents.html...
Generating /workspaces/CodeCureAgent/code_cure_agent/cca_workspace_4/openhtmltopdf/openhtmltopdf-core/target/apidocs/com/openhtmltopdf/css/constants/class-use/PageElementPosition.html...
Generating /workspaces/CodeCureAgent/code_cure_agent/cca_workspace_4/openhtmltopdf/openhtmltopdf-core/target/apidocs/com/openhtmltopdf/css/constants/class-use/MarginBoxName.html...
Generating /workspaces/CodeCureAgent/code_cure_agent/cca_workspace_4/openhtmltopdf/openhtmltopdf-core/target/apidocs/com/openhtmltopdf/css/parser/property/class-use/BorderSpacingPropertyBuilder.html...
Generating /workspaces/CodeCureAgent/code_cure_agent/cca_workspace_4/openhtmltopdf/openhtmltopdf-core/target/apidocs/com/openhtmltopdf/css/parser/property/class-use/ListStylePropertyBuilder.html...
Generating /workspaces/CodeCureAgent/code_cure_agent/cca_workspace_4/openhtmltopdf/openhtmltopdf-core/target/apidocs/com/openhtmltopdf/css/parser/property/class-use/PrimitivePropertyBuilders.html...
Generating /workspaces/CodeCureAgent/code_cure_agent/cca_workspace_4/openhtmltopdf/openhtmltopdf-core/target/apidocs/com/openhtmltopdf/css/parser/property/class-use/PrimitivePropertyBuilders.FSOverflowPagesDirection.html...
Generating /workspaces/CodeCureAgent/code_cure_agent/cca_workspace_4/openhtmltopdf/openhtmltopdf-core/target/apidocs/com/openhtmltopdf/css/parser/property/class-use/PrimitivePropertyBuilders.FSMaxOverflowPages.html...
Generating /workspaces/CodeCureAgent/code_cure_agent/cca_workspace_4/openhtmltopdf/openhtmltopdf-core/target/apidocs/com/openhtmltopdf/css/parser/property/class-use/PrimitivePropertyBuilders.BoxSizing.html...
Generating /workspaces/CodeCureAgent/code_cure_agent/cca_workspace_4/openhtmltopdf/openhtmltopdf-core/target/apidocs/com/openhtmltopdf/css/parser/property/class-use/PrimitivePropertyBuilders.ImageRenderingBuilder.html...
Generating /workspaces/CodeCureAgent/code_cure_agent/cca_workspace_4/openhtmltopdf/openhtmltopdf-core/target/apidocs/com/openhtmltopdf/css/parser/property/class-use/PrimitivePropertyBuilders.TransformOriginPropertyBuilder.html...
Generating /workspaces/CodeCureAgent/code_cure_agent/cca_workspace_4/openhtmltopdf/openhtmltopdf-core/target/apidocs/com/openhtmltopdf/css/parser/property/class-use/PrimitivePropertyBuilders.TransformOriginY.html...
Generating /workspaces/CodeCureAgent/code_cure_agent/cca_workspace_4/openhtmltopdf/openhtmltopdf-core/target/apidocs/com/openhtmltopdf/css/parser/property/class-use/PrimitivePropertyBuilders.TransformOriginX.html...
Generating /workspaces/CodeCureAgent/code_cure_agent/cca_workspace_4/openhtmltopdf/openhtmltopdf-core/target/apidocs/com/openhtmltopdf/css/parser/property/class-use/PrimitivePropertyBuilders.TransformPropertyBuilder.html...
Generating /workspaces/CodeCureAgent/code_cure_agent/cca_workspace_4/openhtmltopdf/openhtmltopdf-core/target/apidocs/com/openhtmltopdf/css/parser/property/class-use/PrimitivePropertyBuilders.ColumnGap.html...
Generating /workspaces/CodeCureAgent/code_cure_agent/cca_workspace_4/openhtmltopdf/openhtmltopdf-core/target/apidocs/com/openhtmltopdf/css/parser/property/class-use/PrimitivePropertyBuilders.ColumnCount.html...
Generating /workspaces/CodeCureAgent/code_cure_agent/cca_workspace_4/openhtmltopdf/openhtmltopdf-core/target/apidocs/com/openhtmltopdf/css/parser/property/class-use/PrimitivePropertyBuilders.ZIndex.html...
Generating /workspaces/CodeCureAgent/code_cure_agent/cca_workspace_4/openhtmltopdf/openhtmltopdf-core/target/apidocs/com/openhtmltopdf/css/parser/property/class-use/PrimitivePropertyBuilders.WordSpacing.html...
Generating /workspaces/CodeCureAgent/code_cure_agent/cca_workspace_4/openhtmltopdf/openhtmltopdf-core/target/apidocs/com/openhtmltopdf/css/parser/property/class-use/PrimitivePropertyBuilders.Width.html...
Generating /workspaces/CodeCureAgent/code_cure_agent/cca_workspace_4/openhtmltopdf/openhtmltopdf-core/target/apidocs/com/openhtmltopdf/css/parser/property/class-use/PrimitivePropertyBuilders.Widows.html...
Generating /workspaces/CodeCureAgent/code_cure_agent/cca_workspace_4/openhtmltopdf/openhtmltopdf-core/target/apidocs/com/openhtmltopdf/css/parser/property/class-use/PrimitivePropertyBuilders.WordWrap.html...
Generating /workspaces/CodeCureAgent/code_cure_agent/cca_workspace_4/openhtmltopdf/openhtmltopdf-core/target/apidocs/com/openhtmltopdf/css/parser/property/class-use/PrimitivePropertyBuilders.WhiteSpace.html...
Generating /workspaces/CodeCureAgent/code_cure_agent/cca_workspace_4/openhtmltopdf/openhtmltopdf-core/target/apidocs/com/openhtmltopdf/css/parser/property/class-use/PrimitivePropertyBuilders.Visibility.html...
Generating /workspaces/CodeCureAgent/code_cure_agent/cca_workspace_4/openhtmltopdf/openhtmltopdf-core/target/apidocs/com/openhtmltopdf/css/parser/property/class-use/PrimitivePropertyBuilders.VerticalAlign.html...
Generating /workspaces/CodeCureAgent/code_cure_agent/cca_workspace_4/openhtmltopdf/openhtmltopdf-core/target/apidocs/com/openhtmltopdf/css/parser/property/class-use/PrimitivePropertyBuilders.TextTransform.html...
Generating /workspaces/CodeCureAgent/code_cure_agent/cca_workspace_4/openhtmltopdf/openhtmltopdf-core/target/apidocs/com/openhtmltopdf/css/parser/property/class-use/PrimitivePropertyBuilders.TextIndent.html...
Generating /workspaces/CodeCureAgent/code_cure_agent/cca_workspace_4/openhtmltopdf/openhtmltopdf-core/target/apidocs/com/openhtmltopdf/css/parser/property/class-use/PrimitivePropertyBuilders.TextDecoration.html...
Generating /workspaces/CodeCureAgent/code_cure_agent/cca_workspace_4/openhtmltopdf/openhtmltopdf-core/target/apidocs/com/openhtmltopdf/css/parser/property/class-use/PrimitivePropertyBuilders.TextAlign.html...
Generating /workspaces/CodeCureAgent/code_cure_agent/cca_workspace_4/openhtmltopdf/openhtmltopdf-core/target/apidocs/com/openhtmltopdf/css/parser/property/class-use/PrimitivePropertyBuilders.TableLayout.html...
Generating /workspaces/CodeCureAgent/code_cure_agent/cca_workspace_4/openhtmltopdf/openhtmltopdf-core/target/apidocs/com/openhtmltopdf/css/parser/property/class-use/PrimitivePropertyBuilders.Top.html...
Generating /workspaces/CodeCureAgent/code_cure_agent/cca_workspace_4/openhtmltopdf/openhtmltopdf-core/target/apidocs/com/openhtmltopdf/css/parser/property/class-use/PrimitivePropertyBuilders.TabSize.html...
Generating /workspaces/CodeCureAgent/code_cure_agent/cca_workspace_4/openhtmltopdf/openhtmltopdf-core/target/apidocs/com/openhtmltopdf/css/parser/property/class-use/PrimitivePropertyBuilders.Src.html...
Generating /workspaces/CodeCureAgent/code_cure_agent/cca_workspace_4/openhtmltopdf/openhtmltopdf-core/target/apidocs/com/openhtmltopdf/css/parser/property/class-use/PrimitivePropertyBuilders.Right.html...
Generating /workspaces/CodeCureAgent/code_cure_agent/cca_workspace_4/openhtmltopdf/openhtmltopdf-core/target/apidocs/com/openhtmltopdf/css/parser/property/class-use/PrimitivePropertyBuilders.Position.html...
Generating /workspaces/CodeCureAgent/code_cure_agent/cca_workspace_4/openhtmltopdf/openhtmltopdf-core/target/apidocs/com/openhtmltopdf/css/parser/property/class-use/PrimitivePropertyBuilders.PageBreakInside.html...
Generating /workspaces/CodeCureAgent/code_cure_agent/cca_workspace_4/openhtmltopdf/openhtmltopdf-core/target/apidocs/com/openhtmltopdf/css/parser/property/class-use/PrimitivePropertyBuilders.PageBreakAfter.html...
Generating /workspaces/CodeCureAgent/code_cure_agent/cca_workspace_4/openhtmltopdf/openhtmltopdf-core/target/apidocs/com/openhtmltopdf/css/parser/property/class-use/PrimitivePropertyBuilders.Page.html...
Generating /workspaces/CodeCureAgent/code_cure_agent/cca_workspace_4/openhtmltopdf/openhtmltopdf-core/target/apidocs/com/openhtmltopdf/css/parser/property/class-use/PrimitivePropertyBuilders.BreakAfter.html...
Generating /workspaces/CodeCureAgent/code_cure_agent/cca_workspace_4/openhtmltopdf/openhtmltopdf-core/target/apidocs/com/openhtmltopdf/css/parser/property/class-use/PrimitivePropertyBuilders.BreakBefore.html...
Generating /workspaces/CodeCureAgent/code_cure_agent/cca_workspace_4/openhtmltopdf/openhtmltopdf-core/target/apidocs/com/openhtmltopdf/css/parser/property/class-use/PrimitivePropertyBuilders.PageBreakBefore.html...
Generating /workspaces/CodeCureAgent/code_cure_agent/cca_workspace_4/openhtmltopdf/openhtmltopdf-core/target/apidocs/com/openhtmltopdf/css/parser/property/class-use/PrimitivePropertyBuilders.PaddingLeft.html...
Generating /workspaces/CodeCureAgent/code_cure_agent/cca_workspace_4/openhtmltopdf/openhtmltopdf-core/target/apidocs/com/openhtmltopdf/css/parser/property/class-use/PrimitivePropertyBuilders.PaddingBottom.html...
Generating /workspaces/CodeCureAgent/code_cure_agent/cca_workspace_4/openhtmltopdf/openhtmltopdf-core/target/apidocs/com/openhtmltopdf/css/parser/property/class-use/PrimitivePropertyBuilders.PaddingRight.html...
Generating /workspaces/CodeCureAgent/code_cure_agent/cca_workspace_4/openhtmltopdf/openhtmltopdf-core/target/apidocs/com/openhtmltopdf/css/parser/property/class-use/PrimitivePropertyBuilders.PaddingTop.html...
Generating /workspaces/CodeCureAgent/code_cure_agent/cca_workspace_4/openhtmltopdf/openhtmltopdf-core/target/apidocs/com/openhtmltopdf/css/parser/property/class-use/PrimitivePropertyBuilders.Overflow.html...
Generating /workspaces/CodeCureAgent/code_cure_agent/cca_workspace_4/openhtmltopdf/openhtmltopdf-core/target/apidocs/com/openhtmltopdf/css/parser/property/class-use/PrimitivePropertyBuilders.Orphans.html...
Generating /workspaces/CodeCureAgent/code_cure_agent/cca_workspace_4/openhtmltopdf/openhtmltopdf-core/target/apidocs/com/openhtmltopdf/css/parser/property/class-use/PrimitivePropertyBuilders.FSMaxJustificationInterChar.html...
Generating /workspaces/CodeCureAgent/code_cure_agent/cca_workspace_4/openhtmltopdf/openhtmltopdf-core/target/apidocs/com/openhtmltopdf/css/parser/property/class-use/PrimitivePropertyBuilders.FSMaxJustificationInterWord.html...
Generating /workspaces/CodeCureAgent/code_cure_agent/cca_workspace_4/openhtmltopdf/openhtmltopdf-core/target/apidocs/com/openhtmltopdf/css/parser/property/class-use/PrimitivePropertyBuilders.FSPageBreakMinHeight.html...
Generating /workspaces/CodeCureAgent/code_cure_agent/cca_workspace_4/openhtmltopdf/openhtmltopdf-core/target/apidocs/com/openhtmltopdf/css/parser/property/class-use/PrimitivePropertyBuilders.MinWidth.html...
Generating /workspaces/CodeCureAgent/code_cure_agent/cca_workspace_4/openhtmltopdf/openhtmltopdf-core/target/apidocs/com/openhtmltopdf/css/parser/property/class-use/PrimitivePropertyBuilders.MinHeight.html...
Generating /workspaces/CodeCureAgent/code_cure_agent/cca_workspace_4/openhtmltopdf/openhtmltopdf-core/target/apidocs/com/openhtmltopdf/css/parser/property/class-use/PrimitivePropertyBuilders.MaxWidth.html...
Generating /workspaces/CodeCureAgent/code_cure_agent/cca_workspace_4/openhtmltopdf/openhtmltopdf-core/target/apidocs/com/openhtmltopdf/css/parser/property/class-use/PrimitivePropertyBuilders.MaxHeight.html...
Generating /workspaces/CodeCureAgent/code_cure_agent/cca_workspace_4/openhtmltopdf/openhtmltopdf-core/target/apidocs/com/openhtmltopdf/css/parser/property/class-use/PrimitivePropertyBuilders.MarginLeft.html...
Generating /workspaces/CodeCureAgent/code_cure_agent/cca_workspace_4/openhtmltopdf/openhtmltopdf-core/target/apidocs/com/openhtmltopdf/css/parser/property/class-use/PrimitivePropertyBuilders.MarginBottom.html...
Generating /workspaces/CodeCureAgent/code_cure_agent/cca_workspace_4/openhtmltopdf/openhtmltopdf-core/target/apidocs/com/openhtmltopdf/css/parser/property/class-use/PrimitivePropertyBuilders.MarginRight.html...
Generating /workspaces/CodeCureAgent/code_cure_agent/cca_workspace_4/openhtmltopdf/openhtmltopdf-core/target/apidocs/com/openhtmltopdf/css/parser/property/class-use/PrimitivePropertyBuilders.MarginTop.html...
Generating /workspaces/CodeCureAgent/code_cure_agent/cca_workspace_4/openhtmltopdf/openhtmltopdf-core/target/apidocs/com/openhtmltopdf/css/parser/property/class-use/PrimitivePropertyBuilders.ListStyleType.html...
Generating /workspaces/CodeCureAgent/code_cure_agent/cca_workspace_4/openhtmltopdf/openhtmltopdf-core/target/apidocs/com/openhtmltopdf/css/parser/property/class-use/PrimitivePropertyBuilders.ListStylePosition.html...
Generating /workspaces/CodeCureAgent/code_cure_agent/cca_workspace_4/openhtmltopdf/openhtmltopdf-core/target/apidocs/com/openhtmltopdf/css/parser/property/class-use/PrimitivePropertyBuilders.ListStyleImage.html...
Generating /workspaces/CodeCureAgent/code_cure_agent/cca_workspace_4/openhtmltopdf/openhtmltopdf-core/target/apidocs/com/openhtmltopdf/css/parser/property/class-use/PrimitivePropertyBuilders.LineHeight.html...
Generating /workspaces/CodeCureAgent/code_cure_agent/cca_workspace_4/openhtmltopdf/openhtmltopdf-core/target/apidocs/com/openhtmltopdf/css/parser/property/class-use/PrimitivePropertyBuilders.LetterSpacing.html...
Generating /workspaces/CodeCureAgent/code_cure_agent/cca_workspace_4/openhtmltopdf/openhtmltopdf-core/target/apidocs/com/openhtmltopdf/css/parser/property/class-use/PrimitivePropertyBuilders.Left.html...
Generating /workspaces/CodeCureAgent/code_cure_agent/cca_workspace_4/openhtmltopdf/openhtmltopdf-core/target/apidocs/com/openhtmltopdf/css/parser/property/class-use/PrimitivePropertyBuilders.FSNamedDestination.html...
Generating /workspaces/CodeCureAgent/code_cure_agent/cca_workspace_4/openhtmltopdf/openhtmltopdf-core/target/apidocs/com/openhtmltopdf/css/parser/property/class-use/PrimitivePropertyBuilders.FSKeepWithInline.html...
Generating /workspaces/CodeCureAgent/code_cure_agent/cca_workspace_4/openhtmltopdf/openhtmltopdf-core/target/apidocs/com/openhtmltopdf/css/parser/property/class-use/PrimitivePropertyBuilders.FSDynamicAutoWidth.html...
Generating /workspaces/CodeCureAgent/code_cure_agent/cca_workspace_4/openhtmltopdf/openhtmltopdf-core/target/apidocs/com/openhtmltopdf/css/parser/property/class-use/PrimitivePropertyBuilders.Height.html...
Generating /workspaces/CodeCureAgent/code_cure_agent/cca_workspace_4/openhtmltopdf/openhtmltopdf-core/target/apidocs/com/openhtmltopdf/css/parser/property/class-use/PrimitivePropertyBuilders.FSFitImagesToWidth.html...
Generating /workspaces/CodeCureAgent/code_cure_agent/cca_workspace_4/openhtmltopdf/openhtmltopdf-core/target/apidocs/com/openhtmltopdf/css/parser/property/class-use/PrimitivePropertyBuilders.FSTextDecorationExtent.html...
Generating /workspaces/CodeCureAgent/code_cure_agent/cca_workspace_4/openhtmltopdf/openhtmltopdf-core/target/apidocs/com/openhtmltopdf/css/parser/property/class-use/PrimitivePropertyBuilders.FSTablePaginate.html...
Generating /workspaces/CodeCureAgent/code_cure_agent/cca_workspace_4/openhtmltopdf/openhtmltopdf-core/target/apidocs/com/openhtmltopdf/css/parser/property/class-use/PrimitivePropertyBuilders.FSTableCellRowspan.html...
Generating /workspaces/CodeCureAgent/code_cure_agent/cca_workspace_4/openhtmltopdf/openhtmltopdf-core/target/apidocs/com/openhtmltopdf/css/parser/property/class-use/PrimitivePropertyBuilders.FSTableCellColspan.html...
Generating /workspaces/CodeCureAgent/code_cure_agent/cca_workspace_4/openhtmltopdf/openhtmltopdf-core/target/apidocs/com/openhtmltopdf/css/parser/property/class-use/PrimitivePropertyBuilders.FSPDFFontEncoding.html...
Generating /workspaces/CodeCureAgent/code_cure_agent/cca_workspace_4/openhtmltopdf/openhtmltopdf-core/target/apidocs/com/openhtmltopdf/css/parser/property/class-use/PrimitivePropertyBuilders.FSPDFFontEmbed.html...
Generating /workspaces/CodeCureAgent/code_cure_agent/cca_workspace_4/openhtmltopdf/openhtmltopdf-core/target/apidocs/com/openhtmltopdf/css/parser/property/class-use/PrimitivePropertyBuilders.FSPageOrientation.html...
Generating /workspaces/CodeCureAgent/code_cure_agent/cca_workspace_4/openhtmltopdf/openhtmltopdf-core/target/apidocs/com/openhtmltopdf/css/parser/property/class-use/PrimitivePropertyBuilders.FSPageSequence.html...
Generating /workspaces/CodeCureAgent/code_cure_agent/cca_workspace_4/openhtmltopdf/openhtmltopdf-core/target/apidocs/com/openhtmltopdf/css/parser/property/class-use/PrimitivePropertyBuilders.FSPageWidth.html...
Generating /workspaces/CodeCureAgent/code_cure_agent/cca_workspace_4/openhtmltopdf/openhtmltopdf-core/target/apidocs/com/openhtmltopdf/css/parser/property/class-use/PrimitivePropertyBuilders.FSPageHeight.html...
Generating /workspaces/CodeCureAgent/code_cure_agent/cca_workspace_4/openhtmltopdf/openhtmltopdf-core/target/apidocs/com/openhtmltopdf/css/parser/property/class-use/PrimitivePropertyBuilders.FSCheckboxStyle.html...
Generating /workspaces/CodeCureAgent/code_cure_agent/cca_workspace_4/openhtmltopdf/openhtmltopdf-core/target/apidocs/com/openhtmltopdf/css/parser/property/class-use/PrimitivePropertyBuilders.FSFontSubset.html...
Generating /workspaces/CodeCureAgent/code_cure_agent/cca_workspace_4/openhtmltopdf/openhtmltopdf-core/target/apidocs/com/openhtmltopdf/css/parser/property/class-use/PrimitivePropertyBuilders.FSBorderSpacingVertical.html...
Generating /workspaces/CodeCureAgent/code_cure_agent/cca_workspace_4/openhtmltopdf/openhtmltopdf-core/target/apidocs/com/openhtmltopdf/css/parser/property/class-use/PrimitivePropertyBuilders.FSBorderSpacingHorizontal.html...
Generating /workspaces/CodeCureAgent/code_cure_agent/cca_workspace_4/openhtmltopdf/openhtmltopdf-core/target/apidocs/com/openhtmltopdf/css/parser/property/class-use/PrimitivePropertyBuilders.FontWeight.html...
Generating /workspaces/CodeCureAgent/code_cure_agent/cca_workspace_4/openhtmltopdf/openhtmltopdf-core/target/apidocs/com/openhtmltopdf/css/parser/property/class-use/PrimitivePropertyBuilders.FontVariant.html...
Generating /workspaces/CodeCureAgent/code_cure_agent/cca_workspace_4/openhtmltopdf/openhtmltopdf-core/target/apidocs/com/openhtmltopdf/css/parser/property/class-use/PrimitivePropertyBuilders.FontStyle.html...
Generating /workspaces/CodeCureAgent/code_cure_agent/cca_workspace_4/openhtmltopdf/openhtmltopdf-core/target/apidocs/com/openhtmltopdf/css/parser/property/class-use/PrimitivePropertyBuilders.FontSize.html...
Generating /workspaces/CodeCureAgent/code_cure_agent/cca_workspace_4/openhtmltopdf/openhtmltopdf-core/target/apidocs/com/openhtmltopdf/css/parser/property/class-use/PrimitivePropertyBuilders.FontFamily.html...
Generating /workspaces/CodeCureAgent/code_cure_agent/cca_workspace_4/openhtmltopdf/openhtmltopdf-core/target/apidocs/com/openhtmltopdf/css/parser/property/class-use/PrimitivePropertyBuilders.Float.html...
Generating /workspaces/CodeCureAgent/code_cure_agent/cca_workspace_4/openhtmltopdf/openhtmltopdf-core/target/apidocs/com/openhtmltopdf/css/parser/property/class-use/PrimitivePropertyBuilders.EmptyCells.html...
Generating /workspaces/CodeCureAgent/code_cure_agent/cca_workspace_4/openhtmltopdf/openhtmltopdf-core/target/apidocs/com/openhtmltopdf/css/parser/property/class-use/PrimitivePropertyBuilders.Display.html...
Generating /workspaces/CodeCureAgent/code_cure_agent/cca_workspace_4/openhtmltopdf/openhtmltopdf-core/target/apidocs/com/openhtmltopdf/css/parser/property/class-use/PrimitivePropertyBuilders.Cursor.html...
Generating /workspaces/CodeCureAgent/code_cure_agent/cca_workspace_4/openhtmltopdf/openhtmltopdf-core/target/apidocs/com/openhtmltopdf/css/parser/property/class-use/PrimitivePropertyBuilders.Color.html...
Generating /workspaces/CodeCureAgent/code_cure_agent/cca_workspace_4/openhtmltopdf/openhtmltopdf-core/target/apidocs/com/openhtmltopdf/css/parser/property/class-use/PrimitivePropertyBuilders.Clear.html...
Generating /workspaces/CodeCureAgent/code_cure_agent/cca_workspace_4/openhtmltopdf/openhtmltopdf-core/target/apidocs/com/openhtmltopdf/css/parser/property/class-use/PrimitivePropertyBuilders.CaptionSide.html...
Generating /workspaces/CodeCureAgent/code_cure_agent/cca_workspace_4/openhtmltopdf/openhtmltopdf-core/target/apidocs/com/openhtmltopdf/css/parser/property/class-use/PrimitivePropertyBuilders.Bottom.html...
Generating /workspaces/CodeCureAgent/code_cure_agent/cca_workspace_4/openhtmltopdf/openhtmltopdf-core/target/apidocs/com/openhtmltopdf/css/parser/property/class-use/PrimitivePropertyBuilders.BorderBottomLeftRadius.html...
Generating /workspaces/CodeCureAgent/code_cure_agent/cca_workspace_4/openhtmltopdf/openhtmltopdf-core/target/apidocs/com/openhtmltopdf/css/parser/property/class-use/PrimitivePropertyBuilders.BorderBottomRightRadius.html...
Generating /workspaces/CodeCureAgent/code_cure_agent/cca_workspace_4/openhtmltopdf/openhtmltopdf-core/target/apidocs/com/openhtmltopdf/css/parser/property/class-use/PrimitivePropertyBuilders.BorderTopRightRadius.html...
Generating /workspaces/CodeCureAgent/code_cure_agent/cca_workspace_4/openhtmltopdf/openhtmltopdf-core/target/apidocs/com/openhtmltopdf/css/parser/property/class-use/PrimitivePropertyBuilders.BorderTopLeftRadius.html...
Generating /workspaces/CodeCureAgent/code_cure_agent/cca_workspace_4/openhtmltopdf/openhtmltopdf-core/target/apidocs/com/openhtmltopdf/css/parser/property/class-use/PrimitivePropertyBuilders.BorderLeftWidth.html...
Generating /workspaces/CodeCureAgent/code_cure_agent/cca_workspace_4/openhtmltopdf/openhtmltopdf-core/target/apidocs/com/openhtmltopdf/css/parser/property/class-use/PrimitivePropertyBuilders.BorderBottomWidth.html...
Generating /workspaces/CodeCureAgent/code_cure_agent/cca_workspace_4/openhtmltopdf/openhtmltopdf-core/target/apidocs/com/openhtmltopdf/css/parser/property/class-use/PrimitivePropertyBuilders.BorderRightWidth.html...
Generating /workspaces/CodeCureAgent/code_cure_agent/cca_workspace_4/openhtmltopdf/openhtmltopdf-core/target/apidocs/com/openhtmltopdf/css/parser/property/class-use/PrimitivePropertyBuilders.BorderTopWidth.html...
Generating /workspaces/CodeCureAgent/code_cure_agent/cca_workspace_4/openhtmltopdf/openhtmltopdf-core/target/apidocs/com/openhtmltopdf/css/parser/property/class-use/PrimitivePropertyBuilders.BorderLeftStyle.html...
Generating /workspaces/CodeCureAgent/code_cure_agent/cca_workspace_4/openhtmltopdf/openhtmltopdf-core/target/apidocs/com/openhtmltopdf/css/parser/property/class-use/PrimitivePropertyBuilders.BorderBottomStyle.html...
Generating /workspaces/CodeCureAgent/code_cure_agent/cca_workspace_4/openhtmltopdf/openhtmltopdf-core/target/apidocs/com/openhtmltopdf/css/parser/property/class-use/PrimitivePropertyBuilders.BorderRightStyle.html...
Generating /workspaces/CodeCureAgent/code_cure_agent/cca_workspace_4/openhtmltopdf/openhtmltopdf-core/target/apidocs/com/openhtmltopdf/css/parser/property/class-use/PrimitivePropertyBuilders.BorderTopStyle.html...
Generating /workspaces/CodeCureAgent/code_cure_agent/cca_workspace_4/openhtmltopdf/openhtmltopdf-core/target/apidocs/com/openhtmltopdf/css/parser/property/class-use/PrimitivePropertyBuilders.BorderLeftColor.html...
Generating /workspaces/CodeCureAgent/code_cure_agent/cca_workspace_4/openhtmltopdf/openhtmltopdf-core/target/apidocs/com/openhtmltopdf/css/parser/property/class-use/PrimitivePropertyBuilders.BorderBottomColor.html...
Generating /workspaces/CodeCureAgent/code_cure_agent/cca_workspace_4/openhtmltopdf/openhtmltopdf-core/target/apidocs/com/openhtmltopdf/css/parser/property/class-use/PrimitivePropertyBuilders.BorderRightColor.html...
Generating /workspaces/CodeCureAgent/code_cure_agent/cca_workspace_4/openhtmltopdf/openhtmltopdf-core/target/apidocs/com/openhtmltopdf/css/parser/property/class-use/PrimitivePropertyBuilders.BorderTopColor.html...
Generating /workspaces/CodeCureAgent/code_cure_agent/cca_workspace_4/openhtmltopdf/openhtmltopdf-core/target/apidocs/com/openhtmltopdf/css/parser/property/class-use/PrimitivePropertyBuilders.BorderCollapse.html...
Generating /workspaces/CodeCureAgent/code_cure_agent/cca_workspace_4/openhtmltopdf/openhtmltopdf-core/target/apidocs/com/openhtmltopdf/css/parser/property/class-use/PrimitivePropertyBuilders.BackgroundRepeat.html...
Generating /workspaces/CodeCureAgent/code_cure_agent/cca_workspace_4/openhtmltopdf/openhtmltopdf-core/target/apidocs/com/openhtmltopdf/css/parser/property/class-use/PrimitivePropertyBuilders.BackgroundPosition.html...
Generating /workspaces/CodeCureAgent/code_cure_agent/cca_workspace_4/openhtmltopdf/openhtmltopdf-core/target/apidocs/com/openhtmltopdf/css/parser/property/class-use/PrimitivePropertyBuilders.BackgroundSize.html...
Generating /workspaces/CodeCureAgent/code_cure_agent/cca_workspace_4/openhtmltopdf/openhtmltopdf-core/target/apidocs/com/openhtmltopdf/css/parser/property/class-use/PrimitivePropertyBuilders.BackgroundImage.html...
Generating /workspaces/CodeCureAgent/code_cure_agent/cca_workspace_4/openhtmltopdf/openhtmltopdf-core/target/apidocs/com/openhtmltopdf/css/parser/property/class-use/PrimitivePropertyBuilders.BackgroundColor.html...
Generating /workspaces/CodeCureAgent/code_cure_agent/cca_workspace_4/openhtmltopdf/openhtmltopdf-core/target/apidocs/com/openhtmltopdf/css/parser/property/class-use/PrimitivePropertyBuilders.BackgroundAttachment.html...
Generating /workspaces/CodeCureAgent/code_cure_agent/cca_workspace_4/openhtmltopdf/openhtmltopdf-core/target/apidocs/com/openhtmltopdf/css/parser/property/class-use/PrimitivePropertyBuilders.Direction.html...
Generating /workspaces/CodeCureAgent/code_cure_agent/cca_workspace_4/openhtmltopdf/openhtmltopdf-core/target/apidocs/com/openhtmltopdf/css/parser/property/class-use/BorderPropertyBuilders.html...
Generating /workspaces/CodeCureAgent/code_cure_agent/cca_workspace_4/openhtmltopdf/openhtmltopdf-core/target/apidocs/com/openhtmltopdf/css/parser/property/class-use/BorderPropertyBuilders.Border.html...
Generating /workspaces/CodeCureAgent/code_cure_agent/cca_workspace_4/openhtmltopdf/openhtmltopdf-core/target/apidocs/com/openhtmltopdf/css/parser/property/class-use/BorderPropertyBuilders.BorderLeft.html...
Generating /workspaces/CodeCureAgent/code_cure_agent/cca_workspace_4/openhtmltopdf/openhtmltopdf-core/target/apidocs/com/openhtmltopdf/css/parser/property/class-use/BorderPropertyBuilders.BorderBottom.html...
Generating /workspaces/CodeCureAgent/code_cure_agent/cca_workspace_4/openhtmltopdf/openhtmltopdf-core/target/apidocs/com/openhtmltopdf/css/parser/property/class-use/BorderPropertyBuilders.BorderRight.html...
Generating /workspaces/CodeCureAgent/code_cure_agent/cca_workspace_4/openhtmltopdf/openhtmltopdf-core/target/apidocs/com/openhtmltopdf/css/parser/property/class-use/BorderPropertyBuilders.BorderTop.html...
Generating /workspaces/CodeCureAgent/code_cure_agent/cca_workspace_4/openhtmltopdf/openhtmltopdf-core/target/apidocs/com/openhtmltopdf/css/parser/property/class-use/PageSize.html...
Generating /workspaces/CodeCureAgent/code_cure_agent/cca_workspace_4/openhtmltopdf/openhtmltopdf-core/target/apidocs/com/openhtmltopdf/css/parser/property/class-use/SizePropertyBuilder.html...
Generating /workspaces/CodeCureAgent/code_cure_agent/cca_workspace_4/openhtmltopdf/openhtmltopdf-core/target/apidocs/com/openhtmltopdf/css/parser/property/class-use/Conversions.html...
Generating /workspaces/CodeCureAgent/code_cure_agent/cca_workspace_4/openhtmltopdf/openhtmltopdf-core/target/apidocs/com/openhtmltopdf/css/parser/property/class-use/ContentPropertyBuilder.html...
Generating /workspaces/CodeCureAgent/code_cure_agent/cca_workspace_4/openhtmltopdf/openhtmltopdf-core/target/apidocs/com/openhtmltopdf/css/parser/property/class-use/CounterPropertyBuilder.html...
Generating /workspaces/CodeCureAgent/code_cure_agent/cca_workspace_4/openhtmltopdf/openhtmltopdf-core/target/apidocs/com/openhtmltopdf/css/parser/property/class-use/CounterPropertyBuilder.CounterIncrement.html...
Generating /workspaces/CodeCureAgent/code_cure_agent/cca_workspace_4/openhtmltopdf/openhtmltopdf-core/target/apidocs/com/openhtmltopdf/css/parser/property/class-use/CounterPropertyBuilder.CounterReset.html...
Generating /workspaces/CodeCureAgent/code_cure_agent/cca_workspace_4/openhtmltopdf/openhtmltopdf-core/target/apidocs/com/openhtmltopdf/css/parser/property/class-use/AbstractPropertyBuilder.html...
Generating /workspaces/CodeCureAgent/code_cure_agent/cca_workspace_4/openhtmltopdf/openhtmltopdf-core/target/apidocs/com/openhtmltopdf/css/parser/property/class-use/PropertyBuilder.html...
Generating /workspaces/CodeCureAgent/code_cure_agent/cca_workspace_4/openhtmltopdf/openhtmltopdf-core/target/apidocs/com/openhtmltopdf/css/parser/property/class-use/QuotesPropertyBuilder.html...
Generating /workspaces/CodeCureAgent/code_cure_agent/cca_workspace_4/openhtmltopdf/openhtmltopdf-core/target/apidocs/com/openhtmltopdf/css/parser/property/class-use/FontPropertyBuilder.html...
Generating /workspaces/CodeCureAgent/code_cure_agent/cca_workspace_4/openhtmltopdf/openhtmltopdf-core/target/apidocs/com/openhtmltopdf/css/parser/property/class-use/OneToFourPropertyBuilders.html...
Generating /workspaces/CodeCureAgent/code_cure_agent/cca_workspace_4/openhtmltopdf/openhtmltopdf-core/target/apidocs/com/openhtmltopdf/css/parser/property/class-use/OneToFourPropertyBuilders.Padding.html...
Generating /workspaces/CodeCureAgent/code_cure_agent/cca_workspace_4/openhtmltopdf/openhtmltopdf-core/target/apidocs/com/openhtmltopdf/css/parser/property/class-use/OneToFourPropertyBuilders.Margin.html...
Generating /workspaces/CodeCureAgent/code_cure_agent/cca_workspace_4/openhtmltopdf/openhtmltopdf-core/target/apidocs/com/openhtmltopdf/css/parser/property/class-use/OneToFourPropertyBuilders.BorderRadius.html...
Generating /workspaces/CodeCureAgent/code_cure_agent/cca_workspace_4/openhtmltopdf/openhtmltopdf-core/target/apidocs/com/openhtmltopdf/css/parser/property/class-use/OneToFourPropertyBuilders.BorderWidth.html...
Generating /workspaces/CodeCureAgent/code_cure_agent/cca_workspace_4/openhtmltopdf/openhtmltopdf-core/target/apidocs/com/openhtmltopdf/css/parser/property/class-use/OneToFourPropertyBuilders.BorderStyle.html...
Generating /workspaces/CodeCureAgent/code_cure_agent/cca_workspace_4/openhtmltopdf/openhtmltopdf-core/target/apidocs/com/openhtmltopdf/css/parser/property/class-use/OneToFourPropertyBuilders.BorderColor.html...
Generating /workspaces/CodeCureAgent/code_cure_agent/cca_workspace_4/openhtmltopdf/openhtmltopdf-core/target/apidocs/com/openhtmltopdf/css/parser/property/class-use/BackgroundPropertyBuilder.html...
Generating /workspaces/CodeCureAgent/code_cure_agent/cca_workspace_4/openhtmltopdf/openhtmltopdf-core/target/apidocs/com/openhtmltopdf/css/parser/class-use/Token.html...
Generating /workspaces/CodeCureAgent/code_cure_agent/cca_workspace_4/openhtmltopdf/openhtmltopdf-core/target/apidocs/com/openhtmltopdf/css/parser/class-use/ParserTest.html...
Generating /workspaces/CodeCureAgent/code_cure_agent/cca_workspace_4/openhtmltopdf/openhtmltopdf-core/target/apidocs/com/openhtmltopdf/css/parser/class-use/CSSPrimitiveValue.html...
Generating /workspaces/CodeCureAgent/code_cure_agent/cca_workspace_4/openhtmltopdf/openhtmltopdf-core/target/apidocs/com/openhtmltopdf/css/parser/class-use/CSSValue.html...
Generating /workspaces/CodeCureAgent/code_cure_agent/cca_workspace_4/openhtmltopdf/openhtmltopdf-core/target/apidocs/com/openhtmltopdf/css/parser/class-use/FSColor.html...
Generating /workspaces/CodeCureAgent/code_cure_agent/cca_workspace_4/openhtmltopdf/openhtmltopdf-core/target/apidocs/com/openhtmltopdf/css/parser/class-use/CSSErrorHandler.html...
Generating /workspaces/CodeCureAgent/code_cure_agent/cca_workspace_4/openhtmltopdf/openhtmltopdf-core/target/apidocs/com/openhtmltopdf/css/parser/class-use/FSRGBColor.html...
Generating /workspaces/CodeCureAgent/code_cure_agent/cca_workspace_4/openhtmltopdf/openhtmltopdf-core/target/apidocs/com/openhtmltopdf/css/parser/class-use/CounterData.html...
Generating /workspaces/CodeCureAgent/code_cure_agent/cca_workspace_4/openhtmltopdf/openhtmltopdf-core/target/apidocs/com/openhtmltopdf/css/parser/class-use/CSSParser.html...
Generating /workspaces/CodeCureAgent/code_cure_agent/cca_workspace_4/openhtmltopdf/openhtmltopdf-core/target/apidocs/com/openhtmltopdf/css/parser/class-use/CSSParseException.html...
Generating /workspaces/CodeCureAgent/code_cure_agent/cca_workspace_4/openhtmltopdf/openhtmltopdf-core/target/apidocs/com/openhtmltopdf/css/parser/class-use/FSFunction.html...
Generating /workspaces/CodeCureAgent/code_cure_agent/cca_workspace_4/openhtmltopdf/openhtmltopdf-core/target/apidocs/com/openhtmltopdf/css/parser/class-use/FSCMYKColor.html...
Generating /workspaces/CodeCureAgent/code_cure_agent/cca_workspace_4/openhtmltopdf/openhtmltopdf-core/target/apidocs/com/openhtmltopdf/css/parser/class-use/PropertyValue.html...
Generating /workspaces/CodeCureAgent/code_cure_agent/cca_workspace_4/openhtmltopdf/openhtmltopdf-core/target/apidocs/com/openhtmltopdf/css/parser/class-use/MakeTokens.html...
Generating /workspaces/CodeCureAgent/code_cure_agent/cca_workspace_4/openhtmltopdf/openhtmltopdf-core/target/apidocs/com/openhtmltopdf/css/sheet/class-use/StylesheetInfo.html...
Generating /workspaces/CodeCureAgent/code_cure_agent/cca_workspace_4/openhtmltopdf/openhtmltopdf-core/target/apidocs/com/openhtmltopdf/css/sheet/class-use/MediaRule.html...
Generating /workspaces/CodeCureAgent/code_cure_agent/cca_workspace_4/openhtmltopdf/openhtmltopdf-core/target/apidocs/com/openhtmltopdf/css/sheet/class-use/PropertyDeclaration.html...
Generating /workspaces/CodeCureAgent/code_cure_agent/cca_workspace_4/openhtmltopdf/openhtmltopdf-core/target/apidocs/com/openhtmltopdf/css/sheet/class-use/RulesetContainer.html...
Generating /workspaces/CodeCureAgent/code_cure_agent/cca_workspace_4/openhtmltopdf/openhtmltopdf-core/target/apidocs/com/openhtmltopdf/css/sheet/class-use/FontFaceRule.html...
Generating /workspaces/CodeCureAgent/code_cure_agent/cca_workspace_4/openhtmltopdf/openhtmltopdf-core/target/apidocs/com/openhtmltopdf/css/sheet/class-use/Ruleset.html...
Generating /workspaces/CodeCureAgent/code_cure_agent/cca_workspace_4/openhtmltopdf/openhtmltopdf-core/target/apidocs/com/openhtmltopdf/css/sheet/class-use/Stylesheet.html...
Generating /workspaces/CodeCureAgent/code_cure_agent/cca_workspace_4/openhtmltopdf/openhtmltopdf-core/target/apidocs/com/openhtmltopdf/css/sheet/class-use/PageRule.html...
Generating /workspaces/CodeCureAgent/code_cure_agent/cca_workspace_4/openhtmltopdf/openhtmltopdf-core/target/apidocs/com/openhtmltopdf/css/sheet/class-use/InvalidPropertyDeclaration.html...
Generating /workspaces/CodeCureAgent/code_cure_agent/cca_workspace_4/openhtmltopdf/openhtmltopdf-core/target/apidocs/com/openhtmltopdf/css/newmatch/class-use/PageInfo.html...
Generating /workspaces/CodeCureAgent/code_cure_agent/cca_workspace_4/openhtmltopdf/openhtmltopdf-core/target/apidocs/com/openhtmltopdf/css/newmatch/class-use/CascadedStyle.html...
Generating /workspaces/CodeCureAgent/code_cure_agent/cca_workspace_4/openhtmltopdf/openhtmltopdf-core/target/apidocs/com/openhtmltopdf/css/newmatch/class-use/Matcher.html...
Generating /workspaces/CodeCureAgent/code_cure_agent/cca_workspace_4/openhtmltopdf/openhtmltopdf-core/target/apidocs/com/openhtmltopdf/css/newmatch/class-use/Matcher.AllDescendantMapper.html...
Generating /workspaces/CodeCureAgent/code_cure_agent/cca_workspace_4/openhtmltopdf/openhtmltopdf-core/target/apidocs/com/openhtmltopdf/css/newmatch/class-use/Selector.html...
Generating /workspaces/CodeCureAgent/code_cure_agent/cca_workspace_4/openhtmltopdf/openhtmltopdf-core/target/apidocs/com/openhtmltopdf/css/value/class-use/FontSpecification.html...
Generating /workspaces/CodeCureAgent/code_cure_agent/cca_workspace_4/openhtmltopdf/openhtmltopdf-core/target/apidocs/com/openhtmltopdf/css/extend/class-use/StylesheetFactory.html...
Generating /workspaces/CodeCureAgent/code_cure_agent/cca_workspace_4/openhtmltopdf/openhtmltopdf-core/target/apidocs/com/openhtmltopdf/css/extend/class-use/AttributeResolver.html...
Generating /workspaces/CodeCureAgent/code_cure_agent/cca_workspace_4/openhtmltopdf/openhtmltopdf-core/target/apidocs/com/openhtmltopdf/css/extend/class-use/ContentFunction.html...
Generating /workspaces/CodeCureAgent/code_cure_agent/cca_workspace_4/openhtmltopdf/openhtmltopdf-core/target/apidocs/com/openhtmltopdf/css/extend/class-use/TreeResolver.html...
Generating /workspaces/CodeCureAgent/code_cure_agent/cca_workspace_4/openhtmltopdf/openhtmltopdf-core/target/apidocs/com/openhtmltopdf/css/extend/lib/class-use/DOMTreeResolver.html...
Generating /workspaces/CodeCureAgent/code_cure_agent/cca_workspace_4/openhtmltopdf/openhtmltopdf-core/target/apidocs/com/openhtmltopdf/css/style/derived/class-use/LengthValue.html...
Generating /workspaces/CodeCureAgent/code_cure_agent/cca_workspace_4/openhtmltopdf/openhtmltopdf-core/target/apidocs/com/openhtmltopdf/css/style/derived/class-use/NumberValue.html...
Generating /workspaces/CodeCureAgent/code_cure_agent/cca_workspace_4/openhtmltopdf/openhtmltopdf-core/target/apidocs/com/openhtmltopdf/css/style/derived/class-use/BorderPropertySet.html...
Generating /workspaces/CodeCureAgent/code_cure_agent/cca_workspace_4/openhtmltopdf/openhtmltopdf-core/target/apidocs/com/openhtmltopdf/css/style/derived/class-use/FSLinearGradient.html...
Generating /workspaces/CodeCureAgent/code_cure_agent/cca_workspace_4/openhtmltopdf/openhtmltopdf-core/target/apidocs/com/openhtmltopdf/css/style/derived/class-use/FSLinearGradient.StopPoint.html...
Generating /workspaces/CodeCureAgent/code_cure_agent/cca_workspace_4/openhtmltopdf/openhtmltopdf-core/target/apidocs/com/openhtmltopdf/css/style/derived/class-use/CountersValue.html...
Generating /workspaces/CodeCureAgent/code_cure_agent/cca_workspace_4/openhtmltopdf/openhtmltopdf-core/target/apidocs/com/openhtmltopdf/css/style/derived/class-use/ColorValue.html...
Generating /workspaces/CodeCureAgent/code_cure_agent/cca_workspace_4/openhtmltopdf/openhtmltopdf-core/target/apidocs/com/openhtmltopdf/css/style/derived/class-use/FunctionValue.html...
Generating /workspaces/CodeCureAgent/code_cure_agent/cca_workspace_4/openhtmltopdf/openhtmltopdf-core/target/apidocs/com/openhtmltopdf/css/style/derived/class-use/StringValue.html...
Generating /workspaces/CodeCureAgent/code_cure_agent/cca_workspace_4/openhtmltopdf/openhtmltopdf-core/target/apidocs/com/openhtmltopdf/css/style/derived/class-use/RectPropertySet.html...
Generating /workspaces/CodeCureAgent/code_cure_agent/cca_workspace_4/openhtmltopdf/openhtmltopdf-core/target/apidocs/com/openhtmltopdf/css/style/derived/class-use/DerivedValueFactory.html...
Generating /workspaces/CodeCureAgent/code_cure_agent/cca_workspace_4/openhtmltopdf/openhtmltopdf-core/target/apidocs/com/openhtmltopdf/css/style/derived/class-use/ListValue.html...
Generating /workspaces/CodeCureAgent/code_cure_agent/cca_workspace_4/openhtmltopdf/openhtmltopdf-core/target/apidocs/com/openhtmltopdf/css/style/class-use/DerivedValue.html...
Generating /workspaces/CodeCureAgent/code_cure_agent/cca_workspace_4/openhtmltopdf/openhtmltopdf-core/target/apidocs/com/openhtmltopdf/css/style/class-use/CssContext.html...
Generating /workspaces/CodeCureAgent/code_cure_agent/cca_workspace_4/openhtmltopdf/openhtmltopdf-core/target/apidocs/com/openhtmltopdf/css/style/class-use/Length.html...
Generating /workspaces/CodeCureAgent/code_cure_agent/cca_workspace_4/openhtmltopdf/openhtmltopdf-core/target/apidocs/com/openhtmltopdf/css/style/class-use/BackgroundPosition.html...
Generating /workspaces/CodeCureAgent/code_cure_agent/cca_workspace_4/openhtmltopdf/openhtmltopdf-core/target/apidocs/com/openhtmltopdf/css/style/class-use/BackgroundSize.html...
Generating /workspaces/CodeCureAgent/code_cure_agent/cca_workspace_4/openhtmltopdf/openhtmltopdf-core/target/apidocs/com/openhtmltopdf/css/style/class-use/CalculatedStyle.html...
Generating /workspaces/CodeCureAgent/code_cure_agent/cca_workspace_4/openhtmltopdf/openhtmltopdf-core/target/apidocs/com/openhtmltopdf/css/style/class-use/BorderRadiusCorner.html...
Generating /workspaces/CodeCureAgent/code_cure_agent/cca_workspace_4/openhtmltopdf/openhtmltopdf-core/target/apidocs/com/openhtmltopdf/css/style/class-use/EmptyStyle.html...
Generating /workspaces/CodeCureAgent/code_cure_agent/cca_workspace_4/openhtmltopdf/openhtmltopdf-core/target/apidocs/com/openhtmltopdf/css/style/class-use/FSDerivedValue.html...
Generating /workspaces/CodeCureAgent/code_cure_agent/cca_workspace_4/openhtmltopdf/openhtmltopdf-core/target/apidocs/com/openhtmltopdf/css/style/class-use/FontSizeHelper.html...
Generating /workspaces/CodeCureAgent/code_cure_agent/cca_workspace_4/openhtmltopdf/openhtmltopdf-core/target/apidocs/com/openhtmltopdf/outputdevice/helper/class-use/UnicodeImplementation.html...
Generating /workspaces/CodeCureAgent/code_cure_agent/cca_workspace_4/openhtmltopdf/openhtmltopdf-core/target/apidocs/com/openhtmltopdf/outputdevice/helper/class-use/FontFamily.html...
Generating /workspaces/CodeCureAgent/code_cure_agent/cca_workspace_4/openhtmltopdf/openhtmltopdf-core/target/apidocs/com/openhtmltopdf/outputdevice/helper/class-use/BaseDocument.html...
Generating /workspaces/CodeCureAgent/code_cure_agent/cca_workspace_4/openhtmltopdf/openhtmltopdf-core/target/apidocs/com/openhtmltopdf/outputdevice/helper/class-use/FontResolverHelper.html...
Generating /workspaces/CodeCureAgent/code_cure_agent/cca_workspace_4/openhtmltopdf/openhtmltopdf-core/target/apidocs/com/openhtmltopdf/outputdevice/helper/class-use/AddedFont.html...
Generating /workspaces/CodeCureAgent/code_cure_agent/cca_workspace_4/openhtmltopdf/openhtmltopdf-core/target/apidocs/com/openhtmltopdf/outputdevice/helper/class-use/PageDimensions.html...
Generating /workspaces/CodeCureAgent/code_cure_agent/cca_workspace_4/openhtmltopdf/openhtmltopdf-core/target/apidocs/com/openhtmltopdf/outputdevice/helper/class-use/FontFaceFontSupplier.html...
Generating /workspaces/CodeCureAgent/code_cure_agent/cca_workspace_4/openhtmltopdf/openhtmltopdf-core/target/apidocs/com/openhtmltopdf/outputdevice/helper/class-use/BaseRendererBuilder.html...
Generating /workspaces/CodeCureAgent/code_cure_agent/cca_workspace_4/openhtmltopdf/openhtmltopdf-core/target/apidocs/com/openhtmltopdf/outputdevice/helper/class-use/BaseRendererBuilder.FontStyle.html...
Generating /workspaces/CodeCureAgent/code_cure_agent/cca_workspace_4/openhtmltopdf/openhtmltopdf-core/target/apidocs/com/openhtmltopdf/outputdevice/helper/class-use/BaseRendererBuilder.PageSizeUnits.html...
Generating /workspaces/CodeCureAgent/code_cure_agent/cca_workspace_4/openhtmltopdf/openhtmltopdf-core/target/apidocs/com/openhtmltopdf/outputdevice/helper/class-use/BaseRendererBuilder.TextDirection.html...
Generating /workspaces/CodeCureAgent/code_cure_agent/cca_workspace_4/openhtmltopdf/openhtmltopdf-core/target/apidocs/com/openhtmltopdf/outputdevice/helper/class-use/BaseRendererBuilder.BaseRendererBuilderState.html...
Generating /workspaces/CodeCureAgent/code_cure_agent/cca_workspace_4/openhtmltopdf/openhtmltopdf-core/target/apidocs/com/openhtmltopdf/outputdevice/helper/class-use/NullUserInterface.html...
Generating /workspaces/CodeCureAgent/code_cure_agent/cca_workspace_4/openhtmltopdf/openhtmltopdf-core/target/apidocs/com/openhtmltopdf/outputdevice/helper/class-use/MinimalFontDescription.html...
Generating /workspaces/CodeCureAgent/code_cure_agent/cca_workspace_4/openhtmltopdf/openhtmltopdf-core/target/apidocs/com/openhtmltopdf/bidi/class-use/BidiTextRun.html...
Generating /workspaces/CodeCureAgent/code_cure_agent/cca_workspace_4/openhtmltopdf/openhtmltopdf-core/target/apidocs/com/openhtmltopdf/bidi/class-use/BidiSplitter.html...
Generating /workspaces/CodeCureAgent/code_cure_agent/cca_workspace_4/openhtmltopdf/openhtmltopdf-core/target/apidocs/com/openhtmltopdf/bidi/class-use/SimpleBidiSplitter.html...
Generating /workspaces/CodeCureAgent/code_cure_agent/cca_workspace_4/openhtmltopdf/openhtmltopdf-core/target/apidocs/com/openhtmltopdf/bidi/class-use/BidiReorderer.html...
Generating /workspaces/CodeCureAgent/code_cure_agent/cca_workspace_4/openhtmltopdf/openhtmltopdf-core/target/apidocs/com/openhtmltopdf/bidi/class-use/ParagraphSplitter.html...
Generating /workspaces/CodeCureAgent/code_cure_agent/cca_workspace_4/openhtmltopdf/openhtmltopdf-core/target/apidocs/com/openhtmltopdf/bidi/class-use/ParagraphSplitter.FakeParagraph.html...
Generating /workspaces/CodeCureAgent/code_cure_agent/cca_workspace_4/openhtmltopdf/openhtmltopdf-core/target/apidocs/com/openhtmltopdf/bidi/class-use/ParagraphSplitter.Paragraph.html...
Generating /workspaces/CodeCureAgent/code_cure_agent/cca_workspace_4/openhtmltopdf/openhtmltopdf-core/target/apidocs/com/openhtmltopdf/bidi/class-use/BidiSplitterFactory.html...
Generating /workspaces/CodeCureAgent/code_cure_agent/cca_workspace_4/openhtmltopdf/openhtmltopdf-core/target/apidocs/com/openhtmltopdf/bidi/class-use/SimpleBidiSplitterFactory.html...
Generating /workspaces/CodeCureAgent/code_cure_agent/cca_workspace_4/openhtmltopdf/openhtmltopdf-core/target/apidocs/com/openhtmltopdf/bidi/class-use/SimpleBidiReorderer.html...
Generating /workspaces/CodeCureAgent/code_cure_agent/cca_workspace_4/openhtmltopdf/openhtmltopdf-core/target/apidocs/com/openhtmltopdf/newtable/class-use/CollapsedBorderValue.html...
Generating /workspaces/CodeCureAgent/code_cure_agent/cca_workspace_4/openhtmltopdf/openhtmltopdf-core/target/apidocs/com/openhtmltopdf/newtable/class-use/TableBox.html...
Generating /workspaces/CodeCureAgent/code_cure_agent/cca_workspace_4/openhtmltopdf/openhtmltopdf-core/target/apidocs/com/openhtmltopdf/newtable/class-use/ColumnData.html...
Generating /workspaces/CodeCureAgent/code_cure_agent/cca_workspace_4/openhtmltopdf/openhtmltopdf-core/target/apidocs/com/openhtmltopdf/newtable/class-use/TableColumn.html...
Generating /workspaces/CodeCureAgent/code_cure_agent/cca_workspace_4/openhtmltopdf/openhtmltopdf-core/target/apidocs/com/openhtmltopdf/newtable/class-use/TableCellBox.html...
Generating /workspaces/CodeCureAgent/code_cure_agent/cca_workspace_4/openhtmltopdf/openhtmltopdf-core/target/apidocs/com/openhtmltopdf/newtable/class-use/TableSectionBox.html...
Generating /workspaces/CodeCureAgent/code_cure_agent/cca_workspace_4/openhtmltopdf/openhtmltopdf-core/target/apidocs/com/openhtmltopdf/newtable/class-use/TableRowBox.html...
Generating /workspaces/CodeCureAgent/code_cure_agent/cca_workspace_4/openhtmltopdf/openhtmltopdf-core/target/apidocs/com/openhtmltopdf/newtable/class-use/RowData.html...
Generating /workspaces/CodeCureAgent/code_cure_agent/cca_workspace_4/openhtmltopdf/openhtmltopdf-core/target/apidocs/com/openhtmltopdf/render/class-use/BlockBox.html...
Generating /workspaces/CodeCureAgent/code_cure_agent/cca_workspace_4/openhtmltopdf/openhtmltopdf-core/target/apidocs/com/openhtmltopdf/render/class-use/BlockBox.MarginCollapseResult.html...
Generating /workspaces/CodeCureAgent/code_cure_agent/cca_workspace_4/openhtmltopdf/openhtmltopdf-core/target/apidocs/com/openhtmltopdf/render/class-use/AnonymousBlockBox.html...
Generating /workspaces/CodeCureAgent/code_cure_agent/cca_workspace_4/openhtmltopdf/openhtmltopdf-core/target/apidocs/com/openhtmltopdf/render/class-use/LineMetricsAdapter.html...
Generating /workspaces/CodeCureAgent/code_cure_agent/cca_workspace_4/openhtmltopdf/openhtmltopdf-core/target/apidocs/com/openhtmltopdf/render/class-use/FSFontMetrics.html...
Generating /workspaces/CodeCureAgent/code_cure_agent/cca_workspace_4/openhtmltopdf/openhtmltopdf-core/target/apidocs/com/openhtmltopdf/render/class-use/DisplayListItem.html...
Generating /workspaces/CodeCureAgent/code_cure_agent/cca_workspace_4/openhtmltopdf/openhtmltopdf-core/target/apidocs/com/openhtmltopdf/render/class-use/TextDecoration.html...
Generating /workspaces/CodeCureAgent/code_cure_agent/cca_workspace_4/openhtmltopdf/openhtmltopdf-core/target/apidocs/com/openhtmltopdf/render/class-use/MarginBox.html...
Generating /workspaces/CodeCureAgent/code_cure_agent/cca_workspace_4/openhtmltopdf/openhtmltopdf-core/target/apidocs/com/openhtmltopdf/render/class-use/FloatDistances.html...
Generating /workspaces/CodeCureAgent/code_cure_agent/cca_workspace_4/openhtmltopdf/openhtmltopdf-core/target/apidocs/com/openhtmltopdf/render/class-use/ContentLimit.html...
Generating /workspaces/CodeCureAgent/code_cure_agent/cca_workspace_4/openhtmltopdf/openhtmltopdf-core/target/apidocs/com/openhtmltopdf/render/class-use/BoxDimensions.html...
Generating /workspaces/CodeCureAgent/code_cure_agent/cca_workspace_4/openhtmltopdf/openhtmltopdf-core/target/apidocs/com/openhtmltopdf/render/class-use/InlineBox.html...
Generating /workspaces/CodeCureAgent/code_cure_agent/cca_workspace_4/openhtmltopdf/openhtmltopdf-core/target/apidocs/com/openhtmltopdf/render/class-use/CharCounts.html...
Generating /workspaces/CodeCureAgent/code_cure_agent/cca_workspace_4/openhtmltopdf/openhtmltopdf-core/target/apidocs/com/openhtmltopdf/render/class-use/LineBox.html...
Generating /workspaces/CodeCureAgent/code_cure_agent/cca_workspace_4/openhtmltopdf/openhtmltopdf-core/target/apidocs/com/openhtmltopdf/render/class-use/JustificationInfo.html...
Generating /workspaces/CodeCureAgent/code_cure_agent/cca_workspace_4/openhtmltopdf/openhtmltopdf-core/target/apidocs/com/openhtmltopdf/render/class-use/StrutMetrics.html...
Generating /workspaces/CodeCureAgent/code_cure_agent/cca_workspace_4/openhtmltopdf/openhtmltopdf-core/target/apidocs/com/openhtmltopdf/render/class-use/FlowingColumnContainerBox.html...
Generating /workspaces/CodeCureAgent/code_cure_agent/cca_workspace_4/openhtmltopdf/openhtmltopdf-core/target/apidocs/com/openhtmltopdf/render/class-use/FlowingColumnContainerBox.ColumnBreakStore.html...
Generating /workspaces/CodeCureAgent/code_cure_agent/cca_workspace_4/openhtmltopdf/openhtmltopdf-core/target/apidocs/com/openhtmltopdf/render/class-use/FlowingColumnContainerBox.ColumnBreakOpportunity.html...
Generating /workspaces/CodeCureAgent/code_cure_agent/cca_workspace_4/openhtmltopdf/openhtmltopdf-core/target/apidocs/com/openhtmltopdf/render/class-use/ContentLimitContainer.html...
Generating /workspaces/CodeCureAgent/code_cure_agent/cca_workspace_4/openhtmltopdf/openhtmltopdf-core/target/apidocs/com/openhtmltopdf/render/class-use/InlineLayoutBox.html...
Generating /workspaces/CodeCureAgent/code_cure_agent/cca_workspace_4/openhtmltopdf/openhtmltopdf-core/target/apidocs/com/openhtmltopdf/render/class-use/DefaultObjectDrawerFactory.html...
Generating /workspaces/CodeCureAgent/code_cure_agent/cca_workspace_4/openhtmltopdf/openhtmltopdf-core/target/apidocs/com/openhtmltopdf/render/class-use/FlowingColumnBox.html...
Generating /workspaces/CodeCureAgent/code_cure_agent/cca_workspace_4/openhtmltopdf/openhtmltopdf-core/target/apidocs/com/openhtmltopdf/render/class-use/FSFont.html...
Generating /workspaces/CodeCureAgent/code_cure_agent/cca_workspace_4/openhtmltopdf/openhtmltopdf-core/target/apidocs/com/openhtmltopdf/render/class-use/ViewportBox.html...
Generating /workspaces/CodeCureAgent/code_cure_agent/cca_workspace_4/openhtmltopdf/openhtmltopdf-core/target/apidocs/com/openhtmltopdf/render/class-use/OperatorSetClip.html...
Generating /workspaces/CodeCureAgent/code_cure_agent/cca_workspace_4/openhtmltopdf/openhtmltopdf-core/target/apidocs/com/openhtmltopdf/render/class-use/Box.html...
Generating /workspaces/CodeCureAgent/code_cure_agent/cca_workspace_4/openhtmltopdf/openhtmltopdf-core/target/apidocs/com/openhtmltopdf/render/class-use/Box.ChildIteratorOfType.html...
Generating /workspaces/CodeCureAgent/code_cure_agent/cca_workspace_4/openhtmltopdf/openhtmltopdf-core/target/apidocs/com/openhtmltopdf/render/class-use/BorderPainter.html...
Generating /workspaces/CodeCureAgent/code_cure_agent/cca_workspace_4/openhtmltopdf/openhtmltopdf-core/target/apidocs/com/openhtmltopdf/render/class-use/ListItemPainter.html...
Generating /workspaces/CodeCureAgent/code_cure_agent/cca_workspace_4/openhtmltopdf/openhtmltopdf-core/target/apidocs/com/openhtmltopdf/render/class-use/PageBox.html...
Generating /workspaces/CodeCureAgent/code_cure_agent/cca_workspace_4/openhtmltopdf/openhtmltopdf-core/target/apidocs/com/openhtmltopdf/render/class-use/MarkerData.html...
Generating /workspaces/CodeCureAgent/code_cure_agent/cca_workspace_4/openhtmltopdf/openhtmltopdf-core/target/apidocs/com/openhtmltopdf/render/class-use/MarkerData.TextMarker.html...
Generating /workspaces/CodeCureAgent/code_cure_agent/cca_workspace_4/openhtmltopdf/openhtmltopdf-core/target/apidocs/com/openhtmltopdf/render/class-use/MarkerData.GlyphMarker.html...
Generating /workspaces/CodeCureAgent/code_cure_agent/cca_workspace_4/openhtmltopdf/openhtmltopdf-core/target/apidocs/com/openhtmltopdf/render/class-use/MarkerData.ImageMarker.html...
Generating /workspaces/CodeCureAgent/code_cure_agent/cca_workspace_4/openhtmltopdf/openhtmltopdf-core/target/apidocs/com/openhtmltopdf/render/class-use/FloatedBoxData.html...
Generating /workspaces/CodeCureAgent/code_cure_agent/cca_workspace_4/openhtmltopdf/openhtmltopdf-core/target/apidocs/com/openhtmltopdf/render/class-use/OperatorClip.html...
Generating /workspaces/CodeCureAgent/code_cure_agent/cca_workspace_4/openhtmltopdf/openhtmltopdf-core/target/apidocs/com/openhtmltopdf/render/class-use/InlineText.html...
Generating /workspaces/CodeCureAgent/code_cure_agent/cca_workspace_4/openhtmltopdf/openhtmltopdf-core/target/apidocs/com/openhtmltopdf/render/class-use/AbstractOutputDevice.html...
Generating /workspaces/CodeCureAgent/code_cure_agent/cca_workspace_4/openhtmltopdf/openhtmltopdf-core/target/apidocs/com/openhtmltopdf/render/class-use/RenderingContext.html...
Generating /workspaces/CodeCureAgent/code_cure_agent/cca_workspace_4/openhtmltopdf/openhtmltopdf-core/target/apidocs/com/openhtmltopdf/render/simplepainter/class-use/SimpleBoxCollector.html...
Generating /workspaces/CodeCureAgent/code_cure_agent/cca_workspace_4/openhtmltopdf/openhtmltopdf-core/target/apidocs/com/openhtmltopdf/render/simplepainter/class-use/SimplePainter.html...
Generating /workspaces/CodeCureAgent/code_cure_agent/cca_workspace_4/openhtmltopdf/openhtmltopdf-core/target/apidocs/com/openhtmltopdf/render/displaylist/class-use/PaintBackgroundAndBorders.html...
Generating /workspaces/CodeCureAgent/code_cure_agent/cca_workspace_4/openhtmltopdf/openhtmltopdf-core/target/apidocs/com/openhtmltopdf/render/displaylist/class-use/DisplayListPainter.html...
Generating /workspaces/CodeCureAgent/code_cure_agent/cca_workspace_4/openhtmltopdf/openhtmltopdf-core/target/apidocs/com/openhtmltopdf/render/displaylist/class-use/MapDisplayListContainer.html...
Generating /workspaces/CodeCureAgent/code_cure_agent/cca_workspace_4/openhtmltopdf/openhtmltopdf-core/target/apidocs/com/openhtmltopdf/render/displaylist/class-use/PaintInlineContent.html...
Generating /workspaces/CodeCureAgent/code_cure_agent/cca_workspace_4/openhtmltopdf/openhtmltopdf-core/target/apidocs/com/openhtmltopdf/render/displaylist/class-use/PaintPushClipRect.html...
Generating /workspaces/CodeCureAgent/code_cure_agent/cca_workspace_4/openhtmltopdf/openhtmltopdf-core/target/apidocs/com/openhtmltopdf/render/displaylist/class-use/DisplayListContainer.html...
Generating /workspaces/CodeCureAgent/code_cure_agent/cca_workspace_4/openhtmltopdf/openhtmltopdf-core/target/apidocs/com/openhtmltopdf/render/displaylist/class-use/DisplayListContainer.DisplayListPageContainer.html...
Generating /workspaces/CodeCureAgent/code_cure_agent/cca_workspace_4/openhtmltopdf/openhtmltopdf-core/target/apidocs/com/openhtmltopdf/render/displaylist/class-use/PaintListMarkers.html...
Generating /workspaces/CodeCureAgent/code_cure_agent/cca_workspace_4/openhtmltopdf/openhtmltopdf-core/target/apidocs/com/openhtmltopdf/render/displaylist/class-use/PaintPopTransformLayer.html...
Generating /workspaces/CodeCureAgent/code_cure_agent/cca_workspace_4/openhtmltopdf/openhtmltopdf-core/target/apidocs/com/openhtmltopdf/render/displaylist/class-use/ArrayDisplayListContainer.html...
Generating /workspaces/CodeCureAgent/code_cure_agent/cca_workspace_4/openhtmltopdf/openhtmltopdf-core/target/apidocs/com/openhtmltopdf/render/displaylist/class-use/PaintLayerBackgroundAndBorder.html...
Generating /workspaces/CodeCureAgent/code_cure_agent/cca_workspace_4/openhtmltopdf/openhtmltopdf-core/target/apidocs/com/openhtmltopdf/render/displaylist/class-use/DisplayListOperation.html...
Generating /workspaces/CodeCureAgent/code_cure_agent/cca_workspace_4/openhtmltopdf/openhtmltopdf-core/target/apidocs/com/openhtmltopdf/render/displaylist/class-use/PaintPopClipRect.html...
Generating /workspaces/CodeCureAgent/code_cure_agent/cca_workspace_4/openhtmltopdf/openhtmltopdf-core/target/apidocs/com/openhtmltopdf/render/displaylist/class-use/TransformCreator.html...
Generating /workspaces/CodeCureAgent/code_cure_agent/cca_workspace_4/openhtmltopdf/openhtmltopdf-core/target/apidocs/com/openhtmltopdf/render/displaylist/class-use/PagedBoxCollector.html...
Generating /workspaces/CodeCureAgent/code_cure_agent/cca_workspace_4/openhtmltopdf/openhtmltopdf-core/target/apidocs/com/openhtmltopdf/render/displaylist/class-use/PagedBoxCollector.PageInfo.html...
Generating /workspaces/CodeCureAgent/code_cure_agent/cca_workspace_4/openhtmltopdf/openhtmltopdf-core/target/apidocs/com/openhtmltopdf/render/displaylist/class-use/PagedBoxCollector.PageFinder.html...
Generating /workspaces/CodeCureAgent/code_cure_agent/cca_workspace_4/openhtmltopdf/openhtmltopdf-core/target/apidocs/com/openhtmltopdf/render/displaylist/class-use/PagedBoxCollector.PageResult.html...
Generating /workspaces/CodeCureAgent/code_cure_agent/cca_workspace_4/openhtmltopdf/openhtmltopdf-core/target/apidocs/com/openhtmltopdf/render/displaylist/class-use/PaintRootElementBackground.html...
Generating /workspaces/CodeCureAgent/code_cure_agent/cca_workspace_4/openhtmltopdf/openhtmltopdf-core/target/apidocs/com/openhtmltopdf/render/displaylist/class-use/PaintFixedLayer.html...
Generating /workspaces/CodeCureAgent/code_cure_agent/cca_workspace_4/openhtmltopdf/openhtmltopdf-core/target/apidocs/com/openhtmltopdf/render/displaylist/class-use/PaintReplacedElements.html...
Generating /workspaces/CodeCureAgent/code_cure_agent/cca_workspace_4/openhtmltopdf/openhtmltopdf-core/target/apidocs/com/openhtmltopdf/render/displaylist/class-use/PaintReplacedElement.html...
Generating /workspaces/CodeCureAgent/code_cure_agent/cca_workspace_4/openhtmltopdf/openhtmltopdf-core/target/apidocs/com/openhtmltopdf/render/displaylist/class-use/PaintPushTransformLayer.html...
Generating /workspaces/CodeCureAgent/code_cure_agent/cca_workspace_4/openhtmltopdf/openhtmltopdf-core/target/apidocs/com/openhtmltopdf/render/displaylist/class-use/DisplayListCollector.html...
Generating /workspaces/CodeCureAgent/code_cure_agent/cca_workspace_4/openhtmltopdf/openhtmltopdf-core/target/apidocs/com/openhtmltopdf/render/displaylist/class-use/DisplayListCollector.CollectFlags.html...
Generating /workspaces/CodeCureAgent/code_cure_agent/cca_workspace_4/openhtmltopdf/openhtmltopdf-core/target/apidocs/com/openhtmltopdf/extend/class-use/FSCacheValue.html...
Generating /workspaces/CodeCureAgent/code_cure_agent/cca_workspace_4/openhtmltopdf/openhtmltopdf-core/target/apidocs/com/openhtmltopdf/extend/class-use/UserAgentCallback.html...
Generating /workspaces/CodeCureAgent/code_cure_agent/cca_workspace_4/openhtmltopdf/openhtmltopdf-core/target/apidocs/com/openhtmltopdf/extend/class-use/ReplacedElementFactory.html...
Generating /workspaces/CodeCureAgent/code_cure_agent/cca_workspace_4/openhtmltopdf/openhtmltopdf-core/target/apidocs/com/openhtmltopdf/extend/class-use/FSImage.html...
Generating /workspaces/CodeCureAgent/code_cure_agent/cca_workspace_4/openhtmltopdf/openhtmltopdf-core/target/apidocs/com/openhtmltopdf/extend/class-use/SVGDrawer.html...
Generating /workspaces/CodeCureAgent/code_cure_agent/cca_workspace_4/openhtmltopdf/openhtmltopdf-core/target/apidocs/com/openhtmltopdf/extend/class-use/SVGDrawer.SVGImage.html...
Generating /workspaces/CodeCureAgent/code_cure_agent/cca_workspace_4/openhtmltopdf/openhtmltopdf-core/target/apidocs/com/openhtmltopdf/extend/class-use/OutputDevice.html...
Generating /workspaces/CodeCureAgent/code_cure_agent/cca_workspace_4/openhtmltopdf/openhtmltopdf-core/target/apidocs/com/openhtmltopdf/extend/class-use/FSTextTransformer.html...
Generating /workspaces/CodeCureAgent/code_cure_agent/cca_workspace_4/openhtmltopdf/openhtmltopdf-core/target/apidocs/com/openhtmltopdf/extend/class-use/FSCacheEx.html...
Generating /workspaces/CodeCureAgent/code_cure_agent/cca_workspace_4/openhtmltopdf/openhtmltopdf-core/target/apidocs/com/openhtmltopdf/extend/class-use/FSDOMMutator.html...
Generating /workspaces/CodeCureAgent/code_cure_agent/cca_workspace_4/openhtmltopdf/openhtmltopdf-core/target/apidocs/com/openhtmltopdf/extend/class-use/FSObjectDrawerFactory.html...
Generating /workspaces/CodeCureAgent/code_cure_agent/cca_workspace_4/openhtmltopdf/openhtmltopdf-core/target/apidocs/com/openhtmltopdf/extend/class-use/FSGlyphVector.html...
Generating /workspaces/CodeCureAgent/code_cure_agent/cca_workspace_4/openhtmltopdf/openhtmltopdf-core/target/apidocs/com/openhtmltopdf/extend/class-use/FontContext.html...
Generating /workspaces/CodeCureAgent/code_cure_agent/cca_workspace_4/openhtmltopdf/openhtmltopdf-core/target/apidocs/com/openhtmltopdf/extend/class-use/HttpStreamFactory.html...
Generating /workspaces/CodeCureAgent/code_cure_agent/cca_workspace_4/openhtmltopdf/openhtmltopdf-core/target/apidocs/com/openhtmltopdf/extend/class-use/FSSupplier.html...
Generating /workspaces/CodeCureAgent/code_cure_agent/cca_workspace_4/openhtmltopdf/openhtmltopdf-core/target/apidocs/com/openhtmltopdf/extend/class-use/FSStreamFactory.html...
Generating /workspaces/CodeCureAgent/code_cure_agent/cca_workspace_4/openhtmltopdf/openhtmltopdf-core/target/apidocs/com/openhtmltopdf/extend/class-use/NamespaceHandler.html...
Generating /workspaces/CodeCureAgent/code_cure_agent/cca_workspace_4/openhtmltopdf/openhtmltopdf-core/target/apidocs/com/openhtmltopdf/extend/class-use/OutputDeviceGraphicsDrawer.html...
Generating /workspaces/CodeCureAgent/code_cure_agent/cca_workspace_4/openhtmltopdf/openhtmltopdf-core/target/apidocs/com/openhtmltopdf/extend/class-use/ReplacedElement.html...
Generating /workspaces/CodeCureAgent/code_cure_agent/cca_workspace_4/openhtmltopdf/openhtmltopdf-core/target/apidocs/com/openhtmltopdf/extend/class-use/FSCanvas.html...
Generating /workspaces/CodeCureAgent/code_cure_agent/cca_workspace_4/openhtmltopdf/openhtmltopdf-core/target/apidocs/com/openhtmltopdf/extend/class-use/UserInterface.html...
Generating /workspaces/CodeCureAgent/code_cure_agent/cca_workspace_4/openhtmltopdf/openhtmltopdf-core/target/apidocs/com/openhtmltopdf/extend/class-use/FSTextBreaker.html...
Generating /workspaces/CodeCureAgent/code_cure_agent/cca_workspace_4/openhtmltopdf/openhtmltopdf-core/target/apidocs/com/openhtmltopdf/extend/class-use/TextRenderer.html...
Generating /workspaces/CodeCureAgent/code_cure_agent/cca_workspace_4/openhtmltopdf/openhtmltopdf-core/target/apidocs/com/openhtmltopdf/extend/class-use/FSUriResolver.html...
Generating /workspaces/CodeCureAgent/code_cure_agent/cca_workspace_4/openhtmltopdf/openhtmltopdf-core/target/apidocs/com/openhtmltopdf/extend/class-use/StructureType.html...
Generating /workspaces/CodeCureAgent/code_cure_agent/cca_workspace_4/openhtmltopdf/openhtmltopdf-core/target/apidocs/com/openhtmltopdf/extend/class-use/FSObjectDrawer.html...
Generating /workspaces/CodeCureAgent/code_cure_agent/cca_workspace_4/openhtmltopdf/openhtmltopdf-core/target/apidocs/com/openhtmltopdf/extend/class-use/FontResolver.html...
Generating /workspaces/CodeCureAgent/code_cure_agent/cca_workspace_4/openhtmltopdf/openhtmltopdf-core/target/apidocs/com/openhtmltopdf/extend/class-use/HttpStream.html...
Generating /workspaces/CodeCureAgent/code_cure_agent/cca_workspace_4/openhtmltopdf/openhtmltopdf-core/target/apidocs/com/openhtmltopdf/extend/class-use/FSStream.html...
Generating /workspaces/CodeCureAgent/code_cure_agent/cca_workspace_4/openhtmltopdf/openhtmltopdf-core/target/apidocs/com/openhtmltopdf/extend/impl/class-use/FSDefaultCacheStore.html...
Generating /workspaces/CodeCureAgent/code_cure_agent/cca_workspace_4/openhtmltopdf/openhtmltopdf-core/target/apidocs/com/openhtmltopdf/extend/impl/class-use/FSNoOpCacheStore.html...
Generating /workspaces/CodeCureAgent/code_cure_agent/cca_workspace_4/openhtmltopdf/openhtmltopdf-core/target/apidocs/com/openhtmltopdf/util/class-use/XRRuntimeException.html...
Generating /workspaces/CodeCureAgent/code_cure_agent/cca_workspace_4/openhtmltopdf/openhtmltopdf-core/target/apidocs/com/openhtmltopdf/util/class-use/ArrayUtil.html...
Generating /workspaces/CodeCureAgent/code_cure_agent/cca_workspace_4/openhtmltopdf/openhtmltopdf-core/target/apidocs/com/openhtmltopdf/util/class-use/Diagnostic.html...
Generating /workspaces/CodeCureAgent/code_cure_agent/cca_workspace_4/openhtmltopdf/openhtmltopdf-core/target/apidocs/com/openhtmltopdf/util/class-use/XRSimpleLogFormatter.html...
Generating /workspaces/CodeCureAgent/code_cure_agent/cca_workspace_4/openhtmltopdf/openhtmltopdf-core/target/apidocs/com/openhtmltopdf/util/class-use/Configuration.html...
Generating /workspaces/CodeCureAgent/code_cure_agent/cca_workspace_4/openhtmltopdf/openhtmltopdf-core/target/apidocs/com/openhtmltopdf/util/class-use/OpenUtil.html...
Generating /workspaces/CodeCureAgent/code_cure_agent/cca_workspace_4/openhtmltopdf/openhtmltopdf-core/target/apidocs/com/openhtmltopdf/util/class-use/LambdaUtil.html...
Generating /workspaces/CodeCureAgent/code_cure_agent/cca_workspace_4/openhtmltopdf/openhtmltopdf-core/target/apidocs/com/openhtmltopdf/util/class-use/DownscaleQuality.html...
Generating /workspaces/CodeCureAgent/code_cure_agent/cca_workspace_4/openhtmltopdf/openhtmltopdf-core/target/apidocs/com/openhtmltopdf/util/class-use/Constants.html...
Generating /workspaces/CodeCureAgent/code_cure_agent/cca_workspace_4/openhtmltopdf/openhtmltopdf-core/target/apidocs/com/openhtmltopdf/util/class-use/LoggerUtil.html...
Generating /workspaces/CodeCureAgent/code_cure_agent/cca_workspace_4/openhtmltopdf/openhtmltopdf-core/target/apidocs/com/openhtmltopdf/util/class-use/ThreadCtx.html...
Generating /workspaces/CodeCureAgent/code_cure_agent/cca_workspace_4/openhtmltopdf/openhtmltopdf-core/target/apidocs/com/openhtmltopdf/util/class-use/ThreadCtx.ThreadData.html...
Generating /workspaces/CodeCureAgent/code_cure_agent/cca_workspace_4/openhtmltopdf/openhtmltopdf-core/target/apidocs/com/openhtmltopdf/util/class-use/XRLogger.html...
Generating /workspaces/CodeCureAgent/code_cure_agent/cca_workspace_4/openhtmltopdf/openhtmltopdf-core/target/apidocs/com/openhtmltopdf/util/class-use/ImageUtil.html...
Generating /workspaces/CodeCureAgent/code_cure_agent/cca_workspace_4/openhtmltopdf/openhtmltopdf-core/target/apidocs/com/openhtmltopdf/util/class-use/ScalingOptions.html...
Generating /workspaces/CodeCureAgent/code_cure_agent/cca_workspace_4/openhtmltopdf/openhtmltopdf-core/target/apidocs/com/openhtmltopdf/util/class-use/XRLog.html...
Generating /workspaces/CodeCureAgent/code_cure_agent/cca_workspace_4/openhtmltopdf/openhtmltopdf-core/target/apidocs/com/openhtmltopdf/util/class-use/LogMessageId.html...
Generating /workspaces/CodeCureAgent/code_cure_agent/cca_workspace_4/openhtmltopdf/openhtmltopdf-core/target/apidocs/com/openhtmltopdf/util/class-use/LogMessageId.LogMessageId5Param.html...
Generating /workspaces/CodeCureAgent/code_cure_agent/cca_workspace_4/openhtmltopdf/openhtmltopdf-core/target/apidocs/com/openhtmltopdf/util/class-use/LogMessageId.LogMessageId4Param.html...
Generating /workspaces/CodeCureAgent/code_cure_agent/cca_workspace_4/openhtmltopdf/openhtmltopdf-core/target/apidocs/com/openhtmltopdf/util/class-use/LogMessageId.LogMessageId3Param.html...
Generating /workspaces/CodeCureAgent/code_cure_agent/cca_workspace_4/openhtmltopdf/openhtmltopdf-core/target/apidocs/com/openhtmltopdf/util/class-use/LogMessageId.LogMessageId2Param.html...
Generating /workspaces/CodeCureAgent/code_cure_agent/cca_workspace_4/openhtmltopdf/openhtmltopdf-core/target/apidocs/com/openhtmltopdf/util/class-use/LogMessageId.LogMessageId1Param.html...
Generating /workspaces/CodeCureAgent/code_cure_agent/cca_workspace_4/openhtmltopdf/openhtmltopdf-core/target/apidocs/com/openhtmltopdf/util/class-use/LogMessageId.LogMessageId0Param.html...
Generating /workspaces/CodeCureAgent/code_cure_agent/cca_workspace_4/openhtmltopdf/openhtmltopdf-core/target/apidocs/com/openhtmltopdf/util/class-use/JDKXRLogger.html...
Generating /workspaces/CodeCureAgent/code_cure_agent/cca_workspace_4/openhtmltopdf/openhtmltopdf-core/target/apidocs/com/openhtmltopdf/layout/class-use/UrlAwareLineBreakIterator.html...
Generating /workspaces/CodeCureAgent/code_cure_agent/cca_workspace_4/openhtmltopdf/openhtmltopdf-core/target/apidocs/com/openhtmltopdf/layout/class-use/VerticalAlignContext.html...
Generating /workspaces/CodeCureAgent/code_cure_agent/cca_workspace_4/openhtmltopdf/openhtmltopdf-core/target/apidocs/com/openhtmltopdf/layout/class-use/FloatLayoutResult.html...
Generating /workspaces/CodeCureAgent/code_cure_agent/cca_workspace_4/openhtmltopdf/openhtmltopdf-core/target/apidocs/com/openhtmltopdf/layout/class-use/InlinePaintable.html...
Generating /workspaces/CodeCureAgent/code_cure_agent/cca_workspace_4/openhtmltopdf/openhtmltopdf-core/target/apidocs/com/openhtmltopdf/layout/class-use/StyleTracker.html...
Generating /workspaces/CodeCureAgent/code_cure_agent/cca_workspace_4/openhtmltopdf/openhtmltopdf-core/target/apidocs/com/openhtmltopdf/layout/class-use/BoxRangeLists.html...
Generating /workspaces/CodeCureAgent/code_cure_agent/cca_workspace_4/openhtmltopdf/openhtmltopdf-core/target/apidocs/com/openhtmltopdf/layout/class-use/LineBreakContext.html...
Generating /workspaces/CodeCureAgent/code_cure_agent/cca_workspace_4/openhtmltopdf/openhtmltopdf-core/target/apidocs/com/openhtmltopdf/layout/class-use/LineBreakContext.LineBreakResult.html...
Generating /workspaces/CodeCureAgent/code_cure_agent/cca_workspace_4/openhtmltopdf/openhtmltopdf-core/target/apidocs/com/openhtmltopdf/layout/class-use/InlineBoxing.html...
Generating /workspaces/CodeCureAgent/code_cure_agent/cca_workspace_4/openhtmltopdf/openhtmltopdf-core/target/apidocs/com/openhtmltopdf/layout/class-use/BlockBoxing.html...
Generating /workspaces/CodeCureAgent/code_cure_agent/cca_workspace_4/openhtmltopdf/openhtmltopdf-core/target/apidocs/com/openhtmltopdf/layout/class-use/LayoutContext.html...
Generating /workspaces/CodeCureAgent/code_cure_agent/cca_workspace_4/openhtmltopdf/openhtmltopdf-core/target/apidocs/com/openhtmltopdf/layout/class-use/LayoutContext.CounterContext.html...
Generating /workspaces/CodeCureAgent/code_cure_agent/cca_workspace_4/openhtmltopdf/openhtmltopdf-core/target/apidocs/com/openhtmltopdf/layout/class-use/CounterFunction.html...
Generating /workspaces/CodeCureAgent/code_cure_agent/cca_workspace_4/openhtmltopdf/openhtmltopdf-core/target/apidocs/com/openhtmltopdf/layout/class-use/FunctionData.html...
Generating /workspaces/CodeCureAgent/code_cure_agent/cca_workspace_4/openhtmltopdf/openhtmltopdf-core/target/apidocs/com/openhtmltopdf/layout/class-use/BoxRange.html...
Generating /workspaces/CodeCureAgent/code_cure_agent/cca_workspace_4/openhtmltopdf/openhtmltopdf-core/target/apidocs/com/openhtmltopdf/layout/class-use/InlineBoxMeasurements.html...
Generating /workspaces/CodeCureAgent/code_cure_agent/cca_workspace_4/openhtmltopdf/openhtmltopdf-core/target/apidocs/com/openhtmltopdf/layout/class-use/LayoutState.html...
Generating /workspaces/CodeCureAgent/code_cure_agent/cca_workspace_4/openhtmltopdf/openhtmltopdf-core/target/apidocs/com/openhtmltopdf/layout/class-use/SharedContext.html...
Generating /workspaces/CodeCureAgent/code_cure_agent/cca_workspace_4/openhtmltopdf/openhtmltopdf-core/target/apidocs/com/openhtmltopdf/layout/class-use/PaintingInfo.html...
Generating /workspaces/CodeCureAgent/code_cure_agent/cca_workspace_4/openhtmltopdf/openhtmltopdf-core/target/apidocs/com/openhtmltopdf/layout/class-use/CollapsedBorderSide.html...
Generating /workspaces/CodeCureAgent/code_cure_agent/cca_workspace_4/openhtmltopdf/openhtmltopdf-core/target/apidocs/com/openhtmltopdf/layout/class-use/LayoutUtil.html...
Generating /workspaces/CodeCureAgent/code_cure_agent/cca_workspace_4/openhtmltopdf/openhtmltopdf-core/target/apidocs/com/openhtmltopdf/layout/class-use/Layer.html...
Generating /workspaces/CodeCureAgent/code_cure_agent/cca_workspace_4/openhtmltopdf/openhtmltopdf-core/target/apidocs/com/openhtmltopdf/layout/class-use/BoxRangeHelper.html...
Generating /workspaces/CodeCureAgent/code_cure_agent/cca_workspace_4/openhtmltopdf/openhtmltopdf-core/target/apidocs/com/openhtmltopdf/layout/class-use/WhitespaceStripper.html...
Generating /workspaces/CodeCureAgent/code_cure_agent/cca_workspace_4/openhtmltopdf/openhtmltopdf-core/target/apidocs/com/openhtmltopdf/layout/class-use/TextUtil.html...
Generating /workspaces/CodeCureAgent/code_cure_agent/cca_workspace_4/openhtmltopdf/openhtmltopdf-core/target/apidocs/com/openhtmltopdf/layout/class-use/TextUtil.DefaultToTitleTransformer.html...
Generating /workspaces/CodeCureAgent/code_cure_agent/cca_workspace_4/openhtmltopdf/openhtmltopdf-core/target/apidocs/com/openhtmltopdf/layout/class-use/TextUtil.DefaultToLowerTransformer.html...
Generating /workspaces/CodeCureAgent/code_cure_agent/cca_workspace_4/openhtmltopdf/openhtmltopdf-core/target/apidocs/com/openhtmltopdf/layout/class-use/TextUtil.DefaultToUpperTransformer.html...
Generating /workspaces/CodeCureAgent/code_cure_agent/cca_workspace_4/openhtmltopdf/openhtmltopdf-core/target/apidocs/com/openhtmltopdf/layout/class-use/TextUtil.DefaultCharacterBreaker.html...
Generating /workspaces/CodeCureAgent/code_cure_agent/cca_workspace_4/openhtmltopdf/openhtmltopdf-core/target/apidocs/com/openhtmltopdf/layout/class-use/BoxBuilder.html...
Generating /workspaces/CodeCureAgent/code_cure_agent/cca_workspace_4/openhtmltopdf/openhtmltopdf-core/target/apidocs/com/openhtmltopdf/layout/class-use/PersistentBFC.html...
Generating /workspaces/CodeCureAgent/code_cure_agent/cca_workspace_4/openhtmltopdf/openhtmltopdf-core/target/apidocs/com/openhtmltopdf/layout/class-use/Styleable.html...
Generating /workspaces/CodeCureAgent/code_cure_agent/cca_workspace_4/openhtmltopdf/openhtmltopdf-core/target/apidocs/com/openhtmltopdf/layout/class-use/BoxRangeData.html...
Generating /workspaces/CodeCureAgent/code_cure_agent/cca_workspace_4/openhtmltopdf/openhtmltopdf-core/target/apidocs/com/openhtmltopdf/layout/class-use/BlockFormattingContext.html...
Generating /workspaces/CodeCureAgent/code_cure_agent/cca_workspace_4/openhtmltopdf/openhtmltopdf-core/target/apidocs/com/openhtmltopdf/layout/class-use/BreakAtLineContext.html...
Generating /workspaces/CodeCureAgent/code_cure_agent/cca_workspace_4/openhtmltopdf/openhtmltopdf-core/target/apidocs/com/openhtmltopdf/layout/class-use/Breaker.html...
Generating /workspaces/CodeCureAgent/code_cure_agent/cca_workspace_4/openhtmltopdf/openhtmltopdf-core/target/apidocs/com/openhtmltopdf/layout/class-use/Breaker.TextBreakerSupplier.html...
Generating /workspaces/CodeCureAgent/code_cure_agent/cca_workspace_4/openhtmltopdf/openhtmltopdf-core/target/apidocs/com/openhtmltopdf/layout/class-use/FloatManager.html...
Generating /workspaces/CodeCureAgent/code_cure_agent/cca_workspace_4/openhtmltopdf/openhtmltopdf-core/target/apidocs/com/openhtmltopdf/layout/class-use/FloatManager.FloatOperation.html...
Generating /workspaces/CodeCureAgent/code_cure_agent/cca_workspace_4/openhtmltopdf/openhtmltopdf-core/target/apidocs/com/openhtmltopdf/layout/class-use/FloatManager.BoxOffset.html...
Generating /workspaces/CodeCureAgent/code_cure_agent/cca_workspace_4/openhtmltopdf/openhtmltopdf-core/target/apidocs/com/openhtmltopdf/layout/class-use/BoxCollector.html...
Generating /workspaces/CodeCureAgent/code_cure_agent/cca_workspace_4/openhtmltopdf/openhtmltopdf-core/target/apidocs/com/openhtmltopdf/simple/extend/class-use/XhtmlCssOnlyNamespaceHandler.html...
Generating /workspaces/CodeCureAgent/code_cure_agent/cca_workspace_4/openhtmltopdf/openhtmltopdf-core/target/apidocs/com/openhtmltopdf/simple/extend/class-use/NoReplacedElementFactory.html...
Generating /workspaces/CodeCureAgent/code_cure_agent/cca_workspace_4/openhtmltopdf/openhtmltopdf-core/target/apidocs/com/openhtmltopdf/simple/extend/class-use/XhtmlNamespaceHandler.html...
Generating /workspaces/CodeCureAgent/code_cure_agent/cca_workspace_4/openhtmltopdf/openhtmltopdf-core/target/apidocs/com/openhtmltopdf/simple/extend/class-use/ReplacedElementScaleHelper.html...
Generating /workspaces/CodeCureAgent/code_cure_agent/cca_workspace_4/openhtmltopdf/openhtmltopdf-core/target/apidocs/com/openhtmltopdf/simple/class-use/NoNamespaceHandler.html...
Generating /workspaces/CodeCureAgent/code_cure_agent/cca_workspace_4/openhtmltopdf/openhtmltopdf-core/target/apidocs/com/openhtmltopdf/swing/class-use/AWTFSFont.html...
Generating /workspaces/CodeCureAgent/code_cure_agent/cca_workspace_4/openhtmltopdf/openhtmltopdf-core/target/apidocs/com/openhtmltopdf/swing/class-use/AWTFSGlyphVector.html...
Generating /workspaces/CodeCureAgent/code_cure_agent/cca_workspace_4/openhtmltopdf/openhtmltopdf-core/target/apidocs/com/openhtmltopdf/swing/class-use/UriResolver.html...
Generating /workspaces/CodeCureAgent/code_cure_agent/cca_workspace_4/openhtmltopdf/openhtmltopdf-core/target/apidocs/com/openhtmltopdf/swing/class-use/EmptyReplacedElement.html...
Generating /workspaces/CodeCureAgent/code_cure_agent/cca_workspace_4/openhtmltopdf/openhtmltopdf-core/target/apidocs/com/openhtmltopdf/swing/class-use/ImageMapParser.html...
Generating /workspaces/CodeCureAgent/code_cure_agent/cca_workspace_4/openhtmltopdf/openhtmltopdf-core/target/apidocs/com/openhtmltopdf/swing/class-use/DOMInspector.html...
Generating /workspaces/CodeCureAgent/code_cure_agent/cca_workspace_4/openhtmltopdf/openhtmltopdf-core/target/apidocs/com/openhtmltopdf/swing/class-use/AWTFontResolver.html...
Generating /workspaces/CodeCureAgent/code_cure_agent/cca_workspace_4/openhtmltopdf/openhtmltopdf-core/target/apidocs/com/openhtmltopdf/swing/class-use/AWTFSImage.html...
Generating /workspaces/CodeCureAgent/code_cure_agent/cca_workspace_4/openhtmltopdf/openhtmltopdf-core/target/apidocs/com/openhtmltopdf/swing/class-use/NaiveUserAgent.html...
Generating /workspaces/CodeCureAgent/code_cure_agent/cca_workspace_4/openhtmltopdf/openhtmltopdf-core/target/apidocs/com/openhtmltopdf/swing/class-use/NaiveUserAgent.DefaultUriResolver.html...
Generating /workspaces/CodeCureAgent/code_cure_agent/cca_workspace_4/openhtmltopdf/openhtmltopdf-core/target/apidocs/com/openhtmltopdf/swing/class-use/NaiveUserAgent.DataUriFactory.html...
Generating /workspaces/CodeCureAgent/code_cure_agent/cca_workspace_4/openhtmltopdf/openhtmltopdf-core/target/apidocs/com/openhtmltopdf/swing/class-use/NaiveUserAgent.DefaultHttpStreamFactory.html...
Generating /workspaces/CodeCureAgent/code_cure_agent/cca_workspace_4/openhtmltopdf/openhtmltopdf-core/target/apidocs/com/openhtmltopdf/swing/class-use/NaiveUserAgent.DefaultHttpStream.html...
Generating /workspaces/CodeCureAgent/code_cure_agent/cca_workspace_4/openhtmltopdf/openhtmltopdf-core/target/apidocs/com/openhtmltopdf/swing/class-use/ImageReplacedElement.html...
Generating /workspaces/CodeCureAgent/code_cure_agent/cca_workspace_4/openhtmltopdf/openhtmltopdf-core/target/apidocs/com/openhtmltopdf/event/class-use/DocumentListener.html...
Generating /workspaces/CodeCureAgent/code_cure_agent/cca_workspace_4/openhtmltopdf/openhtmltopdf-core/target/apidocs/com/openhtmltopdf/event/class-use/DefaultDocumentListener.html...
Generating /workspaces/CodeCureAgent/code_cure_agent/cca_workspace_4/openhtmltopdf/openhtmltopdf-core/target/apidocs/com/openhtmltopdf/context/class-use/ContentFunctionFactory.html...
Generating /workspaces/CodeCureAgent/code_cure_agent/cca_workspace_4/openhtmltopdf/openhtmltopdf-core/target/apidocs/com/openhtmltopdf/context/class-use/StylesheetFactoryImpl.html...
Generating /workspaces/CodeCureAgent/code_cure_agent/cca_workspace_4/openhtmltopdf/openhtmltopdf-core/target/apidocs/com/openhtmltopdf/context/class-use/StyleReference.html...
Generating /workspaces/CodeCureAgent/code_cure_agent/cca_workspace_4/openhtmltopdf/openhtmltopdf-core/target/apidocs/com/openhtmltopdf/context/class-use/StandardAttributeResolver.html...
Generating /workspaces/CodeCureAgent/code_cure_agent/cca_workspace_4/openhtmltopdf/openhtmltopdf-core/target/apidocs/com/openhtmltopdf/bidi/package-use.html...
Generating /workspaces/CodeCureAgent/code_cure_agent/cca_workspace_4/openhtmltopdf/openhtmltopdf-core/target/apidocs/com/openhtmltopdf/context/package-use.html...
Generating /workspaces/CodeCureAgent/code_cure_agent/cca_workspace_4/openhtmltopdf/openhtmltopdf-core/target/apidocs/com/openhtmltopdf/css/constants/package-use.html...
Generating /workspaces/CodeCureAgent/code_cure_agent/cca_workspace_4/openhtmltopdf/openhtmltopdf-core/target/apidocs/com/openhtmltopdf/css/extend/package-use.html...
Generating /workspaces/CodeCureAgent/code_cure_agent/cca_workspace_4/openhtmltopdf/openhtmltopdf-core/target/apidocs/com/openhtmltopdf/css/extend/lib/package-use.html...
Generating /workspaces/CodeCureAgent/code_cure_agent/cca_workspace_4/openhtmltopdf/openhtmltopdf-core/target/apidocs/com/openhtmltopdf/css/newmatch/package-use.html...
Generating /workspaces/CodeCureAgent/code_cure_agent/cca_workspace_4/openhtmltopdf/openhtmltopdf-core/target/apidocs/com/openhtmltopdf/css/parser/package-use.html...
Generating /workspaces/CodeCureAgent/code_cure_agent/cca_workspace_4/openhtmltopdf/openhtmltopdf-core/target/apidocs/com/openhtmltopdf/css/parser/property/package-use.html...
Generating /workspaces/CodeCureAgent/code_cure_agent/cca_workspace_4/openhtmltopdf/openhtmltopdf-core/target/apidocs/com/openhtmltopdf/css/sheet/package-use.html...
Generating /workspaces/CodeCureAgent/code_cure_agent/cca_workspace_4/openhtmltopdf/openhtmltopdf-core/target/apidocs/com/openhtmltopdf/css/style/package-use.html...
Generating /workspaces/CodeCureAgent/code_cure_agent/cca_workspace_4/openhtmltopdf/openhtmltopdf-core/target/apidocs/com/openhtmltopdf/css/style/derived/package-use.html...
Generating /workspaces/CodeCureAgent/code_cure_agent/cca_workspace_4/openhtmltopdf/openhtmltopdf-core/target/apidocs/com/openhtmltopdf/css/value/package-use.html...
Generating /workspaces/CodeCureAgent/code_cure_agent/cca_workspace_4/openhtmltopdf/openhtmltopdf-core/target/apidocs/com/openhtmltopdf/event/package-use.html...
Generating /workspaces/CodeCureAgent/code_cure_agent/cca_workspace_4/openhtmltopdf/openhtmltopdf-core/target/apidocs/com/openhtmltopdf/extend/package-use.html...
Generating /workspaces/CodeCureAgent/code_cure_agent/cca_workspace_4/openhtmltopdf/openhtmltopdf-core/target/apidocs/com/openhtmltopdf/extend/impl/package-use.html...
Generating /workspaces/CodeCureAgent/code_cure_agent/cca_workspace_4/openhtmltopdf/openhtmltopdf-core/target/apidocs/com/openhtmltopdf/layout/package-use.html...
Generating /workspaces/CodeCureAgent/code_cure_agent/cca_workspace_4/openhtmltopdf/openhtmltopdf-core/target/apidocs/com/openhtmltopdf/newtable/package-use.html...
Generating /workspaces/CodeCureAgent/code_cure_agent/cca_workspace_4/openhtmltopdf/openhtmltopdf-core/target/apidocs/com/openhtmltopdf/outputdevice/helper/package-use.html...
Generating /workspaces/CodeCureAgent/code_cure_agent/cca_workspace_4/openhtmltopdf/openhtmltopdf-core/target/apidocs/com/openhtmltopdf/render/package-use.html...
Generating /workspaces/CodeCureAgent/code_cure_agent/cca_workspace_4/openhtmltopdf/openhtmltopdf-core/target/apidocs/com/openhtmltopdf/render/displaylist/package-use.html...
Generating /workspaces/CodeCureAgent/code_cure_agent/cca_workspace_4/openhtmltopdf/openhtmltopdf-core/target/apidocs/com/openhtmltopdf/render/simplepainter/package-use.html...
Generating /workspaces/CodeCureAgent/code_cure_agent/cca_workspace_4/openhtmltopdf/openhtmltopdf-core/target/apidocs/com/openhtmltopdf/resource/package-use.html...
Generating /workspaces/CodeCureAgent/code_cure_agent/cca_workspace_4/openhtmltopdf/openhtmltopdf-core/target/apidocs/com/openhtmltopdf/simple/package-use.html...
Generating /workspaces/CodeCureAgent/code_cure_agent/cca_workspace_4/openhtmltopdf/openhtmltopdf-core/target/apidocs/com/openhtmltopdf/simple/extend/package-use.html...
Generating /workspaces/CodeCureAgent/code_cure_agent/cca_workspace_4/openhtmltopdf/openhtmltopdf-core/target/apidocs/com/openhtmltopdf/swing/package-use.html...
Generating /workspaces/CodeCureAgent/code_cure_agent/cca_workspace_4/openhtmltopdf/openhtmltopdf-core/target/apidocs/com/openhtmltopdf/util/package-use.html...
Building index for all the packages and classes...
Generating /workspaces/CodeCureAgent/code_cure_agent/cca_workspace_4/openhtmltopdf/openhtmltopdf-core/target/apidocs/overview-tree.html...
Generating /workspaces/CodeCureAgent/code_cure_agent/cca_workspace_4/openhtmltopdf/openhtmltopdf-core/target/apidocs/index-all.html...
Building index for all classes...
Generating /workspaces/CodeCureAgent/code_cure_agent/cca_workspace_4/openhtmltopdf/openhtmltopdf-core/target/apidocs/allclasses-index.html...
Generating /workspaces/CodeCureAgent/code_cure_agent/cca_workspace_4/openhtmltopdf/openhtmltopdf-core/target/apidocs/allpackages-index.html...
Generating /workspaces/CodeCureAgent/code_cure_agent/cca_workspace_4/openhtmltopdf/openhtmltopdf-core/target/apidocs/deprecated-list.html...
Building index for all classes...
Generating /workspaces/CodeCureAgent/code_cure_agent/cca_workspace_4/openhtmltopdf/openhtmltopdf-core/target/apidocs/allclasses.html...
Generating /workspaces/CodeCureAgent/code_cure_agent/cca_workspace_4/openhtmltopdf/openhtmltopdf-core/target/apidocs/allclasses.html...
Generating /workspaces/CodeCureAgent/code_cure_agent/cca_workspace_4/openhtmltopdf/openhtmltopdf-core/target/apidocs/index.html...
Generating /workspaces/CodeCureAgent/code_cure_agent/cca_workspace_4/openhtmltopdf/openhtmltopdf-core/target/apidocs/overview-summary.html...
Generating /workspaces/CodeCureAgent/code_cure_agent/cca_workspace_4/openhtmltopdf/openhtmltopdf-core/target/apidocs/help-doc.html...
[INFO] Building jar: /workspaces/CodeCureAgent/code_cure_agent/cca_workspace_4/openhtmltopdf/openhtmltopdf-core/target/openhtmltopdf-core-1.0.5-SNAPSHOT-javadoc.jar
[INFO] 
[INFO] ---------------< com.openhtmltopdf:openhtmltopdf-pdfbox >---------------
[INFO] Building Openhtmltopdf PDF Rendering (Apache PDF-BOX 2) 1.0.5-SNAPSHOT [3/13]
[INFO] --------------------------------[ jar ]---------------------------------
[INFO] 
[INFO] --- maven-clean-plugin:2.5:clean (default-clean) @ openhtmltopdf-pdfbox ---
[INFO] 
[INFO] --- maven-resources-plugin:2.6:resources (default-resources) @ openhtmltopdf-pdfbox ---
[INFO] Using 'UTF-8' encoding to copy filtered resources.
[INFO] Copying 4 resources to META-INF
[INFO] 
[INFO] --- maven-compiler-plugin:3.3:compile (default-compile) @ openhtmltopdf-pdfbox ---
[INFO] Changes detected - recompiling the module!
[INFO] Compiling 37 source files to /workspaces/CodeCureAgent/code_cure_agent/cca_workspace_4/openhtmltopdf/openhtmltopdf-pdfbox/target/classes
[INFO] /workspaces/CodeCureAgent/code_cure_agent/cca_workspace_4/openhtmltopdf/openhtmltopdf-pdfbox/src/main/java/com/openhtmltopdf/pdfboxout/PdfBoxFastLinkManager.java: Some input files use or override a deprecated API.
[INFO] /workspaces/CodeCureAgent/code_cure_agent/cca_workspace_4/openhtmltopdf/openhtmltopdf-pdfbox/src/main/java/com/openhtmltopdf/pdfboxout/PdfBoxFastLinkManager.java: Recompile with -Xlint:deprecation for details.
[INFO] -------------------------------------------------------------
[ERROR] COMPILATION ERROR : 
[INFO] -------------------------------------------------------------
[ERROR] /workspaces/CodeCureAgent/code_cure_agent/cca_workspace_4/openhtmltopdf/openhtmltopdf-pdfbox/src/main/java/com/openhtmltopdf/pdfboxout/PdfBoxForm.java:[173,55] local variables referenced from a lambda expression must be final or effectively final
[ERROR] /workspaces/CodeCureAgent/code_cure_agent/cca_workspace_4/openhtmltopdf/openhtmltopdf-pdfbox/src/main/java/com/openhtmltopdf/pdfboxout/PdfBoxForm.java:[174,48] local variables referenced from a lambda expression must be final or effectively final
[INFO] 2 errors 
[INFO] -------------------------------------------------------------
[INFO] ------------------------------------------------------------------------
[INFO] Reactor Summary for Openhtmltopdf 1.0.5-SNAPSHOT:
[INFO] 
[INFO] Openhtmltopdf ...................................... SUCCESS [  1.129 s]
[INFO] Openhtmltopdf Core Renderer ........................ SUCCESS [ 12.322 s]
[INFO] Openhtmltopdf PDF Rendering (Apache PDF-BOX 2) ..... FAILURE [  0.541 s]
[INFO] Openhtmltopdf slf4j Support ........................ SKIPPED
[INFO] Openhtmltopdf RTL Support .......................... SKIPPED
[INFO] Openhtmltopdf SVG Support .......................... SKIPPED
[INFO] Openhtmltopdf MathML Support ....................... SKIPPED
[INFO] Openhtmltopdf Image Rendering (Java2D) ............. SKIPPED
[INFO] Openhtmltopdf PDF Rendering (Apache PDF-BOX 2) ..... SKIPPED
[INFO] Openhtmltopdf Latex Math Support ................... SKIPPED
[INFO] Openhtmltopdf Examples ............................. SKIPPED
[INFO] Openhtmltopdf PDF/A Testing ........................ SKIPPED
[INFO] Openhtmltopdf Templates ............................ SKIPPED
[INFO] ------------------------------------------------------------------------
[INFO] BUILD FAILURE
[INFO] ------------------------------------------------------------------------
[INFO] Total time:  14.159 s
[INFO] Finished at: 2026-01-29T13:11:28Z
[INFO] ------------------------------------------------------------------------
[ERROR] Failed to execute goal org.apache.maven.plugins:maven-compiler-plugin:3.3:compile (default-compile) on project openhtmltopdf-pdfbox: Compilation failure: Compilation failure: 
[ERROR] /workspaces/CodeCureAgent/code_cure_agent/cca_workspace_4/openhtmltopdf/openhtmltopdf-pdfbox/src/main/java/com/openhtmltopdf/pdfboxout/PdfBoxForm.java:[173,55] local variables referenced from a lambda expression must be final or effectively final
[ERROR] /workspaces/CodeCureAgent/code_cure_agent/cca_workspace_4/openhtmltopdf/openhtmltopdf-pdfbox/src/main/java/com/openhtmltopdf/pdfboxout/PdfBoxForm.java:[174,48] local variables referenced from a lambda expression must be final or effectively final
[ERROR] -> [Help 1]
[ERROR] 
[ERROR] To see the full stack trace of the errors, re-run Maven with the -e switch.
[ERROR] Re-run Maven using the -X switch to enable full debug logging.
[ERROR] 
[ERROR] For more information about the errors and possible solutions, please read the following articles:
[ERROR] [Help 1] http://cwiki.apache.org/confluence/display/MAVEN/MojoFailureException
[ERROR] 
[ERROR] After correcting the problems, you can resume the build with the command
[ERROR]   mvn <args> -rf :openhtmltopdf-pdfbox
