[INFO] Scanning for projects...
[WARNING] 
[WARNING] Some problems were encountered while building the effective model for com.pinterest.singer:singer:jar:0.8.0.39
[WARNING] 'build.plugins.plugin.version' for org.apache.maven.plugins:maven-surefire-plugin is missing. @ line 287, column 21
[WARNING] 'build.plugins.plugin.version' for org.apache.maven.plugins:maven-source-plugin is missing. @ line 275, column 21
[WARNING] 
[WARNING] Some problems were encountered while building the effective model for com.pinterest.singer:thrift-logger:jar:0.8.0.39
[WARNING] 'build.plugins.plugin.version' for org.codehaus.mojo:build-helper-maven-plugin is missing. @ line 118, column 15
[WARNING] 'build.plugins.plugin.version' for org.apache.maven.plugins:maven-source-plugin is missing. @ line 152, column 15
[WARNING] 
[WARNING] Some problems were encountered while building the effective model for com.pinterest.singer:singer-commons:jar:0.8.0.39
[WARNING] 'build.plugins.plugin.version' for org.apache.maven.plugins:maven-surefire-plugin is missing. @ line 218, column 15
[WARNING] 'build.plugins.plugin.version' for org.codehaus.mojo:build-helper-maven-plugin is missing. @ line 172, column 15
[WARNING] 'build.plugins.plugin.version' for org.apache.maven.plugins:maven-source-plugin is missing. @ line 206, column 15
[WARNING] 
[WARNING] It is highly recommended to fix these problems because they threaten the stability of your build.
[WARNING] 
[WARNING] For this reason, future Maven versions might no longer support building such malformed projects.
[WARNING] 
[INFO] ------------------------------------------------------------------------
[INFO] Reactor Build Order:
[INFO] 
[INFO] Singer Logging Agent                                               [pom]
[INFO] singer-commons                                                     [jar]
[INFO] thrift-logger                                                      [jar]
[INFO] singer                                                             [jar]
[INFO] 
[INFO] ----------------< com.pinterest.singer:singer-package >-----------------
[INFO] Building Singer Logging Agent 0.8.0.39                             [1/4]
[INFO] --------------------------------[ pom ]---------------------------------
[INFO] 
[INFO] --- maven-clean-plugin:2.5:clean (default-clean) @ singer-package ---
[INFO] 
[INFO] ----------------< com.pinterest.singer:singer-commons >-----------------
[INFO] Building singer-commons 0.8.0.39                                   [2/4]
[INFO] --------------------------------[ jar ]---------------------------------
[INFO] 
[INFO] --- maven-clean-plugin:2.5:clean (default-clean) @ singer-commons ---
[INFO] Deleting /workspaces/master-thesis-pascal-joos/code_cure_agent/cca_workspace/singer/singer-commons/target
[INFO] 
[INFO] --- scrooge-maven-plugin:4.18.0:compile (thrift-sources) @ singer-commons ---
[INFO] finding thrift files in dependencies
[INFO] finding thrift files in referenced (reactor) projects
[INFO] compiling thrift files [/workspaces/master-thesis-pascal-joos/code_cure_agent/cca_workspace/singer/singer-commons/src/main/thrift/loggingaudit_test.thrift, /workspaces/master-thesis-pascal-joos/code_cure_agent/cca_workspace/singer/singer-commons/src/main/thrift/singer.thrift, /workspaces/master-thesis-pascal-joos/code_cure_agent/cca_workspace/singer/singer-commons/src/main/thrift/loggingaudit_config.thrift, /workspaces/master-thesis-pascal-joos/code_cure_agent/cca_workspace/singer/singer-commons/src/main/thrift/singer_if.thrift, /workspaces/master-thesis-pascal-joos/code_cure_agent/cca_workspace/singer/singer-commons/src/main/thrift/config.thrift, /workspaces/master-thesis-pascal-joos/code_cure_agent/cca_workspace/singer/singer-commons/src/main/thrift/loggingaudit.thrift, /workspaces/master-thesis-pascal-joos/code_cure_agent/cca_workspace/singer/singer-commons/src/main/thrift/common.thrift, /workspaces/master-thesis-pascal-joos/code_cure_agent/cca_workspace/singer/singer-commons/src/main/thrift/thrift_message.thrift, /workspaces/master-thesis-pascal-joos/code_cure_agent/cca_workspace/singer/singer-commons/src/main/thrift/text_message.thrift] with Scrooge
[INFO] 
[INFO] --- build-helper-maven-plugin:3.6.1:add-source (add-source) @ singer-commons ---
[INFO] Source directory: /workspaces/master-thesis-pascal-joos/code_cure_agent/cca_workspace/singer/singer-commons/target/generated-sources/thrift/scrooge added.
[INFO] 
[INFO] --- maven-resources-plugin:2.6:resources (default-resources) @ singer-commons ---
[INFO] Using 'UTF-8' encoding to copy filtered resources.
[INFO] skip non existing resourceDirectory /workspaces/master-thesis-pascal-joos/code_cure_agent/cca_workspace/singer/singer-commons/src/main/resources
[INFO] Copying 9 resources
[INFO] skip non existing resourceDirectory /workspaces/master-thesis-pascal-joos/code_cure_agent/cca_workspace/singer/singer-commons/target/generated-resources
[INFO] 
[INFO] --- maven-compiler-plugin:3.1:compile (default-compile) @ singer-commons ---
[INFO] Changes detected - recompiling the module!
[INFO] Compiling 61 source files to /workspaces/master-thesis-pascal-joos/code_cure_agent/cca_workspace/singer/singer-commons/target/classes
[WARNING] /workspaces/master-thesis-pascal-joos/code_cure_agent/cca_workspace/singer/singer-commons/target/generated-sources/thrift/scrooge/com/pinterest/singer/loggingaudit/thrift/LoggingAuditEvent.java: Some input files use or override a deprecated API.
[WARNING] /workspaces/master-thesis-pascal-joos/code_cure_agent/cca_workspace/singer/singer-commons/target/generated-sources/thrift/scrooge/com/pinterest/singer/loggingaudit/thrift/LoggingAuditEvent.java: Recompile with -Xlint:deprecation for details.
[INFO] 
[INFO] --- scrooge-maven-plugin:4.18.0:testCompile (thrift-test-sources) @ singer-commons ---
[INFO] finding thrift files in dependencies
[INFO] finding thrift files in referenced (reactor) projects
[INFO] No thrift files to compile.
[INFO] 
[INFO] --- maven-resources-plugin:2.6:testResources (default-testResources) @ singer-commons ---
[INFO] Using 'UTF-8' encoding to copy filtered resources.
[INFO] skip non existing resourceDirectory /workspaces/master-thesis-pascal-joos/code_cure_agent/cca_workspace/singer/singer-commons/src/test/resources
[INFO] 
[INFO] --- maven-compiler-plugin:3.1:testCompile (default-testCompile) @ singer-commons ---
[INFO] No sources to compile
[INFO] 
[INFO] --- maven-surefire-plugin:2.12.4:test (default-test) @ singer-commons ---
[INFO] Tests are skipped.
[INFO] 
[INFO] --- maven-jar-plugin:2.4:jar (default-jar) @ singer-commons ---
[INFO] Building jar: /workspaces/master-thesis-pascal-joos/code_cure_agent/cca_workspace/singer/singer-commons/target/singer-commons-0.8.0.39.jar
[INFO] 
[INFO] --- maven-dependency-plugin:2.8:copy-dependencies (default) @ singer-commons ---
[INFO] Copying jsr305-2.0.1.jar to /workspaces/master-thesis-pascal-joos/code_cure_agent/cca_workspace/singer/singer-commons/target/lib/jsr305-2.0.1.jar
[INFO] Copying util-eval_2.11-6.43.0.jar to /workspaces/master-thesis-pascal-joos/code_cure_agent/cca_workspace/singer/singer-commons/target/lib/util-eval_2.11-6.43.0.jar
[INFO] Copying scala-logging_2.11-3.9.0.jar to /workspaces/master-thesis-pascal-joos/code_cure_agent/cca_workspace/singer/singer-commons/target/lib/scala-logging_2.11-3.9.0.jar
[INFO] Copying util-logging_2.11-6.43.0.jar to /workspaces/master-thesis-pascal-joos/code_cure_agent/cca_workspace/singer/singer-commons/target/lib/util-logging_2.11-6.43.0.jar
[INFO] Copying scala-library-2.11.8.jar to /workspaces/master-thesis-pascal-joos/code_cure_agent/cca_workspace/singer/singer-commons/target/lib/scala-library-2.11.8.jar
[INFO] Copying kafka_2.11-2.1.0.jar to /workspaces/master-thesis-pascal-joos/code_cure_agent/cca_workspace/singer/singer-commons/target/lib/kafka_2.11-2.1.0.jar
[INFO] Copying ostrich_2.11-9.27.0.jar to /workspaces/master-thesis-pascal-joos/code_cure_agent/cca_workspace/singer/singer-commons/target/lib/ostrich_2.11-9.27.0.jar
[INFO] Copying paranamer-2.8.jar to /workspaces/master-thesis-pascal-joos/code_cure_agent/cca_workspace/singer/singer-commons/target/lib/paranamer-2.8.jar
[INFO] Copying junit-jupiter-engine-5.3.1.jar to /workspaces/master-thesis-pascal-joos/code_cure_agent/cca_workspace/singer/singer-commons/target/lib/junit-jupiter-engine-5.3.1.jar
[INFO] Copying util-function_2.11-6.43.0.jar to /workspaces/master-thesis-pascal-joos/code_cure_agent/cca_workspace/singer/singer-commons/target/lib/util-function_2.11-6.43.0.jar
[INFO] Copying util-system-mocks-0.0.104.jar to /workspaces/master-thesis-pascal-joos/code_cure_agent/cca_workspace/singer/singer-commons/target/lib/util-system-mocks-0.0.104.jar
[INFO] Copying scala-xml_2.11-1.0.4.jar to /workspaces/master-thesis-pascal-joos/code_cure_agent/cca_workspace/singer/singer-commons/target/lib/scala-xml_2.11-1.0.4.jar
[INFO] Copying zstd-jni-1.3.5-4.jar to /workspaces/master-thesis-pascal-joos/code_cure_agent/cca_workspace/singer/singer-commons/target/lib/zstd-jni-1.3.5-4.jar
[INFO] Copying audience-annotations-0.5.0.jar to /workspaces/master-thesis-pascal-joos/code_cure_agent/cca_workspace/singer/singer-commons/target/lib/audience-annotations-0.5.0.jar
[INFO] Copying util-app_2.11-6.43.0.jar to /workspaces/master-thesis-pascal-joos/code_cure_agent/cca_workspace/singer/singer-commons/target/lib/util-app_2.11-6.43.0.jar
[INFO] Copying commons-logging-1.1.1.jar to /workspaces/master-thesis-pascal-joos/code_cure_agent/cca_workspace/singer/singer-commons/target/lib/commons-logging-1.1.1.jar
[INFO] Copying scala-reflect-2.11.12.jar to /workspaces/master-thesis-pascal-joos/code_cure_agent/cca_workspace/singer/singer-commons/target/lib/scala-reflect-2.11.12.jar
[INFO] Copying util-registry_2.11-6.43.0.jar to /workspaces/master-thesis-pascal-joos/code_cure_agent/cca_workspace/singer/singer-commons/target/lib/util-registry_2.11-6.43.0.jar
[INFO] Copying junit-platform-commons-1.3.1.jar to /workspaces/master-thesis-pascal-joos/code_cure_agent/cca_workspace/singer/singer-commons/target/lib/junit-platform-commons-1.3.1.jar
[INFO] Copying guava-16.0.1.jar to /workspaces/master-thesis-pascal-joos/code_cure_agent/cca_workspace/singer/singer-commons/target/lib/guava-16.0.1.jar
[INFO] Copying util-jvm_2.11-6.43.0.jar to /workspaces/master-thesis-pascal-joos/code_cure_agent/cca_workspace/singer/singer-commons/target/lib/util-jvm_2.11-6.43.0.jar
[INFO] Copying jackson-core-2.8.4.jar to /workspaces/master-thesis-pascal-joos/code_cure_agent/cca_workspace/singer/singer-commons/target/lib/jackson-core-2.8.4.jar
[INFO] Copying caffeine-2.3.4.jar to /workspaces/master-thesis-pascal-joos/code_cure_agent/cca_workspace/singer/singer-commons/target/lib/caffeine-2.3.4.jar
[INFO] Copying slf4j-api-1.7.2.jar to /workspaces/master-thesis-pascal-joos/code_cure_agent/cca_workspace/singer/singer-commons/target/lib/slf4j-api-1.7.2.jar
[INFO] Copying apiguardian-api-1.0.0.jar to /workspaces/master-thesis-pascal-joos/code_cure_agent/cca_workspace/singer/singer-commons/target/lib/apiguardian-api-1.0.0.jar
[INFO] Copying jackson-module-scala_2.11-2.8.4.jar to /workspaces/master-thesis-pascal-joos/code_cure_agent/cca_workspace/singer/singer-commons/target/lib/jackson-module-scala_2.11-2.8.4.jar
[INFO] Copying kafka-clients-2.1.0.jar to /workspaces/master-thesis-pascal-joos/code_cure_agent/cca_workspace/singer/singer-commons/target/lib/kafka-clients-2.1.0.jar
[INFO] Copying commons-lang-2.6.jar to /workspaces/master-thesis-pascal-joos/code_cure_agent/cca_workspace/singer/singer-commons/target/lib/commons-lang-2.6.jar
[INFO] Copying libthrift-0.12.0.jar to /workspaces/master-thesis-pascal-joos/code_cure_agent/cca_workspace/singer/singer-commons/target/lib/libthrift-0.12.0.jar
[INFO] Copying jackson-module-paranamer-2.8.4.jar to /workspaces/master-thesis-pascal-joos/code_cure_agent/cca_workspace/singer/singer-commons/target/lib/jackson-module-paranamer-2.8.4.jar
[INFO] Copying metrics-core-2.2.0.jar to /workspaces/master-thesis-pascal-joos/code_cure_agent/cca_workspace/singer/singer-commons/target/lib/metrics-core-2.2.0.jar
[INFO] Copying opentest4j-1.1.1.jar to /workspaces/master-thesis-pascal-joos/code_cure_agent/cca_workspace/singer/singer-commons/target/lib/opentest4j-1.1.1.jar
[INFO] Copying quantity-0.0.99.jar to /workspaces/master-thesis-pascal-joos/code_cure_agent/cca_workspace/singer/singer-commons/target/lib/quantity-0.0.99.jar
[INFO] Copying commons-configuration-1.9.jar to /workspaces/master-thesis-pascal-joos/code_cure_agent/cca_workspace/singer/singer-commons/target/lib/commons-configuration-1.9.jar
[INFO] Copying scala-parser-combinators_2.11-1.0.4.jar to /workspaces/master-thesis-pascal-joos/code_cure_agent/cca_workspace/singer/singer-commons/target/lib/scala-parser-combinators_2.11-1.0.4.jar
[INFO] Copying jopt-simple-5.0.4.jar to /workspaces/master-thesis-pascal-joos/code_cure_agent/cca_workspace/singer/singer-commons/target/lib/jopt-simple-5.0.4.jar
[INFO] Copying commons-codec-1.10.jar to /workspaces/master-thesis-pascal-joos/code_cure_agent/cca_workspace/singer/singer-commons/target/lib/commons-codec-1.10.jar
[INFO] Copying httpcore-4.4.1.jar to /workspaces/master-thesis-pascal-joos/code_cure_agent/cca_workspace/singer/singer-commons/target/lib/httpcore-4.4.1.jar
[INFO] Copying lz4-java-1.5.0.jar to /workspaces/master-thesis-pascal-joos/code_cure_agent/cca_workspace/singer/singer-commons/target/lib/lz4-java-1.5.0.jar
[INFO] Copying util-stats_2.11-6.43.0.jar to /workspaces/master-thesis-pascal-joos/code_cure_agent/cca_workspace/singer/singer-commons/target/lib/util-stats_2.11-6.43.0.jar
[INFO] Copying collections-0.0.110.jar to /workspaces/master-thesis-pascal-joos/code_cure_agent/cca_workspace/singer/singer-commons/target/lib/collections-0.0.110.jar
[INFO] Copying zookeeper-3.4.13.jar to /workspaces/master-thesis-pascal-joos/code_cure_agent/cca_workspace/singer/singer-commons/target/lib/zookeeper-3.4.13.jar
[INFO] Copying jackson-databind-2.8.4.jar to /workspaces/master-thesis-pascal-joos/code_cure_agent/cca_workspace/singer/singer-commons/target/lib/jackson-databind-2.8.4.jar
[INFO] Copying zkclient-0.10.jar to /workspaces/master-thesis-pascal-joos/code_cure_agent/cca_workspace/singer/singer-commons/target/lib/zkclient-0.10.jar
[INFO] Copying util-lint_2.11-6.43.0.jar to /workspaces/master-thesis-pascal-joos/code_cure_agent/cca_workspace/singer/singer-commons/target/lib/util-lint_2.11-6.43.0.jar
[INFO] Copying base-0.0.115.jar to /workspaces/master-thesis-pascal-joos/code_cure_agent/cca_workspace/singer/singer-commons/target/lib/base-0.0.115.jar
[INFO] Copying httpclient-4.5.6.jar to /workspaces/master-thesis-pascal-joos/code_cure_agent/cca_workspace/singer/singer-commons/target/lib/httpclient-4.5.6.jar
[INFO] Copying junit-platform-engine-1.3.1.jar to /workspaces/master-thesis-pascal-joos/code_cure_agent/cca_workspace/singer/singer-commons/target/lib/junit-platform-engine-1.3.1.jar
[INFO] Copying junit-jupiter-api-5.3.1.jar to /workspaces/master-thesis-pascal-joos/code_cure_agent/cca_workspace/singer/singer-commons/target/lib/junit-jupiter-api-5.3.1.jar
[INFO] Copying util-core_2.11-6.43.0.jar to /workspaces/master-thesis-pascal-joos/code_cure_agent/cca_workspace/singer/singer-commons/target/lib/util-core_2.11-6.43.0.jar
[INFO] Copying scala-compiler-2.11.8.jar to /workspaces/master-thesis-pascal-joos/code_cure_agent/cca_workspace/singer/singer-commons/target/lib/scala-compiler-2.11.8.jar
[INFO] Copying jackson-annotations-2.8.4.jar to /workspaces/master-thesis-pascal-joos/code_cure_agent/cca_workspace/singer/singer-commons/target/lib/jackson-annotations-2.8.4.jar
[INFO] Copying snappy-java-1.1.7.2.jar to /workspaces/master-thesis-pascal-joos/code_cure_agent/cca_workspace/singer/singer-commons/target/lib/snappy-java-1.1.7.2.jar
[INFO] 
[INFO] --- maven-javadoc-plugin:2.9.1:jar (attach-javadocs) @ singer-commons ---
[INFO] 
Loading source files for package com.pinterest.singer.loggingaudit.client.common...
Loading source files for package com.pinterest.singer.loggingaudit.client...
Loading source files for package com.pinterest.singer.loggingaudit.client.utils...
Loading source files for package com.pinterest.singer.metrics...
Loading source files for package com.pinterest.singer.utils...
Loading source files for package com.pinterest.singer.config...
Loading source files for package com.pinterest.singer.loggingaudit.thrift.configuration...
Loading source files for package com.pinterest.singer.loggingaudit.thrift...
Loading source files for package com.pinterest.singer.thrift...
Loading source files for package com.pinterest.singer.thrift.configuration...
Constructing Javadoc information...
Standard Doclet version 11.0.27
Building tree for all the packages and classes...
Generating /workspaces/master-thesis-pascal-joos/code_cure_agent/cca_workspace/singer/singer-commons/target/apidocs/com/pinterest/singer/config/ConfigFileServerSet.html...
Generating /workspaces/master-thesis-pascal-joos/code_cure_agent/cca_workspace/singer/singer-commons/target/apidocs/com/pinterest/singer/config/ConfigFileWatcher.html...
Generating /workspaces/master-thesis-pascal-joos/code_cure_agent/cca_workspace/singer/singer-commons/target/apidocs/com/pinterest/singer/config/ServersetMonitor.html...
Generating /workspaces/master-thesis-pascal-joos/code_cure_agent/cca_workspace/singer/singer-commons/target/apidocs/com/pinterest/singer/loggingaudit/client/AuditEventKafkaSender.html...
Generating /workspaces/master-thesis-pascal-joos/code_cure_agent/cca_workspace/singer/singer-commons/target/apidocs/com/pinterest/singer/loggingaudit/client/AuditEventKafkaSender.KafkaProducerCallback.html...
Generating /workspaces/master-thesis-pascal-joos/code_cure_agent/cca_workspace/singer/singer-commons/target/apidocs/com/pinterest/singer/loggingaudit/client/AuditHeadersGenerator.html...
Generating /workspaces/master-thesis-pascal-joos/code_cure_agent/cca_workspace/singer/singer-commons/target/apidocs/com/pinterest/singer/loggingaudit/client/LoggingAuditClient.html...
Generating /workspaces/master-thesis-pascal-joos/code_cure_agent/cca_workspace/singer/singer-commons/target/apidocs/com/pinterest/singer/loggingaudit/client/LoggingAuditEventGenerator.html...
Generating /workspaces/master-thesis-pascal-joos/code_cure_agent/cca_workspace/singer/singer-commons/target/apidocs/com/pinterest/singer/loggingaudit/client/LoggingAuditEventSender.html...
Generating /workspaces/master-thesis-pascal-joos/code_cure_agent/cca_workspace/singer/singer-commons/target/apidocs/com/pinterest/singer/loggingaudit/client/common/LoggingAuditClientConfigDef.html...
Generating /workspaces/master-thesis-pascal-joos/code_cure_agent/cca_workspace/singer/singer-commons/target/apidocs/com/pinterest/singer/loggingaudit/client/common/LoggingAuditClientMetrics.html...
Generating /workspaces/master-thesis-pascal-joos/code_cure_agent/cca_workspace/singer/singer-commons/target/apidocs/com/pinterest/singer/loggingaudit/client/utils/ConfigUtils.html...
Generating /workspaces/master-thesis-pascal-joos/code_cure_agent/cca_workspace/singer/singer-commons/target/apidocs/com/pinterest/singer/loggingaudit/thrift/AuditDemoLog1Message.html...
Generating /workspaces/master-thesis-pascal-joos/code_cure_agent/cca_workspace/singer/singer-commons/target/apidocs/com/pinterest/singer/loggingaudit/thrift/AuditDemoLog1Message._Fields.html...
Generating /workspaces/master-thesis-pascal-joos/code_cure_agent/cca_workspace/singer/singer-commons/target/apidocs/com/pinterest/singer/loggingaudit/thrift/LoggingAuditEvent.html...
Generating /workspaces/master-thesis-pascal-joos/code_cure_agent/cca_workspace/singer/singer-commons/target/apidocs/com/pinterest/singer/loggingaudit/thrift/LoggingAuditEvent._Fields.html...
Generating /workspaces/master-thesis-pascal-joos/code_cure_agent/cca_workspace/singer/singer-commons/target/apidocs/com/pinterest/singer/loggingaudit/thrift/LoggingAuditHeaders.html...
Generating /workspaces/master-thesis-pascal-joos/code_cure_agent/cca_workspace/singer/singer-commons/target/apidocs/com/pinterest/singer/loggingaudit/thrift/LoggingAuditHeaders._Fields.html...
Generating /workspaces/master-thesis-pascal-joos/code_cure_agent/cca_workspace/singer/singer-commons/target/apidocs/com/pinterest/singer/loggingaudit/thrift/LoggingAuditStage.html...
Generating /workspaces/master-thesis-pascal-joos/code_cure_agent/cca_workspace/singer/singer-commons/target/apidocs/com/pinterest/singer/loggingaudit/thrift/configuration/AuditConfig.html...
Generating /workspaces/master-thesis-pascal-joos/code_cure_agent/cca_workspace/singer/singer-commons/target/apidocs/com/pinterest/singer/loggingaudit/thrift/configuration/AuditConfig._Fields.html...
Generating /workspaces/master-thesis-pascal-joos/code_cure_agent/cca_workspace/singer/singer-commons/target/apidocs/com/pinterest/singer/loggingaudit/thrift/configuration/KafkaSenderConfig.html...
Generating /workspaces/master-thesis-pascal-joos/code_cure_agent/cca_workspace/singer/singer-commons/target/apidocs/com/pinterest/singer/loggingaudit/thrift/configuration/KafkaSenderConfig._Fields.html...
Generating /workspaces/master-thesis-pascal-joos/code_cure_agent/cca_workspace/singer/singer-commons/target/apidocs/com/pinterest/singer/loggingaudit/thrift/configuration/LoggingAuditClientConfig.html...
Generating /workspaces/master-thesis-pascal-joos/code_cure_agent/cca_workspace/singer/singer-commons/target/apidocs/com/pinterest/singer/loggingaudit/thrift/configuration/LoggingAuditClientConfig._Fields.html...
Generating /workspaces/master-thesis-pascal-joos/code_cure_agent/cca_workspace/singer/singer-commons/target/apidocs/com/pinterest/singer/loggingaudit/thrift/configuration/LoggingAuditEventSenderConfig.html...
Generating /workspaces/master-thesis-pascal-joos/code_cure_agent/cca_workspace/singer/singer-commons/target/apidocs/com/pinterest/singer/loggingaudit/thrift/configuration/LoggingAuditEventSenderConfig._Fields.html...
Generating /workspaces/master-thesis-pascal-joos/code_cure_agent/cca_workspace/singer/singer-commons/target/apidocs/com/pinterest/singer/loggingaudit/thrift/configuration/SenderType.html...
Generating /workspaces/master-thesis-pascal-joos/code_cure_agent/cca_workspace/singer/singer-commons/target/apidocs/com/pinterest/singer/metrics/OpenTsdbClient.html...
Generating /workspaces/master-thesis-pascal-joos/code_cure_agent/cca_workspace/singer/singer-commons/target/apidocs/com/pinterest/singer/metrics/OpenTsdbClient.ConnectionFailedException.html...
Generating /workspaces/master-thesis-pascal-joos/code_cure_agent/cca_workspace/singer/singer-commons/target/apidocs/com/pinterest/singer/metrics/OpenTsdbClient.MetricsBuffer.html...
Generating /workspaces/master-thesis-pascal-joos/code_cure_agent/cca_workspace/singer/singer-commons/target/apidocs/com/pinterest/singer/metrics/OpenTsdbClient.OpenTsdbClientException.html...
Generating /workspaces/master-thesis-pascal-joos/code_cure_agent/cca_workspace/singer/singer-commons/target/apidocs/com/pinterest/singer/metrics/OpenTsdbClient.SendFailedException.html...
Generating /workspaces/master-thesis-pascal-joos/code_cure_agent/cca_workspace/singer/singer-commons/target/apidocs/com/pinterest/singer/metrics/OpenTsdbMetricConverter.html...
Generating /workspaces/master-thesis-pascal-joos/code_cure_agent/cca_workspace/singer/singer-commons/target/apidocs/com/pinterest/singer/metrics/OpenTsdbStatsPusher.html...
Generating /workspaces/master-thesis-pascal-joos/code_cure_agent/cca_workspace/singer/singer-commons/target/apidocs/com/pinterest/singer/metrics/OstrichAdminService.html...
Generating /workspaces/master-thesis-pascal-joos/code_cure_agent/cca_workspace/singer/singer-commons/target/apidocs/com/pinterest/singer/metrics/StatsPusher.html...
Generating /workspaces/master-thesis-pascal-joos/code_cure_agent/cca_workspace/singer/singer-commons/target/apidocs/com/pinterest/singer/thrift/AuditMessage.html...
Generating /workspaces/master-thesis-pascal-joos/code_cure_agent/cca_workspace/singer/singer-commons/target/apidocs/com/pinterest/singer/thrift/AuditMessage._Fields.html...
Generating /workspaces/master-thesis-pascal-joos/code_cure_agent/cca_workspace/singer/singer-commons/target/apidocs/com/pinterest/singer/thrift/Event.html...
Generating /workspaces/master-thesis-pascal-joos/code_cure_agent/cca_workspace/singer/singer-commons/target/apidocs/com/pinterest/singer/thrift/Event._Fields.html...
Generating /workspaces/master-thesis-pascal-joos/code_cure_agent/cca_workspace/singer/singer-commons/target/apidocs/com/pinterest/singer/thrift/LogFile.html...
Generating /workspaces/master-thesis-pascal-joos/code_cure_agent/cca_workspace/singer/singer-commons/target/apidocs/com/pinterest/singer/thrift/LogFile._Fields.html...
Generating /workspaces/master-thesis-pascal-joos/code_cure_agent/cca_workspace/singer/singer-commons/target/apidocs/com/pinterest/singer/thrift/LogFileAndPath.html...
Generating /workspaces/master-thesis-pascal-joos/code_cure_agent/cca_workspace/singer/singer-commons/target/apidocs/com/pinterest/singer/thrift/LogFileAndPath._Fields.html...
Generating /workspaces/master-thesis-pascal-joos/code_cure_agent/cca_workspace/singer/singer-commons/target/apidocs/com/pinterest/singer/thrift/LogMessage.html...
Generating /workspaces/master-thesis-pascal-joos/code_cure_agent/cca_workspace/singer/singer-commons/target/apidocs/com/pinterest/singer/thrift/LogMessage._Fields.html...
Generating /workspaces/master-thesis-pascal-joos/code_cure_agent/cca_workspace/singer/singer-commons/target/apidocs/com/pinterest/singer/thrift/LogMessageAndPosition.html...
Generating /workspaces/master-thesis-pascal-joos/code_cure_agent/cca_workspace/singer/singer-commons/target/apidocs/com/pinterest/singer/thrift/LogMessageAndPosition._Fields.html...
Generating /workspaces/master-thesis-pascal-joos/code_cure_agent/cca_workspace/singer/singer-commons/target/apidocs/com/pinterest/singer/thrift/LogPosition.html...
Generating /workspaces/master-thesis-pascal-joos/code_cure_agent/cca_workspace/singer/singer-commons/target/apidocs/com/pinterest/singer/thrift/LogPosition._Fields.html...
Generating /workspaces/master-thesis-pascal-joos/code_cure_agent/cca_workspace/singer/singer-commons/target/apidocs/com/pinterest/singer/thrift/TextMessage.html...
Generating /workspaces/master-thesis-pascal-joos/code_cure_agent/cca_workspace/singer/singer-commons/target/apidocs/com/pinterest/singer/thrift/TextMessage._Fields.html...
Generating /workspaces/master-thesis-pascal-joos/code_cure_agent/cca_workspace/singer/singer-commons/target/apidocs/com/pinterest/singer/thrift/ThriftMessage.html...
Generating /workspaces/master-thesis-pascal-joos/code_cure_agent/cca_workspace/singer/singer-commons/target/apidocs/com/pinterest/singer/thrift/ThriftMessage._Fields.html...
Generating /workspaces/master-thesis-pascal-joos/code_cure_agent/cca_workspace/singer/singer-commons/target/apidocs/com/pinterest/singer/thrift/configuration/FileNameMatchMode.html...
Generating /workspaces/master-thesis-pascal-joos/code_cure_agent/cca_workspace/singer/singer-commons/target/apidocs/com/pinterest/singer/thrift/configuration/HeartbeatWriterConfig.html...
Generating /workspaces/master-thesis-pascal-joos/code_cure_agent/cca_workspace/singer/singer-commons/target/apidocs/com/pinterest/singer/thrift/configuration/HeartbeatWriterConfig._Fields.html...
Generating /workspaces/master-thesis-pascal-joos/code_cure_agent/cca_workspace/singer/singer-commons/target/apidocs/com/pinterest/singer/thrift/configuration/KafkaProducerConfig.html...
Generating /workspaces/master-thesis-pascal-joos/code_cure_agent/cca_workspace/singer/singer-commons/target/apidocs/com/pinterest/singer/thrift/configuration/KafkaProducerConfig._Fields.html...
Generating /workspaces/master-thesis-pascal-joos/code_cure_agent/cca_workspace/singer/singer-commons/target/apidocs/com/pinterest/singer/thrift/configuration/KafkaWriterConfig.html...
Generating /workspaces/master-thesis-pascal-joos/code_cure_agent/cca_workspace/singer/singer-commons/target/apidocs/com/pinterest/singer/thrift/configuration/KafkaWriterConfig._Fields.html...
Generating /workspaces/master-thesis-pascal-joos/code_cure_agent/cca_workspace/singer/singer-commons/target/apidocs/com/pinterest/singer/thrift/configuration/KubeConfig.html...
Generating /workspaces/master-thesis-pascal-joos/code_cure_agent/cca_workspace/singer/singer-commons/target/apidocs/com/pinterest/singer/thrift/configuration/KubeConfig._Fields.html...
Generating /workspaces/master-thesis-pascal-joos/code_cure_agent/cca_workspace/singer/singer-commons/target/apidocs/com/pinterest/singer/thrift/configuration/LogMonitorConfig.html...
Generating /workspaces/master-thesis-pascal-joos/code_cure_agent/cca_workspace/singer/singer-commons/target/apidocs/com/pinterest/singer/thrift/configuration/LogMonitorConfig._Fields.html...
Generating /workspaces/master-thesis-pascal-joos/code_cure_agent/cca_workspace/singer/singer-commons/target/apidocs/com/pinterest/singer/thrift/configuration/LogStreamProcessorConfig.html...
Generating /workspaces/master-thesis-pascal-joos/code_cure_agent/cca_workspace/singer/singer-commons/target/apidocs/com/pinterest/singer/thrift/configuration/LogStreamProcessorConfig._Fields.html...
Generating /workspaces/master-thesis-pascal-joos/code_cure_agent/cca_workspace/singer/singer-commons/target/apidocs/com/pinterest/singer/thrift/configuration/LogStreamReaderConfig.html...
Generating /workspaces/master-thesis-pascal-joos/code_cure_agent/cca_workspace/singer/singer-commons/target/apidocs/com/pinterest/singer/thrift/configuration/LogStreamReaderConfig._Fields.html...
Generating /workspaces/master-thesis-pascal-joos/code_cure_agent/cca_workspace/singer/singer-commons/target/apidocs/com/pinterest/singer/thrift/configuration/LogStreamWriterConfig.html...
Generating /workspaces/master-thesis-pascal-joos/code_cure_agent/cca_workspace/singer/singer-commons/target/apidocs/com/pinterest/singer/thrift/configuration/LogStreamWriterConfig._Fields.html...
Generating /workspaces/master-thesis-pascal-joos/code_cure_agent/cca_workspace/singer/singer-commons/target/apidocs/com/pinterest/singer/thrift/configuration/MemqAuditorConfig.html...
Generating /workspaces/master-thesis-pascal-joos/code_cure_agent/cca_workspace/singer/singer-commons/target/apidocs/com/pinterest/singer/thrift/configuration/MemqAuditorConfig._Fields.html...
Generating /workspaces/master-thesis-pascal-joos/code_cure_agent/cca_workspace/singer/singer-commons/target/apidocs/com/pinterest/singer/thrift/configuration/MemqWriterConfig.html...
Generating /workspaces/master-thesis-pascal-joos/code_cure_agent/cca_workspace/singer/singer-commons/target/apidocs/com/pinterest/singer/thrift/configuration/MemqWriterConfig._Fields.html...
Generating /workspaces/master-thesis-pascal-joos/code_cure_agent/cca_workspace/singer/singer-commons/target/apidocs/com/pinterest/singer/thrift/configuration/NoOpWriteConfig.html...
Generating /workspaces/master-thesis-pascal-joos/code_cure_agent/cca_workspace/singer/singer-commons/target/apidocs/com/pinterest/singer/thrift/configuration/NoOpWriteConfig._Fields.html...
Generating /workspaces/master-thesis-pascal-joos/code_cure_agent/cca_workspace/singer/singer-commons/target/apidocs/com/pinterest/singer/thrift/configuration/PulsarProducerConfig.html...
Generating /workspaces/master-thesis-pascal-joos/code_cure_agent/cca_workspace/singer/singer-commons/target/apidocs/com/pinterest/singer/thrift/configuration/PulsarProducerConfig._Fields.html...
Generating /workspaces/master-thesis-pascal-joos/code_cure_agent/cca_workspace/singer/singer-commons/target/apidocs/com/pinterest/singer/thrift/configuration/PulsarWriterConfig.html...
Generating /workspaces/master-thesis-pascal-joos/code_cure_agent/cca_workspace/singer/singer-commons/target/apidocs/com/pinterest/singer/thrift/configuration/PulsarWriterConfig._Fields.html...
Generating /workspaces/master-thesis-pascal-joos/code_cure_agent/cca_workspace/singer/singer-commons/target/apidocs/com/pinterest/singer/thrift/configuration/ReaderType.html...
Generating /workspaces/master-thesis-pascal-joos/code_cure_agent/cca_workspace/singer/singer-commons/target/apidocs/com/pinterest/singer/thrift/configuration/RealpinObjectType.html...
Generating /workspaces/master-thesis-pascal-joos/code_cure_agent/cca_workspace/singer/singer-commons/target/apidocs/com/pinterest/singer/thrift/configuration/RealpinWriterConfig.html...
Generating /workspaces/master-thesis-pascal-joos/code_cure_agent/cca_workspace/singer/singer-commons/target/apidocs/com/pinterest/singer/thrift/configuration/RealpinWriterConfig._Fields.html...
Generating /workspaces/master-thesis-pascal-joos/code_cure_agent/cca_workspace/singer/singer-commons/target/apidocs/com/pinterest/singer/thrift/configuration/SingerConfig.html...
Generating /workspaces/master-thesis-pascal-joos/code_cure_agent/cca_workspace/singer/singer-commons/target/apidocs/com/pinterest/singer/thrift/configuration/SingerConfig._Fields.html...
Generating /workspaces/master-thesis-pascal-joos/code_cure_agent/cca_workspace/singer/singer-commons/target/apidocs/com/pinterest/singer/thrift/configuration/SingerLogConfig.html...
Generating /workspaces/master-thesis-pascal-joos/code_cure_agent/cca_workspace/singer/singer-commons/target/apidocs/com/pinterest/singer/thrift/configuration/SingerLogConfig._Fields.html...
Generating /workspaces/master-thesis-pascal-joos/code_cure_agent/cca_workspace/singer/singer-commons/target/apidocs/com/pinterest/singer/thrift/configuration/SingerRestartConfig.html...
Generating /workspaces/master-thesis-pascal-joos/code_cure_agent/cca_workspace/singer/singer-commons/target/apidocs/com/pinterest/singer/thrift/configuration/SingerRestartConfig._Fields.html...
Generating /workspaces/master-thesis-pascal-joos/code_cure_agent/cca_workspace/singer/singer-commons/target/apidocs/com/pinterest/singer/thrift/configuration/TextLogMessageType.html...
Generating /workspaces/master-thesis-pascal-joos/code_cure_agent/cca_workspace/singer/singer-commons/target/apidocs/com/pinterest/singer/thrift/configuration/TextReaderConfig.html...
Generating /workspaces/master-thesis-pascal-joos/code_cure_agent/cca_workspace/singer/singer-commons/target/apidocs/com/pinterest/singer/thrift/configuration/TextReaderConfig._Fields.html...
Generating /workspaces/master-thesis-pascal-joos/code_cure_agent/cca_workspace/singer/singer-commons/target/apidocs/com/pinterest/singer/thrift/configuration/ThriftReaderConfig.html...
Generating /workspaces/master-thesis-pascal-joos/code_cure_agent/cca_workspace/singer/singer-commons/target/apidocs/com/pinterest/singer/thrift/configuration/ThriftReaderConfig._Fields.html...
Generating /workspaces/master-thesis-pascal-joos/code_cure_agent/cca_workspace/singer/singer-commons/target/apidocs/com/pinterest/singer/thrift/configuration/WriterType.html...
Generating /workspaces/master-thesis-pascal-joos/code_cure_agent/cca_workspace/singer/singer-commons/target/apidocs/com/pinterest/singer/utils/BrokerSetChangeListener.html...
Generating /workspaces/master-thesis-pascal-joos/code_cure_agent/cca_workspace/singer/singer-commons/target/apidocs/com/pinterest/singer/utils/CommonUtils.html...
Generating /workspaces/master-thesis-pascal-joos/code_cure_agent/cca_workspace/singer/singer-commons/target/apidocs/com/pinterest/singer/utils/KafkaUtils.html...
Generating /workspaces/master-thesis-pascal-joos/code_cure_agent/cca_workspace/singer/singer-commons/target/apidocs/com/pinterest/singer/config/package-summary.html...
Generating /workspaces/master-thesis-pascal-joos/code_cure_agent/cca_workspace/singer/singer-commons/target/apidocs/com/pinterest/singer/config/package-tree.html...
Generating /workspaces/master-thesis-pascal-joos/code_cure_agent/cca_workspace/singer/singer-commons/target/apidocs/com/pinterest/singer/loggingaudit/client/package-summary.html...
Generating /workspaces/master-thesis-pascal-joos/code_cure_agent/cca_workspace/singer/singer-commons/target/apidocs/com/pinterest/singer/loggingaudit/client/package-tree.html...
Generating /workspaces/master-thesis-pascal-joos/code_cure_agent/cca_workspace/singer/singer-commons/target/apidocs/com/pinterest/singer/loggingaudit/client/common/package-summary.html...
Generating /workspaces/master-thesis-pascal-joos/code_cure_agent/cca_workspace/singer/singer-commons/target/apidocs/com/pinterest/singer/loggingaudit/client/common/package-tree.html...
Generating /workspaces/master-thesis-pascal-joos/code_cure_agent/cca_workspace/singer/singer-commons/target/apidocs/com/pinterest/singer/loggingaudit/client/utils/package-summary.html...
Generating /workspaces/master-thesis-pascal-joos/code_cure_agent/cca_workspace/singer/singer-commons/target/apidocs/com/pinterest/singer/loggingaudit/client/utils/package-tree.html...
Generating /workspaces/master-thesis-pascal-joos/code_cure_agent/cca_workspace/singer/singer-commons/target/apidocs/com/pinterest/singer/loggingaudit/thrift/package-summary.html...
Generating /workspaces/master-thesis-pascal-joos/code_cure_agent/cca_workspace/singer/singer-commons/target/apidocs/com/pinterest/singer/loggingaudit/thrift/package-tree.html...
Generating /workspaces/master-thesis-pascal-joos/code_cure_agent/cca_workspace/singer/singer-commons/target/apidocs/com/pinterest/singer/loggingaudit/thrift/configuration/package-summary.html...
Generating /workspaces/master-thesis-pascal-joos/code_cure_agent/cca_workspace/singer/singer-commons/target/apidocs/com/pinterest/singer/loggingaudit/thrift/configuration/package-tree.html...
Generating /workspaces/master-thesis-pascal-joos/code_cure_agent/cca_workspace/singer/singer-commons/target/apidocs/com/pinterest/singer/metrics/package-summary.html...
Generating /workspaces/master-thesis-pascal-joos/code_cure_agent/cca_workspace/singer/singer-commons/target/apidocs/com/pinterest/singer/metrics/package-tree.html...
Generating /workspaces/master-thesis-pascal-joos/code_cure_agent/cca_workspace/singer/singer-commons/target/apidocs/com/pinterest/singer/thrift/package-summary.html...
Generating /workspaces/master-thesis-pascal-joos/code_cure_agent/cca_workspace/singer/singer-commons/target/apidocs/com/pinterest/singer/thrift/package-tree.html...
Generating /workspaces/master-thesis-pascal-joos/code_cure_agent/cca_workspace/singer/singer-commons/target/apidocs/com/pinterest/singer/thrift/configuration/package-summary.html...
Generating /workspaces/master-thesis-pascal-joos/code_cure_agent/cca_workspace/singer/singer-commons/target/apidocs/com/pinterest/singer/thrift/configuration/package-tree.html...
Generating /workspaces/master-thesis-pascal-joos/code_cure_agent/cca_workspace/singer/singer-commons/target/apidocs/com/pinterest/singer/utils/package-summary.html...
Generating /workspaces/master-thesis-pascal-joos/code_cure_agent/cca_workspace/singer/singer-commons/target/apidocs/com/pinterest/singer/utils/package-tree.html...
Generating /workspaces/master-thesis-pascal-joos/code_cure_agent/cca_workspace/singer/singer-commons/target/apidocs/constant-values.html...
Generating /workspaces/master-thesis-pascal-joos/code_cure_agent/cca_workspace/singer/singer-commons/target/apidocs/serialized-form.html...
Generating /workspaces/master-thesis-pascal-joos/code_cure_agent/cca_workspace/singer/singer-commons/target/apidocs/com/pinterest/singer/loggingaudit/client/common/class-use/LoggingAuditClientConfigDef.html...
Generating /workspaces/master-thesis-pascal-joos/code_cure_agent/cca_workspace/singer/singer-commons/target/apidocs/com/pinterest/singer/loggingaudit/client/common/class-use/LoggingAuditClientMetrics.html...
Generating /workspaces/master-thesis-pascal-joos/code_cure_agent/cca_workspace/singer/singer-commons/target/apidocs/com/pinterest/singer/loggingaudit/client/class-use/LoggingAuditEventGenerator.html...
Generating /workspaces/master-thesis-pascal-joos/code_cure_agent/cca_workspace/singer/singer-commons/target/apidocs/com/pinterest/singer/loggingaudit/client/class-use/AuditEventKafkaSender.html...
Generating /workspaces/master-thesis-pascal-joos/code_cure_agent/cca_workspace/singer/singer-commons/target/apidocs/com/pinterest/singer/loggingaudit/client/class-use/AuditEventKafkaSender.KafkaProducerCallback.html...
Generating /workspaces/master-thesis-pascal-joos/code_cure_agent/cca_workspace/singer/singer-commons/target/apidocs/com/pinterest/singer/loggingaudit/client/class-use/AuditHeadersGenerator.html...
Generating /workspaces/master-thesis-pascal-joos/code_cure_agent/cca_workspace/singer/singer-commons/target/apidocs/com/pinterest/singer/loggingaudit/client/class-use/LoggingAuditClient.html...
Generating /workspaces/master-thesis-pascal-joos/code_cure_agent/cca_workspace/singer/singer-commons/target/apidocs/com/pinterest/singer/loggingaudit/client/class-use/LoggingAuditEventSender.html...
Generating /workspaces/master-thesis-pascal-joos/code_cure_agent/cca_workspace/singer/singer-commons/target/apidocs/com/pinterest/singer/loggingaudit/client/utils/class-use/ConfigUtils.html...
Generating /workspaces/master-thesis-pascal-joos/code_cure_agent/cca_workspace/singer/singer-commons/target/apidocs/com/pinterest/singer/metrics/class-use/OstrichAdminService.html...
Generating /workspaces/master-thesis-pascal-joos/code_cure_agent/cca_workspace/singer/singer-commons/target/apidocs/com/pinterest/singer/metrics/class-use/StatsPusher.html...
Generating /workspaces/master-thesis-pascal-joos/code_cure_agent/cca_workspace/singer/singer-commons/target/apidocs/com/pinterest/singer/metrics/class-use/OpenTsdbMetricConverter.html...
Generating /workspaces/master-thesis-pascal-joos/code_cure_agent/cca_workspace/singer/singer-commons/target/apidocs/com/pinterest/singer/metrics/class-use/OpenTsdbClient.html...
Generating /workspaces/master-thesis-pascal-joos/code_cure_agent/cca_workspace/singer/singer-commons/target/apidocs/com/pinterest/singer/metrics/class-use/OpenTsdbClient.SendFailedException.html...
Generating /workspaces/master-thesis-pascal-joos/code_cure_agent/cca_workspace/singer/singer-commons/target/apidocs/com/pinterest/singer/metrics/class-use/OpenTsdbClient.ConnectionFailedException.html...
Generating /workspaces/master-thesis-pascal-joos/code_cure_agent/cca_workspace/singer/singer-commons/target/apidocs/com/pinterest/singer/metrics/class-use/OpenTsdbClient.OpenTsdbClientException.html...
Generating /workspaces/master-thesis-pascal-joos/code_cure_agent/cca_workspace/singer/singer-commons/target/apidocs/com/pinterest/singer/metrics/class-use/OpenTsdbClient.MetricsBuffer.html...
Generating /workspaces/master-thesis-pascal-joos/code_cure_agent/cca_workspace/singer/singer-commons/target/apidocs/com/pinterest/singer/metrics/class-use/OpenTsdbStatsPusher.html...
Generating /workspaces/master-thesis-pascal-joos/code_cure_agent/cca_workspace/singer/singer-commons/target/apidocs/com/pinterest/singer/utils/class-use/CommonUtils.html...
Generating /workspaces/master-thesis-pascal-joos/code_cure_agent/cca_workspace/singer/singer-commons/target/apidocs/com/pinterest/singer/utils/class-use/BrokerSetChangeListener.html...
Generating /workspaces/master-thesis-pascal-joos/code_cure_agent/cca_workspace/singer/singer-commons/target/apidocs/com/pinterest/singer/utils/class-use/KafkaUtils.html...
Generating /workspaces/master-thesis-pascal-joos/code_cure_agent/cca_workspace/singer/singer-commons/target/apidocs/com/pinterest/singer/config/class-use/ConfigFileServerSet.html...
Generating /workspaces/master-thesis-pascal-joos/code_cure_agent/cca_workspace/singer/singer-commons/target/apidocs/com/pinterest/singer/config/class-use/ServersetMonitor.html...
Generating /workspaces/master-thesis-pascal-joos/code_cure_agent/cca_workspace/singer/singer-commons/target/apidocs/com/pinterest/singer/config/class-use/ConfigFileWatcher.html...
Generating /workspaces/master-thesis-pascal-joos/code_cure_agent/cca_workspace/singer/singer-commons/target/apidocs/com/pinterest/singer/loggingaudit/thrift/configuration/class-use/AuditConfig.html...
Generating /workspaces/master-thesis-pascal-joos/code_cure_agent/cca_workspace/singer/singer-commons/target/apidocs/com/pinterest/singer/loggingaudit/thrift/configuration/class-use/AuditConfig._Fields.html...
Generating /workspaces/master-thesis-pascal-joos/code_cure_agent/cca_workspace/singer/singer-commons/target/apidocs/com/pinterest/singer/loggingaudit/thrift/configuration/class-use/KafkaSenderConfig.html...
Generating /workspaces/master-thesis-pascal-joos/code_cure_agent/cca_workspace/singer/singer-commons/target/apidocs/com/pinterest/singer/loggingaudit/thrift/configuration/class-use/KafkaSenderConfig._Fields.html...
Generating /workspaces/master-thesis-pascal-joos/code_cure_agent/cca_workspace/singer/singer-commons/target/apidocs/com/pinterest/singer/loggingaudit/thrift/configuration/class-use/LoggingAuditClientConfig.html...
Generating /workspaces/master-thesis-pascal-joos/code_cure_agent/cca_workspace/singer/singer-commons/target/apidocs/com/pinterest/singer/loggingaudit/thrift/configuration/class-use/LoggingAuditClientConfig._Fields.html...
Generating /workspaces/master-thesis-pascal-joos/code_cure_agent/cca_workspace/singer/singer-commons/target/apidocs/com/pinterest/singer/loggingaudit/thrift/configuration/class-use/LoggingAuditEventSenderConfig.html...
Generating /workspaces/master-thesis-pascal-joos/code_cure_agent/cca_workspace/singer/singer-commons/target/apidocs/com/pinterest/singer/loggingaudit/thrift/configuration/class-use/LoggingAuditEventSenderConfig._Fields.html...
Generating /workspaces/master-thesis-pascal-joos/code_cure_agent/cca_workspace/singer/singer-commons/target/apidocs/com/pinterest/singer/loggingaudit/thrift/configuration/class-use/SenderType.html...
Generating /workspaces/master-thesis-pascal-joos/code_cure_agent/cca_workspace/singer/singer-commons/target/apidocs/com/pinterest/singer/loggingaudit/thrift/class-use/AuditDemoLog1Message.html...
Generating /workspaces/master-thesis-pascal-joos/code_cure_agent/cca_workspace/singer/singer-commons/target/apidocs/com/pinterest/singer/loggingaudit/thrift/class-use/AuditDemoLog1Message._Fields.html...
Generating /workspaces/master-thesis-pascal-joos/code_cure_agent/cca_workspace/singer/singer-commons/target/apidocs/com/pinterest/singer/loggingaudit/thrift/class-use/LoggingAuditEvent.html...
Generating /workspaces/master-thesis-pascal-joos/code_cure_agent/cca_workspace/singer/singer-commons/target/apidocs/com/pinterest/singer/loggingaudit/thrift/class-use/LoggingAuditEvent._Fields.html...
Generating /workspaces/master-thesis-pascal-joos/code_cure_agent/cca_workspace/singer/singer-commons/target/apidocs/com/pinterest/singer/loggingaudit/thrift/class-use/LoggingAuditStage.html...
Generating /workspaces/master-thesis-pascal-joos/code_cure_agent/cca_workspace/singer/singer-commons/target/apidocs/com/pinterest/singer/loggingaudit/thrift/class-use/LoggingAuditHeaders.html...
Generating /workspaces/master-thesis-pascal-joos/code_cure_agent/cca_workspace/singer/singer-commons/target/apidocs/com/pinterest/singer/loggingaudit/thrift/class-use/LoggingAuditHeaders._Fields.html...
Generating /workspaces/master-thesis-pascal-joos/code_cure_agent/cca_workspace/singer/singer-commons/target/apidocs/com/pinterest/singer/thrift/class-use/ThriftMessage.html...
Generating /workspaces/master-thesis-pascal-joos/code_cure_agent/cca_workspace/singer/singer-commons/target/apidocs/com/pinterest/singer/thrift/class-use/ThriftMessage._Fields.html...
Generating /workspaces/master-thesis-pascal-joos/code_cure_agent/cca_workspace/singer/singer-commons/target/apidocs/com/pinterest/singer/thrift/class-use/LogMessageAndPosition.html...
Generating /workspaces/master-thesis-pascal-joos/code_cure_agent/cca_workspace/singer/singer-commons/target/apidocs/com/pinterest/singer/thrift/class-use/LogMessageAndPosition._Fields.html...
Generating /workspaces/master-thesis-pascal-joos/code_cure_agent/cca_workspace/singer/singer-commons/target/apidocs/com/pinterest/singer/thrift/class-use/LogPosition.html...
Generating /workspaces/master-thesis-pascal-joos/code_cure_agent/cca_workspace/singer/singer-commons/target/apidocs/com/pinterest/singer/thrift/class-use/LogPosition._Fields.html...
Generating /workspaces/master-thesis-pascal-joos/code_cure_agent/cca_workspace/singer/singer-commons/target/apidocs/com/pinterest/singer/thrift/class-use/LogFileAndPath.html...
Generating /workspaces/master-thesis-pascal-joos/code_cure_agent/cca_workspace/singer/singer-commons/target/apidocs/com/pinterest/singer/thrift/class-use/LogFileAndPath._Fields.html...
Generating /workspaces/master-thesis-pascal-joos/code_cure_agent/cca_workspace/singer/singer-commons/target/apidocs/com/pinterest/singer/thrift/class-use/Event.html...
Generating /workspaces/master-thesis-pascal-joos/code_cure_agent/cca_workspace/singer/singer-commons/target/apidocs/com/pinterest/singer/thrift/class-use/Event._Fields.html...
Generating /workspaces/master-thesis-pascal-joos/code_cure_agent/cca_workspace/singer/singer-commons/target/apidocs/com/pinterest/singer/thrift/class-use/LogFile.html...
Generating /workspaces/master-thesis-pascal-joos/code_cure_agent/cca_workspace/singer/singer-commons/target/apidocs/com/pinterest/singer/thrift/class-use/LogFile._Fields.html...
Generating /workspaces/master-thesis-pascal-joos/code_cure_agent/cca_workspace/singer/singer-commons/target/apidocs/com/pinterest/singer/thrift/class-use/AuditMessage.html...
Generating /workspaces/master-thesis-pascal-joos/code_cure_agent/cca_workspace/singer/singer-commons/target/apidocs/com/pinterest/singer/thrift/class-use/AuditMessage._Fields.html...
Generating /workspaces/master-thesis-pascal-joos/code_cure_agent/cca_workspace/singer/singer-commons/target/apidocs/com/pinterest/singer/thrift/class-use/LogMessage.html...
Generating /workspaces/master-thesis-pascal-joos/code_cure_agent/cca_workspace/singer/singer-commons/target/apidocs/com/pinterest/singer/thrift/class-use/LogMessage._Fields.html...
Generating /workspaces/master-thesis-pascal-joos/code_cure_agent/cca_workspace/singer/singer-commons/target/apidocs/com/pinterest/singer/thrift/class-use/TextMessage.html...
Generating /workspaces/master-thesis-pascal-joos/code_cure_agent/cca_workspace/singer/singer-commons/target/apidocs/com/pinterest/singer/thrift/class-use/TextMessage._Fields.html...
Generating /workspaces/master-thesis-pascal-joos/code_cure_agent/cca_workspace/singer/singer-commons/target/apidocs/com/pinterest/singer/thrift/configuration/class-use/WriterType.html...
Generating /workspaces/master-thesis-pascal-joos/code_cure_agent/cca_workspace/singer/singer-commons/target/apidocs/com/pinterest/singer/thrift/configuration/class-use/FileNameMatchMode.html...
Generating /workspaces/master-thesis-pascal-joos/code_cure_agent/cca_workspace/singer/singer-commons/target/apidocs/com/pinterest/singer/thrift/configuration/class-use/RealpinObjectType.html...
Generating /workspaces/master-thesis-pascal-joos/code_cure_agent/cca_workspace/singer/singer-commons/target/apidocs/com/pinterest/singer/thrift/configuration/class-use/RealpinWriterConfig.html...
Generating /workspaces/master-thesis-pascal-joos/code_cure_agent/cca_workspace/singer/singer-commons/target/apidocs/com/pinterest/singer/thrift/configuration/class-use/RealpinWriterConfig._Fields.html...
Generating /workspaces/master-thesis-pascal-joos/code_cure_agent/cca_workspace/singer/singer-commons/target/apidocs/com/pinterest/singer/thrift/configuration/class-use/PulsarWriterConfig.html...
Generating /workspaces/master-thesis-pascal-joos/code_cure_agent/cca_workspace/singer/singer-commons/target/apidocs/com/pinterest/singer/thrift/configuration/class-use/PulsarWriterConfig._Fields.html...
Generating /workspaces/master-thesis-pascal-joos/code_cure_agent/cca_workspace/singer/singer-commons/target/apidocs/com/pinterest/singer/thrift/configuration/class-use/TextLogMessageType.html...
Generating /workspaces/master-thesis-pascal-joos/code_cure_agent/cca_workspace/singer/singer-commons/target/apidocs/com/pinterest/singer/thrift/configuration/class-use/KafkaWriterConfig.html...
Generating /workspaces/master-thesis-pascal-joos/code_cure_agent/cca_workspace/singer/singer-commons/target/apidocs/com/pinterest/singer/thrift/configuration/class-use/KafkaWriterConfig._Fields.html...
Generating /workspaces/master-thesis-pascal-joos/code_cure_agent/cca_workspace/singer/singer-commons/target/apidocs/com/pinterest/singer/thrift/configuration/class-use/KubeConfig.html...
Generating /workspaces/master-thesis-pascal-joos/code_cure_agent/cca_workspace/singer/singer-commons/target/apidocs/com/pinterest/singer/thrift/configuration/class-use/KubeConfig._Fields.html...
Generating /workspaces/master-thesis-pascal-joos/code_cure_agent/cca_workspace/singer/singer-commons/target/apidocs/com/pinterest/singer/thrift/configuration/class-use/LogStreamWriterConfig.html...
Generating /workspaces/master-thesis-pascal-joos/code_cure_agent/cca_workspace/singer/singer-commons/target/apidocs/com/pinterest/singer/thrift/configuration/class-use/LogStreamWriterConfig._Fields.html...
Generating /workspaces/master-thesis-pascal-joos/code_cure_agent/cca_workspace/singer/singer-commons/target/apidocs/com/pinterest/singer/thrift/configuration/class-use/MemqWriterConfig.html...
Generating /workspaces/master-thesis-pascal-joos/code_cure_agent/cca_workspace/singer/singer-commons/target/apidocs/com/pinterest/singer/thrift/configuration/class-use/MemqWriterConfig._Fields.html...
Generating /workspaces/master-thesis-pascal-joos/code_cure_agent/cca_workspace/singer/singer-commons/target/apidocs/com/pinterest/singer/thrift/configuration/class-use/LogStreamProcessorConfig.html...
Generating /workspaces/master-thesis-pascal-joos/code_cure_agent/cca_workspace/singer/singer-commons/target/apidocs/com/pinterest/singer/thrift/configuration/class-use/LogStreamProcessorConfig._Fields.html...
Generating /workspaces/master-thesis-pascal-joos/code_cure_agent/cca_workspace/singer/singer-commons/target/apidocs/com/pinterest/singer/thrift/configuration/class-use/MemqAuditorConfig.html...
Generating /workspaces/master-thesis-pascal-joos/code_cure_agent/cca_workspace/singer/singer-commons/target/apidocs/com/pinterest/singer/thrift/configuration/class-use/MemqAuditorConfig._Fields.html...
Generating /workspaces/master-thesis-pascal-joos/code_cure_agent/cca_workspace/singer/singer-commons/target/apidocs/com/pinterest/singer/thrift/configuration/class-use/PulsarProducerConfig.html...
Generating /workspaces/master-thesis-pascal-joos/code_cure_agent/cca_workspace/singer/singer-commons/target/apidocs/com/pinterest/singer/thrift/configuration/class-use/PulsarProducerConfig._Fields.html...
Generating /workspaces/master-thesis-pascal-joos/code_cure_agent/cca_workspace/singer/singer-commons/target/apidocs/com/pinterest/singer/thrift/configuration/class-use/LogStreamReaderConfig.html...
Generating /workspaces/master-thesis-pascal-joos/code_cure_agent/cca_workspace/singer/singer-commons/target/apidocs/com/pinterest/singer/thrift/configuration/class-use/LogStreamReaderConfig._Fields.html...
Generating /workspaces/master-thesis-pascal-joos/code_cure_agent/cca_workspace/singer/singer-commons/target/apidocs/com/pinterest/singer/thrift/configuration/class-use/SingerConfig.html...
Generating /workspaces/master-thesis-pascal-joos/code_cure_agent/cca_workspace/singer/singer-commons/target/apidocs/com/pinterest/singer/thrift/configuration/class-use/SingerConfig._Fields.html...
Generating /workspaces/master-thesis-pascal-joos/code_cure_agent/cca_workspace/singer/singer-commons/target/apidocs/com/pinterest/singer/thrift/configuration/class-use/SingerLogConfig.html...
Generating /workspaces/master-thesis-pascal-joos/code_cure_agent/cca_workspace/singer/singer-commons/target/apidocs/com/pinterest/singer/thrift/configuration/class-use/SingerLogConfig._Fields.html...
Generating /workspaces/master-thesis-pascal-joos/code_cure_agent/cca_workspace/singer/singer-commons/target/apidocs/com/pinterest/singer/thrift/configuration/class-use/ThriftReaderConfig.html...
Generating /workspaces/master-thesis-pascal-joos/code_cure_agent/cca_workspace/singer/singer-commons/target/apidocs/com/pinterest/singer/thrift/configuration/class-use/ThriftReaderConfig._Fields.html...
Generating /workspaces/master-thesis-pascal-joos/code_cure_agent/cca_workspace/singer/singer-commons/target/apidocs/com/pinterest/singer/thrift/configuration/class-use/NoOpWriteConfig.html...
Generating /workspaces/master-thesis-pascal-joos/code_cure_agent/cca_workspace/singer/singer-commons/target/apidocs/com/pinterest/singer/thrift/configuration/class-use/NoOpWriteConfig._Fields.html...
Generating /workspaces/master-thesis-pascal-joos/code_cure_agent/cca_workspace/singer/singer-commons/target/apidocs/com/pinterest/singer/thrift/configuration/class-use/TextReaderConfig.html...
Generating /workspaces/master-thesis-pascal-joos/code_cure_agent/cca_workspace/singer/singer-commons/target/apidocs/com/pinterest/singer/thrift/configuration/class-use/TextReaderConfig._Fields.html...
Generating /workspaces/master-thesis-pascal-joos/code_cure_agent/cca_workspace/singer/singer-commons/target/apidocs/com/pinterest/singer/thrift/configuration/class-use/HeartbeatWriterConfig.html...
Generating /workspaces/master-thesis-pascal-joos/code_cure_agent/cca_workspace/singer/singer-commons/target/apidocs/com/pinterest/singer/thrift/configuration/class-use/HeartbeatWriterConfig._Fields.html...
Generating /workspaces/master-thesis-pascal-joos/code_cure_agent/cca_workspace/singer/singer-commons/target/apidocs/com/pinterest/singer/thrift/configuration/class-use/LogMonitorConfig.html...
Generating /workspaces/master-thesis-pascal-joos/code_cure_agent/cca_workspace/singer/singer-commons/target/apidocs/com/pinterest/singer/thrift/configuration/class-use/LogMonitorConfig._Fields.html...
Generating /workspaces/master-thesis-pascal-joos/code_cure_agent/cca_workspace/singer/singer-commons/target/apidocs/com/pinterest/singer/thrift/configuration/class-use/SingerRestartConfig.html...
Generating /workspaces/master-thesis-pascal-joos/code_cure_agent/cca_workspace/singer/singer-commons/target/apidocs/com/pinterest/singer/thrift/configuration/class-use/SingerRestartConfig._Fields.html...
Generating /workspaces/master-thesis-pascal-joos/code_cure_agent/cca_workspace/singer/singer-commons/target/apidocs/com/pinterest/singer/thrift/configuration/class-use/KafkaProducerConfig.html...
Generating /workspaces/master-thesis-pascal-joos/code_cure_agent/cca_workspace/singer/singer-commons/target/apidocs/com/pinterest/singer/thrift/configuration/class-use/KafkaProducerConfig._Fields.html...
Generating /workspaces/master-thesis-pascal-joos/code_cure_agent/cca_workspace/singer/singer-commons/target/apidocs/com/pinterest/singer/thrift/configuration/class-use/ReaderType.html...
Generating /workspaces/master-thesis-pascal-joos/code_cure_agent/cca_workspace/singer/singer-commons/target/apidocs/com/pinterest/singer/config/package-use.html...
Generating /workspaces/master-thesis-pascal-joos/code_cure_agent/cca_workspace/singer/singer-commons/target/apidocs/com/pinterest/singer/loggingaudit/client/package-use.html...
Generating /workspaces/master-thesis-pascal-joos/code_cure_agent/cca_workspace/singer/singer-commons/target/apidocs/com/pinterest/singer/loggingaudit/client/common/package-use.html...
Generating /workspaces/master-thesis-pascal-joos/code_cure_agent/cca_workspace/singer/singer-commons/target/apidocs/com/pinterest/singer/loggingaudit/client/utils/package-use.html...
Generating /workspaces/master-thesis-pascal-joos/code_cure_agent/cca_workspace/singer/singer-commons/target/apidocs/com/pinterest/singer/loggingaudit/thrift/package-use.html...
Generating /workspaces/master-thesis-pascal-joos/code_cure_agent/cca_workspace/singer/singer-commons/target/apidocs/com/pinterest/singer/loggingaudit/thrift/configuration/package-use.html...
Generating /workspaces/master-thesis-pascal-joos/code_cure_agent/cca_workspace/singer/singer-commons/target/apidocs/com/pinterest/singer/metrics/package-use.html...
Generating /workspaces/master-thesis-pascal-joos/code_cure_agent/cca_workspace/singer/singer-commons/target/apidocs/com/pinterest/singer/thrift/package-use.html...
Generating /workspaces/master-thesis-pascal-joos/code_cure_agent/cca_workspace/singer/singer-commons/target/apidocs/com/pinterest/singer/thrift/configuration/package-use.html...
Generating /workspaces/master-thesis-pascal-joos/code_cure_agent/cca_workspace/singer/singer-commons/target/apidocs/com/pinterest/singer/utils/package-use.html...
Building index for all the packages and classes...
Generating /workspaces/master-thesis-pascal-joos/code_cure_agent/cca_workspace/singer/singer-commons/target/apidocs/overview-tree.html...
Generating /workspaces/master-thesis-pascal-joos/code_cure_agent/cca_workspace/singer/singer-commons/target/apidocs/index-all.html...
Building index for all classes...
Generating /workspaces/master-thesis-pascal-joos/code_cure_agent/cca_workspace/singer/singer-commons/target/apidocs/allclasses-index.html...
Generating /workspaces/master-thesis-pascal-joos/code_cure_agent/cca_workspace/singer/singer-commons/target/apidocs/allpackages-index.html...
Generating /workspaces/master-thesis-pascal-joos/code_cure_agent/cca_workspace/singer/singer-commons/target/apidocs/deprecated-list.html...
Building index for all classes...
Generating /workspaces/master-thesis-pascal-joos/code_cure_agent/cca_workspace/singer/singer-commons/target/apidocs/allclasses.html...
Generating /workspaces/master-thesis-pascal-joos/code_cure_agent/cca_workspace/singer/singer-commons/target/apidocs/allclasses.html...
Generating /workspaces/master-thesis-pascal-joos/code_cure_agent/cca_workspace/singer/singer-commons/target/apidocs/index.html...
Generating /workspaces/master-thesis-pascal-joos/code_cure_agent/cca_workspace/singer/singer-commons/target/apidocs/overview-summary.html...
Generating /workspaces/master-thesis-pascal-joos/code_cure_agent/cca_workspace/singer/singer-commons/target/apidocs/help-doc.html...
100 warnings
[WARNING] Javadoc Warnings
[WARNING] javadoc: warning - The code being documented uses modules but the packages defined in http://docs.oracle.com/javase/7/docs/api/ are in the unnamed module.
[WARNING] javadoc: warning - The code being documented uses modules but the packages defined in http://docs.oracle.com/javase/7/docs/api/ are in the unnamed module.
[WARNING] javadoc: warning - The code being documented uses modules but the packages defined in http://docs.oracle.com/javase/7/docs/api/ are in the unnamed module.
[WARNING] javadoc: warning - The code being documented uses modules but the packages defined in http://docs.oracle.com/javase/7/docs/api/ are in the unnamed module.
[WARNING] javadoc: warning - The code being documented uses modules but the packages defined in http://docs.oracle.com/javase/7/docs/api/ are in the unnamed module.
[WARNING] javadoc: warning - The code being documented uses modules but the packages defined in http://docs.oracle.com/javase/7/docs/api/ are in the unnamed module.
[WARNING] javadoc: warning - The code being documented uses modules but the packages defined in http://docs.oracle.com/javase/7/docs/api/ are in the unnamed module.
[WARNING] javadoc: warning - The code being documented uses modules but the packages defined in http://docs.oracle.com/javase/7/docs/api/ are in the unnamed module.
[WARNING] javadoc: warning - The code being documented uses modules but the packages defined in http://docs.oracle.com/javase/7/docs/api/ are in the unnamed module.
[WARNING] javadoc: warning - The code being documented uses modules but the packages defined in http://docs.oracle.com/javase/7/docs/api/ are in the unnamed module.
[WARNING] javadoc: warning - The code being documented uses modules but the packages defined in http://docs.oracle.com/javase/7/docs/api/ are in the unnamed module.
[WARNING] javadoc: warning - The code being documented uses modules but the packages defined in http://docs.oracle.com/javase/7/docs/api/ are in the unnamed module.
[WARNING] javadoc: warning - The code being documented uses modules but the packages defined in http://docs.oracle.com/javase/7/docs/api/ are in the unnamed module.
[WARNING] javadoc: warning - The code being documented uses modules but the packages defined in http://docs.oracle.com/javase/7/docs/api/ are in the unnamed module.
[WARNING] javadoc: warning - The code being documented uses modules but the packages defined in http://docs.oracle.com/javase/7/docs/api/ are in the unnamed module.
[WARNING] javadoc: warning - The code being documented uses modules but the packages defined in http://docs.oracle.com/javase/7/docs/api/ are in the unnamed module.
[WARNING] javadoc: warning - The code being documented uses modules but the packages defined in http://docs.oracle.com/javase/7/docs/api/ are in the unnamed module.
[WARNING] javadoc: warning - The code being documented uses modules but the packages defined in http://docs.oracle.com/javase/7/docs/api/ are in the unnamed module.
[WARNING] javadoc: warning - The code being documented uses modules but the packages defined in http://docs.oracle.com/javase/7/docs/api/ are in the unnamed module.
[WARNING] javadoc: warning - The code being documented uses modules but the packages defined in http://docs.oracle.com/javase/7/docs/api/ are in the unnamed module.
[WARNING] javadoc: warning - The code being documented uses modules but the packages defined in http://docs.oracle.com/javase/7/docs/api/ are in the unnamed module.
[WARNING] javadoc: warning - The code being documented uses modules but the packages defined in http://docs.oracle.com/javase/7/docs/api/ are in the unnamed module.
[WARNING] javadoc: warning - The code being documented uses modules but the packages defined in http://docs.oracle.com/javase/7/docs/api/ are in the unnamed module.
[WARNING] javadoc: warning - The code being documented uses modules but the packages defined in http://docs.oracle.com/javase/7/docs/api/ are in the unnamed module.
[WARNING] javadoc: warning - The code being documented uses modules but the packages defined in http://docs.oracle.com/javase/7/docs/api/ are in the unnamed module.
[WARNING] javadoc: warning - The code being documented uses modules but the packages defined in http://docs.oracle.com/javase/7/docs/api/ are in the unnamed module.
[WARNING] javadoc: warning - The code being documented uses modules but the packages defined in http://docs.oracle.com/javase/7/docs/api/ are in the unnamed module.
[WARNING] javadoc: warning - The code being documented uses modules but the packages defined in http://docs.oracle.com/javase/7/docs/api/ are in the unnamed module.
[WARNING] javadoc: warning - The code being documented uses modules but the packages defined in http://docs.oracle.com/javase/7/docs/api/ are in the unnamed module.
[WARNING] javadoc: warning - The code being documented uses modules but the packages defined in http://docs.oracle.com/javase/7/docs/api/ are in the unnamed module.
[WARNING] javadoc: warning - The code being documented uses modules but the packages defined in http://docs.oracle.com/javase/7/docs/api/ are in the unnamed module.
[WARNING] javadoc: warning - The code being documented uses modules but the packages defined in http://docs.oracle.com/javase/7/docs/api/ are in the unnamed module.
[WARNING] javadoc: warning - The code being documented uses modules but the packages defined in http://docs.oracle.com/javase/7/docs/api/ are in the unnamed module.
[WARNING] javadoc: warning - The code being documented uses modules but the packages defined in http://docs.oracle.com/javase/7/docs/api/ are in the unnamed module.
[WARNING] javadoc: warning - The code being documented uses modules but the packages defined in http://docs.oracle.com/javase/7/docs/api/ are in the unnamed module.
[WARNING] javadoc: warning - The code being documented uses modules but the packages defined in http://docs.oracle.com/javase/7/docs/api/ are in the unnamed module.
[WARNING] javadoc: warning - The code being documented uses modules but the packages defined in http://docs.oracle.com/javase/7/docs/api/ are in the unnamed module.
[WARNING] javadoc: warning - The code being documented uses modules but the packages defined in http://docs.oracle.com/javase/7/docs/api/ are in the unnamed module.
[WARNING] javadoc: warning - The code being documented uses modules but the packages defined in http://docs.oracle.com/javase/7/docs/api/ are in the unnamed module.
[WARNING] javadoc: warning - The code being documented uses modules but the packages defined in http://docs.oracle.com/javase/7/docs/api/ are in the unnamed module.
[WARNING] javadoc: warning - The code being documented uses modules but the packages defined in http://docs.oracle.com/javase/7/docs/api/ are in the unnamed module.
[WARNING] javadoc: warning - The code being documented uses modules but the packages defined in http://docs.oracle.com/javase/7/docs/api/ are in the unnamed module.
[WARNING] javadoc: warning - The code being documented uses modules but the packages defined in http://docs.oracle.com/javase/7/docs/api/ are in the unnamed module.
[WARNING] javadoc: warning - The code being documented uses modules but the packages defined in http://docs.oracle.com/javase/7/docs/api/ are in the unnamed module.
[WARNING] javadoc: warning - The code being documented uses modules but the packages defined in http://docs.oracle.com/javase/7/docs/api/ are in the unnamed module.
[WARNING] javadoc: warning - The code being documented uses modules but the packages defined in http://docs.oracle.com/javase/7/docs/api/ are in the unnamed module.
[WARNING] javadoc: warning - The code being documented uses modules but the packages defined in http://docs.oracle.com/javase/7/docs/api/ are in the unnamed module.
[WARNING] javadoc: warning - The code being documented uses modules but the packages defined in http://docs.oracle.com/javase/7/docs/api/ are in the unnamed module.
[WARNING] javadoc: warning - The code being documented uses modules but the packages defined in http://docs.oracle.com/javase/7/docs/api/ are in the unnamed module.
[WARNING] javadoc: warning - The code being documented uses modules but the packages defined in http://docs.oracle.com/javase/7/docs/api/ are in the unnamed module.
[WARNING] javadoc: warning - The code being documented uses modules but the packages defined in http://docs.oracle.com/javase/7/docs/api/ are in the unnamed module.
[WARNING] javadoc: warning - The code being documented uses modules but the packages defined in http://docs.oracle.com/javase/7/docs/api/ are in the unnamed module.
[WARNING] javadoc: warning - The code being documented uses modules but the packages defined in http://docs.oracle.com/javase/7/docs/api/ are in the unnamed module.
[WARNING] javadoc: warning - The code being documented uses modules but the packages defined in http://docs.oracle.com/javase/7/docs/api/ are in the unnamed module.
[WARNING] javadoc: warning - The code being documented uses modules but the packages defined in http://docs.oracle.com/javase/7/docs/api/ are in the unnamed module.
[WARNING] javadoc: warning - The code being documented uses modules but the packages defined in http://docs.oracle.com/javase/7/docs/api/ are in the unnamed module.
[WARNING] javadoc: warning - The code being documented uses modules but the packages defined in http://docs.oracle.com/javase/7/docs/api/ are in the unnamed module.
[WARNING] javadoc: warning - The code being documented uses modules but the packages defined in http://docs.oracle.com/javase/7/docs/api/ are in the unnamed module.
[WARNING] javadoc: warning - The code being documented uses modules but the packages defined in http://docs.oracle.com/javase/7/docs/api/ are in the unnamed module.
[WARNING] javadoc: warning - The code being documented uses modules but the packages defined in http://docs.oracle.com/javase/7/docs/api/ are in the unnamed module.
[WARNING] javadoc: warning - The code being documented uses modules but the packages defined in http://docs.oracle.com/javase/7/docs/api/ are in the unnamed module.
[WARNING] javadoc: warning - The code being documented uses modules but the packages defined in http://docs.oracle.com/javase/7/docs/api/ are in the unnamed module.
[WARNING] javadoc: warning - The code being documented uses modules but the packages defined in http://docs.oracle.com/javase/7/docs/api/ are in the unnamed module.
[WARNING] javadoc: warning - The code being documented uses modules but the packages defined in http://docs.oracle.com/javase/7/docs/api/ are in the unnamed module.
[WARNING] javadoc: warning - The code being documented uses modules but the packages defined in http://docs.oracle.com/javase/7/docs/api/ are in the unnamed module.
[WARNING] javadoc: warning - The code being documented uses modules but the packages defined in http://docs.oracle.com/javase/7/docs/api/ are in the unnamed module.
[WARNING] javadoc: warning - The code being documented uses modules but the packages defined in http://docs.oracle.com/javase/7/docs/api/ are in the unnamed module.
[WARNING] javadoc: warning - The code being documented uses modules but the packages defined in http://docs.oracle.com/javase/7/docs/api/ are in the unnamed module.
[WARNING] javadoc: warning - The code being documented uses modules but the packages defined in http://docs.oracle.com/javase/7/docs/api/ are in the unnamed module.
[WARNING] javadoc: warning - The code being documented uses modules but the packages defined in http://docs.oracle.com/javase/7/docs/api/ are in the unnamed module.
[WARNING] javadoc: warning - The code being documented uses modules but the packages defined in http://docs.oracle.com/javase/7/docs/api/ are in the unnamed module.
[WARNING] javadoc: warning - The code being documented uses modules but the packages defined in http://docs.oracle.com/javase/7/docs/api/ are in the unnamed module.
[WARNING] javadoc: warning - The code being documented uses modules but the packages defined in http://docs.oracle.com/javase/7/docs/api/ are in the unnamed module.
[WARNING] javadoc: warning - The code being documented uses modules but the packages defined in http://docs.oracle.com/javase/7/docs/api/ are in the unnamed module.
[WARNING] javadoc: warning - The code being documented uses modules but the packages defined in http://docs.oracle.com/javase/7/docs/api/ are in the unnamed module.
[WARNING] javadoc: warning - The code being documented uses modules but the packages defined in http://docs.oracle.com/javase/7/docs/api/ are in the unnamed module.
[WARNING] javadoc: warning - The code being documented uses modules but the packages defined in http://docs.oracle.com/javase/7/docs/api/ are in the unnamed module.
[WARNING] javadoc: warning - The code being documented uses modules but the packages defined in http://docs.oracle.com/javase/7/docs/api/ are in the unnamed module.
[WARNING] javadoc: warning - The code being documented uses modules but the packages defined in http://docs.oracle.com/javase/7/docs/api/ are in the unnamed module.
[WARNING] javadoc: warning - The code being documented uses modules but the packages defined in http://docs.oracle.com/javase/7/docs/api/ are in the unnamed module.
[WARNING] javadoc: warning - The code being documented uses modules but the packages defined in http://docs.oracle.com/javase/7/docs/api/ are in the unnamed module.
[WARNING] javadoc: warning - The code being documented uses modules but the packages defined in http://docs.oracle.com/javase/7/docs/api/ are in the unnamed module.
[WARNING] javadoc: warning - The code being documented uses modules but the packages defined in http://docs.oracle.com/javase/7/docs/api/ are in the unnamed module.
[WARNING] javadoc: warning - The code being documented uses modules but the packages defined in http://docs.oracle.com/javase/7/docs/api/ are in the unnamed module.
[WARNING] javadoc: warning - The code being documented uses modules but the packages defined in http://docs.oracle.com/javase/7/docs/api/ are in the unnamed module.
[WARNING] javadoc: warning - The code being documented uses modules but the packages defined in http://docs.oracle.com/javase/7/docs/api/ are in the unnamed module.
[WARNING] javadoc: warning - The code being documented uses modules but the packages defined in http://docs.oracle.com/javase/7/docs/api/ are in the unnamed module.
[WARNING] javadoc: warning - The code being documented uses modules but the packages defined in http://docs.oracle.com/javase/7/docs/api/ are in the unnamed module.
[WARNING] javadoc: warning - The code being documented uses modules but the packages defined in http://docs.oracle.com/javase/7/docs/api/ are in the unnamed module.
[WARNING] javadoc: warning - The code being documented uses modules but the packages defined in http://docs.oracle.com/javase/7/docs/api/ are in the unnamed module.
[WARNING] javadoc: warning - The code being documented uses modules but the packages defined in http://docs.oracle.com/javase/7/docs/api/ are in the unnamed module.
[WARNING] javadoc: warning - The code being documented uses modules but the packages defined in http://docs.oracle.com/javase/7/docs/api/ are in the unnamed module.
[WARNING] javadoc: warning - The code being documented uses modules but the packages defined in http://docs.oracle.com/javase/7/docs/api/ are in the unnamed module.
[WARNING] javadoc: warning - The code being documented uses modules but the packages defined in http://docs.oracle.com/javase/7/docs/api/ are in the unnamed module.
[WARNING] javadoc: warning - The code being documented uses modules but the packages defined in http://docs.oracle.com/javase/7/docs/api/ are in the unnamed module.
[WARNING] javadoc: warning - The code being documented uses modules but the packages defined in http://docs.oracle.com/javase/7/docs/api/ are in the unnamed module.
[WARNING] javadoc: warning - The code being documented uses modules but the packages defined in http://docs.oracle.com/javase/7/docs/api/ are in the unnamed module.
[WARNING] javadoc: warning - The code being documented uses modules but the packages defined in http://docs.oracle.com/javase/7/docs/api/ are in the unnamed module.
[WARNING] javadoc: warning - The code being documented uses modules but the packages defined in http://docs.oracle.com/javase/7/docs/api/ are in the unnamed module.
[WARNING] javadoc: warning - The code being documented uses modules but the packages defined in http://docs.oracle.com/javase/7/docs/api/ are in the unnamed module.
[INFO] Building jar: /workspaces/master-thesis-pascal-joos/code_cure_agent/cca_workspace/singer/singer-commons/target/singer-commons-0.8.0.39-javadoc.jar
[INFO] 
[INFO] >>> maven-source-plugin:3.3.1:jar (attach-sources) > generate-sources @ singer-commons >>>
[INFO] 
[INFO] --- scrooge-maven-plugin:4.18.0:compile (thrift-sources) @ singer-commons ---
[INFO] finding thrift files in dependencies
[INFO] finding thrift files in referenced (reactor) projects
[INFO] copying /workspaces/master-thesis-pascal-joos/code_cure_agent/cca_workspace/singer/singer-commons/target/classes/singer_if.thrift to /workspaces/master-thesis-pascal-joos/code_cure_agent/cca_workspace/singer/singer-commons/target/generated-resources/singer_if.thrift
[INFO] copying /workspaces/master-thesis-pascal-joos/code_cure_agent/cca_workspace/singer/singer-commons/target/classes/common.thrift to /workspaces/master-thesis-pascal-joos/code_cure_agent/cca_workspace/singer/singer-commons/target/generated-resources/common.thrift
[INFO] copying /workspaces/master-thesis-pascal-joos/code_cure_agent/cca_workspace/singer/singer-commons/target/classes/thrift_message.thrift to /workspaces/master-thesis-pascal-joos/code_cure_agent/cca_workspace/singer/singer-commons/target/generated-resources/thrift_message.thrift
[INFO] copying /workspaces/master-thesis-pascal-joos/code_cure_agent/cca_workspace/singer/singer-commons/target/classes/config.thrift to /workspaces/master-thesis-pascal-joos/code_cure_agent/cca_workspace/singer/singer-commons/target/generated-resources/config.thrift
[INFO] copying /workspaces/master-thesis-pascal-joos/code_cure_agent/cca_workspace/singer/singer-commons/target/classes/loggingaudit_test.thrift to /workspaces/master-thesis-pascal-joos/code_cure_agent/cca_workspace/singer/singer-commons/target/generated-resources/loggingaudit_test.thrift
[INFO] copying /workspaces/master-thesis-pascal-joos/code_cure_agent/cca_workspace/singer/singer-commons/target/classes/singer.thrift to /workspaces/master-thesis-pascal-joos/code_cure_agent/cca_workspace/singer/singer-commons/target/generated-resources/singer.thrift
[INFO] copying /workspaces/master-thesis-pascal-joos/code_cure_agent/cca_workspace/singer/singer-commons/target/classes/text_message.thrift to /workspaces/master-thesis-pascal-joos/code_cure_agent/cca_workspace/singer/singer-commons/target/generated-resources/text_message.thrift
[INFO] copying /workspaces/master-thesis-pascal-joos/code_cure_agent/cca_workspace/singer/singer-commons/target/classes/loggingaudit.thrift to /workspaces/master-thesis-pascal-joos/code_cure_agent/cca_workspace/singer/singer-commons/target/generated-resources/loggingaudit.thrift
[INFO] copying /workspaces/master-thesis-pascal-joos/code_cure_agent/cca_workspace/singer/singer-commons/target/classes/loggingaudit_config.thrift to /workspaces/master-thesis-pascal-joos/code_cure_agent/cca_workspace/singer/singer-commons/target/generated-resources/loggingaudit_config.thrift
[INFO] compiling thrift files [/workspaces/master-thesis-pascal-joos/code_cure_agent/cca_workspace/singer/singer-commons/target/generated-resources/thrift_message.thrift, /workspaces/master-thesis-pascal-joos/code_cure_agent/cca_workspace/singer/singer-commons/src/main/thrift/singer.thrift, /workspaces/master-thesis-pascal-joos/code_cure_agent/cca_workspace/singer/singer-commons/target/generated-resources/config.thrift, /workspaces/master-thesis-pascal-joos/code_cure_agent/cca_workspace/singer/singer-commons/target/generated-resources/text_message.thrift, /workspaces/master-thesis-pascal-joos/code_cure_agent/cca_workspace/singer/singer-commons/target/generated-resources/singer.thrift, /workspaces/master-thesis-pascal-joos/code_cure_agent/cca_workspace/singer/singer-commons/src/main/thrift/singer_if.thrift, /workspaces/master-thesis-pascal-joos/code_cure_agent/cca_workspace/singer/singer-commons/src/main/thrift/config.thrift, /workspaces/master-thesis-pascal-joos/code_cure_agent/cca_workspace/singer/singer-commons/src/main/thrift/common.thrift, /workspaces/master-thesis-pascal-joos/code_cure_agent/cca_workspace/singer/singer-commons/target/generated-resources/common.thrift, /workspaces/master-thesis-pascal-joos/code_cure_agent/cca_workspace/singer/singer-commons/src/main/thrift/loggingaudit_test.thrift, /workspaces/master-thesis-pascal-joos/code_cure_agent/cca_workspace/singer/singer-commons/src/main/thrift/loggingaudit_config.thrift, /workspaces/master-thesis-pascal-joos/code_cure_agent/cca_workspace/singer/singer-commons/target/generated-resources/loggingaudit_test.thrift, /workspaces/master-thesis-pascal-joos/code_cure_agent/cca_workspace/singer/singer-commons/target/generated-resources/loggingaudit.thrift, /workspaces/master-thesis-pascal-joos/code_cure_agent/cca_workspace/singer/singer-commons/target/generated-resources/singer_if.thrift, /workspaces/master-thesis-pascal-joos/code_cure_agent/cca_workspace/singer/singer-commons/src/main/thrift/loggingaudit.thrift, /workspaces/master-thesis-pascal-joos/code_cure_agent/cca_workspace/singer/singer-commons/target/generated-resources/loggingaudit_config.thrift, /workspaces/master-thesis-pascal-joos/code_cure_agent/cca_workspace/singer/singer-commons/src/main/thrift/thrift_message.thrift, /workspaces/master-thesis-pascal-joos/code_cure_agent/cca_workspace/singer/singer-commons/src/main/thrift/text_message.thrift] with Scrooge
[INFO] 
[INFO] --- build-helper-maven-plugin:3.6.1:add-source (add-source) @ singer-commons ---
[INFO] Source directory: /workspaces/master-thesis-pascal-joos/code_cure_agent/cca_workspace/singer/singer-commons/target/generated-sources/thrift/scrooge added.
[INFO] 
[INFO] <<< maven-source-plugin:3.3.1:jar (attach-sources) < generate-sources @ singer-commons <<<
[INFO] 
[INFO] 
[INFO] --- maven-source-plugin:3.3.1:jar (attach-sources) @ singer-commons ---
[INFO] Building jar: /workspaces/master-thesis-pascal-joos/code_cure_agent/cca_workspace/singer/singer-commons/target/singer-commons-0.8.0.39-sources.jar
[INFO] 
[INFO] -----------------< com.pinterest.singer:thrift-logger >-----------------
[INFO] Building thrift-logger 0.8.0.39                                    [3/4]
[INFO] --------------------------------[ jar ]---------------------------------
[INFO] 
[INFO] --- maven-clean-plugin:2.5:clean (default-clean) @ thrift-logger ---
[INFO] Deleting /workspaces/master-thesis-pascal-joos/code_cure_agent/cca_workspace/singer/thrift-logger/target
[INFO] 
[INFO] --- scrooge-maven-plugin:4.18.0:compile (thrift-sources) @ thrift-logger ---
[INFO] finding thrift files in dependencies
[INFO] finding thrift files in referenced (reactor) projects
[INFO] copying /workspaces/master-thesis-pascal-joos/code_cure_agent/cca_workspace/singer/singer-commons/target/classes/singer_if.thrift to /workspaces/master-thesis-pascal-joos/code_cure_agent/cca_workspace/singer/thrift-logger/target/generated-resources/singer_if.thrift
[INFO] copying /workspaces/master-thesis-pascal-joos/code_cure_agent/cca_workspace/singer/singer-commons/target/classes/common.thrift to /workspaces/master-thesis-pascal-joos/code_cure_agent/cca_workspace/singer/thrift-logger/target/generated-resources/common.thrift
[INFO] copying /workspaces/master-thesis-pascal-joos/code_cure_agent/cca_workspace/singer/singer-commons/target/classes/thrift_message.thrift to /workspaces/master-thesis-pascal-joos/code_cure_agent/cca_workspace/singer/thrift-logger/target/generated-resources/thrift_message.thrift
[INFO] copying /workspaces/master-thesis-pascal-joos/code_cure_agent/cca_workspace/singer/singer-commons/target/classes/config.thrift to /workspaces/master-thesis-pascal-joos/code_cure_agent/cca_workspace/singer/thrift-logger/target/generated-resources/config.thrift
[INFO] copying /workspaces/master-thesis-pascal-joos/code_cure_agent/cca_workspace/singer/singer-commons/target/classes/loggingaudit_test.thrift to /workspaces/master-thesis-pascal-joos/code_cure_agent/cca_workspace/singer/thrift-logger/target/generated-resources/loggingaudit_test.thrift
[INFO] copying /workspaces/master-thesis-pascal-joos/code_cure_agent/cca_workspace/singer/singer-commons/target/classes/singer.thrift to /workspaces/master-thesis-pascal-joos/code_cure_agent/cca_workspace/singer/thrift-logger/target/generated-resources/singer.thrift
[INFO] copying /workspaces/master-thesis-pascal-joos/code_cure_agent/cca_workspace/singer/singer-commons/target/classes/text_message.thrift to /workspaces/master-thesis-pascal-joos/code_cure_agent/cca_workspace/singer/thrift-logger/target/generated-resources/text_message.thrift
[INFO] copying /workspaces/master-thesis-pascal-joos/code_cure_agent/cca_workspace/singer/singer-commons/target/classes/loggingaudit.thrift to /workspaces/master-thesis-pascal-joos/code_cure_agent/cca_workspace/singer/thrift-logger/target/generated-resources/loggingaudit.thrift
[INFO] copying /workspaces/master-thesis-pascal-joos/code_cure_agent/cca_workspace/singer/singer-commons/target/classes/loggingaudit_config.thrift to /workspaces/master-thesis-pascal-joos/code_cure_agent/cca_workspace/singer/thrift-logger/target/generated-resources/loggingaudit_config.thrift
[INFO] compiling thrift files [/workspaces/master-thesis-pascal-joos/code_cure_agent/cca_workspace/singer/thrift-logger/target/generated-resources/config.thrift, /workspaces/master-thesis-pascal-joos/code_cure_agent/cca_workspace/singer/thrift-logger/target/generated-resources/loggingaudit_config.thrift, /workspaces/master-thesis-pascal-joos/code_cure_agent/cca_workspace/singer/thrift-logger/target/generated-resources/loggingaudit.thrift, /workspaces/master-thesis-pascal-joos/code_cure_agent/cca_workspace/singer/thrift-logger/target/generated-resources/singer_if.thrift, /workspaces/master-thesis-pascal-joos/code_cure_agent/cca_workspace/singer/thrift-logger/target/generated-resources/thrift_message.thrift, /workspaces/master-thesis-pascal-joos/code_cure_agent/cca_workspace/singer/thrift-logger/target/generated-resources/text_message.thrift, /workspaces/master-thesis-pascal-joos/code_cure_agent/cca_workspace/singer/thrift-logger/target/generated-resources/common.thrift, /workspaces/master-thesis-pascal-joos/code_cure_agent/cca_workspace/singer/thrift-logger/target/generated-resources/loggingaudit_test.thrift, /workspaces/master-thesis-pascal-joos/code_cure_agent/cca_workspace/singer/thrift-logger/target/generated-resources/singer.thrift] with Scrooge
[INFO] 
[INFO] --- build-helper-maven-plugin:3.6.1:add-source (add-source) @ thrift-logger ---
[INFO] Source directory: /workspaces/master-thesis-pascal-joos/code_cure_agent/cca_workspace/singer/thrift-logger/target/generated-sources/thrift/scrooge added.
[INFO] 
[INFO] --- maven-resources-plugin:2.6:resources (default-resources) @ thrift-logger ---
[INFO] Using 'UTF-8' encoding to copy filtered resources.
[INFO] skip non existing resourceDirectory /workspaces/master-thesis-pascal-joos/code_cure_agent/cca_workspace/singer/thrift-logger/src/main/resources
[INFO] skip non existing resourceDirectory /workspaces/master-thesis-pascal-joos/code_cure_agent/cca_workspace/singer/thrift-logger/src/main/thrift
[INFO] Copying 9 resources
[INFO] 
[INFO] --- maven-compiler-plugin:3.1:compile (default-compile) @ thrift-logger ---
[INFO] Changes detected - recompiling the module!
[INFO] Compiling 55 source files to /workspaces/master-thesis-pascal-joos/code_cure_agent/cca_workspace/singer/thrift-logger/target/classes
[WARNING] /workspaces/master-thesis-pascal-joos/code_cure_agent/cca_workspace/singer/thrift-logger/target/generated-sources/thrift/scrooge/com/pinterest/singer/loggingaudit/thrift/LoggingAuditHeaders.java: Some input files use or override a deprecated API.
[WARNING] /workspaces/master-thesis-pascal-joos/code_cure_agent/cca_workspace/singer/thrift-logger/target/generated-sources/thrift/scrooge/com/pinterest/singer/loggingaudit/thrift/LoggingAuditHeaders.java: Recompile with -Xlint:deprecation for details.
[WARNING] /workspaces/master-thesis-pascal-joos/code_cure_agent/cca_workspace/singer/thrift-logger/src/main/java/com/pinterest/singer/client/BaseThriftLogger.java: Some input files use unchecked or unsafe operations.
[WARNING] /workspaces/master-thesis-pascal-joos/code_cure_agent/cca_workspace/singer/thrift-logger/src/main/java/com/pinterest/singer/client/BaseThriftLogger.java: Recompile with -Xlint:unchecked for details.
[INFO] 
[INFO] --- scrooge-maven-plugin:4.18.0:testCompile (thrift-test-sources) @ thrift-logger ---
[INFO] finding thrift files in dependencies
[INFO] finding thrift files in referenced (reactor) projects
[INFO] No thrift files to compile.
[INFO] 
[INFO] --- maven-resources-plugin:2.6:testResources (default-testResources) @ thrift-logger ---
[INFO] Using 'UTF-8' encoding to copy filtered resources.
[INFO] skip non existing resourceDirectory /workspaces/master-thesis-pascal-joos/code_cure_agent/cca_workspace/singer/thrift-logger/src/test/resources
[INFO] 
[INFO] --- maven-compiler-plugin:3.1:testCompile (default-testCompile) @ thrift-logger ---
[INFO] Changes detected - recompiling the module!
[INFO] Compiling 4 source files to /workspaces/master-thesis-pascal-joos/code_cure_agent/cca_workspace/singer/thrift-logger/target/test-classes
[WARNING] /workspaces/master-thesis-pascal-joos/code_cure_agent/cca_workspace/singer/thrift-logger/src/test/java/com/pinterest/singer/client/BaseThriftFactoryTest.java: /workspaces/master-thesis-pascal-joos/code_cure_agent/cca_workspace/singer/thrift-logger/src/test/java/com/pinterest/singer/client/BaseThriftFactoryTest.java uses or overrides a deprecated API.
[WARNING] /workspaces/master-thesis-pascal-joos/code_cure_agent/cca_workspace/singer/thrift-logger/src/test/java/com/pinterest/singer/client/BaseThriftFactoryTest.java: Recompile with -Xlint:deprecation for details.
[INFO] 
[INFO] --- maven-surefire-plugin:2.12.4:test (default-test) @ thrift-logger ---
[INFO] Tests are skipped.
[INFO] 
[INFO] --- maven-jar-plugin:2.4:jar (default-jar) @ thrift-logger ---
[INFO] Building jar: /workspaces/master-thesis-pascal-joos/code_cure_agent/cca_workspace/singer/thrift-logger/target/thrift-logger-0.8.0.39.jar
[INFO] 
[INFO] --- maven-dependency-plugin:2.8:copy-dependencies (default) @ thrift-logger ---
[INFO] Copying jsr305-2.0.1.jar to /workspaces/master-thesis-pascal-joos/code_cure_agent/cca_workspace/singer/thrift-logger/target/lib/jsr305-2.0.1.jar
[INFO] Copying util-eval_2.11-6.43.0.jar to /workspaces/master-thesis-pascal-joos/code_cure_agent/cca_workspace/singer/thrift-logger/target/lib/util-eval_2.11-6.43.0.jar
[INFO] Copying logback-core-1.1.8.jar to /workspaces/master-thesis-pascal-joos/code_cure_agent/cca_workspace/singer/thrift-logger/target/lib/logback-core-1.1.8.jar
[INFO] Copying scala-logging_2.11-3.9.0.jar to /workspaces/master-thesis-pascal-joos/code_cure_agent/cca_workspace/singer/thrift-logger/target/lib/scala-logging_2.11-3.9.0.jar
[INFO] Copying util-logging_2.11-6.43.0.jar to /workspaces/master-thesis-pascal-joos/code_cure_agent/cca_workspace/singer/thrift-logger/target/lib/util-logging_2.11-6.43.0.jar
[INFO] Copying scala-library-2.11.8.jar to /workspaces/master-thesis-pascal-joos/code_cure_agent/cca_workspace/singer/thrift-logger/target/lib/scala-library-2.11.8.jar
[INFO] Copying kafka_2.11-2.1.0.jar to /workspaces/master-thesis-pascal-joos/code_cure_agent/cca_workspace/singer/thrift-logger/target/lib/kafka_2.11-2.1.0.jar
[INFO] Copying ostrich_2.11-9.27.0.jar to /workspaces/master-thesis-pascal-joos/code_cure_agent/cca_workspace/singer/thrift-logger/target/lib/ostrich_2.11-9.27.0.jar
[INFO] Copying paranamer-2.8.jar to /workspaces/master-thesis-pascal-joos/code_cure_agent/cca_workspace/singer/thrift-logger/target/lib/paranamer-2.8.jar
[INFO] Copying junit-jupiter-engine-5.3.1.jar to /workspaces/master-thesis-pascal-joos/code_cure_agent/cca_workspace/singer/thrift-logger/target/lib/junit-jupiter-engine-5.3.1.jar
[INFO] Copying util-function_2.11-6.43.0.jar to /workspaces/master-thesis-pascal-joos/code_cure_agent/cca_workspace/singer/thrift-logger/target/lib/util-function_2.11-6.43.0.jar
[INFO] Copying util-system-mocks-0.0.104.jar to /workspaces/master-thesis-pascal-joos/code_cure_agent/cca_workspace/singer/thrift-logger/target/lib/util-system-mocks-0.0.104.jar
[INFO] Copying scala-xml_2.11-1.0.4.jar to /workspaces/master-thesis-pascal-joos/code_cure_agent/cca_workspace/singer/thrift-logger/target/lib/scala-xml_2.11-1.0.4.jar
[INFO] Copying zstd-jni-1.3.5-4.jar to /workspaces/master-thesis-pascal-joos/code_cure_agent/cca_workspace/singer/thrift-logger/target/lib/zstd-jni-1.3.5-4.jar
[INFO] Copying audience-annotations-0.5.0.jar to /workspaces/master-thesis-pascal-joos/code_cure_agent/cca_workspace/singer/thrift-logger/target/lib/audience-annotations-0.5.0.jar
[INFO] Copying util-app_2.11-6.43.0.jar to /workspaces/master-thesis-pascal-joos/code_cure_agent/cca_workspace/singer/thrift-logger/target/lib/util-app_2.11-6.43.0.jar
[INFO] Copying scala-reflect-2.11.12.jar to /workspaces/master-thesis-pascal-joos/code_cure_agent/cca_workspace/singer/thrift-logger/target/lib/scala-reflect-2.11.12.jar
[INFO] Copying util-registry_2.11-6.43.0.jar to /workspaces/master-thesis-pascal-joos/code_cure_agent/cca_workspace/singer/thrift-logger/target/lib/util-registry_2.11-6.43.0.jar
[INFO] Copying junit-platform-commons-1.3.1.jar to /workspaces/master-thesis-pascal-joos/code_cure_agent/cca_workspace/singer/thrift-logger/target/lib/junit-platform-commons-1.3.1.jar
[INFO] Copying commons-logging-1.2.jar to /workspaces/master-thesis-pascal-joos/code_cure_agent/cca_workspace/singer/thrift-logger/target/lib/commons-logging-1.2.jar
[INFO] Copying guava-16.0.1.jar to /workspaces/master-thesis-pascal-joos/code_cure_agent/cca_workspace/singer/thrift-logger/target/lib/guava-16.0.1.jar
[INFO] Copying util-jvm_2.11-6.43.0.jar to /workspaces/master-thesis-pascal-joos/code_cure_agent/cca_workspace/singer/thrift-logger/target/lib/util-jvm_2.11-6.43.0.jar
[INFO] Copying jackson-core-2.8.4.jar to /workspaces/master-thesis-pascal-joos/code_cure_agent/cca_workspace/singer/thrift-logger/target/lib/jackson-core-2.8.4.jar
[INFO] Copying caffeine-2.3.4.jar to /workspaces/master-thesis-pascal-joos/code_cure_agent/cca_workspace/singer/thrift-logger/target/lib/caffeine-2.3.4.jar
[INFO] Copying slf4j-api-1.7.2.jar to /workspaces/master-thesis-pascal-joos/code_cure_agent/cca_workspace/singer/thrift-logger/target/lib/slf4j-api-1.7.2.jar
[INFO] Copying apiguardian-api-1.0.0.jar to /workspaces/master-thesis-pascal-joos/code_cure_agent/cca_workspace/singer/thrift-logger/target/lib/apiguardian-api-1.0.0.jar
[INFO] Copying jackson-module-scala_2.11-2.8.4.jar to /workspaces/master-thesis-pascal-joos/code_cure_agent/cca_workspace/singer/thrift-logger/target/lib/jackson-module-scala_2.11-2.8.4.jar
[INFO] Copying kafka-clients-2.1.0.jar to /workspaces/master-thesis-pascal-joos/code_cure_agent/cca_workspace/singer/thrift-logger/target/lib/kafka-clients-2.1.0.jar
[INFO] Copying commons-lang-2.6.jar to /workspaces/master-thesis-pascal-joos/code_cure_agent/cca_workspace/singer/thrift-logger/target/lib/commons-lang-2.6.jar
[INFO] Copying libthrift-0.12.0.jar to /workspaces/master-thesis-pascal-joos/code_cure_agent/cca_workspace/singer/thrift-logger/target/lib/libthrift-0.12.0.jar
[INFO] Copying opentest4j-1.1.1.jar to /workspaces/master-thesis-pascal-joos/code_cure_agent/cca_workspace/singer/thrift-logger/target/lib/opentest4j-1.1.1.jar
[INFO] Copying jackson-module-paranamer-2.8.4.jar to /workspaces/master-thesis-pascal-joos/code_cure_agent/cca_workspace/singer/thrift-logger/target/lib/jackson-module-paranamer-2.8.4.jar
[INFO] Copying metrics-core-2.2.0.jar to /workspaces/master-thesis-pascal-joos/code_cure_agent/cca_workspace/singer/thrift-logger/target/lib/metrics-core-2.2.0.jar
[INFO] Copying quantity-0.0.99.jar to /workspaces/master-thesis-pascal-joos/code_cure_agent/cca_workspace/singer/thrift-logger/target/lib/quantity-0.0.99.jar
[INFO] Copying singer-commons-0.8.0.39.jar to /workspaces/master-thesis-pascal-joos/code_cure_agent/cca_workspace/singer/thrift-logger/target/lib/singer-commons-0.8.0.39.jar
[INFO] Copying commons-configuration-1.9.jar to /workspaces/master-thesis-pascal-joos/code_cure_agent/cca_workspace/singer/thrift-logger/target/lib/commons-configuration-1.9.jar
[INFO] Copying scala-parser-combinators_2.11-1.0.4.jar to /workspaces/master-thesis-pascal-joos/code_cure_agent/cca_workspace/singer/thrift-logger/target/lib/scala-parser-combinators_2.11-1.0.4.jar
[INFO] Copying jopt-simple-5.0.4.jar to /workspaces/master-thesis-pascal-joos/code_cure_agent/cca_workspace/singer/thrift-logger/target/lib/jopt-simple-5.0.4.jar
[INFO] Copying commons-codec-1.10.jar to /workspaces/master-thesis-pascal-joos/code_cure_agent/cca_workspace/singer/thrift-logger/target/lib/commons-codec-1.10.jar
[INFO] Copying httpcore-4.4.1.jar to /workspaces/master-thesis-pascal-joos/code_cure_agent/cca_workspace/singer/thrift-logger/target/lib/httpcore-4.4.1.jar
[INFO] Copying lz4-java-1.5.0.jar to /workspaces/master-thesis-pascal-joos/code_cure_agent/cca_workspace/singer/thrift-logger/target/lib/lz4-java-1.5.0.jar
[INFO] Copying util-stats_2.11-6.43.0.jar to /workspaces/master-thesis-pascal-joos/code_cure_agent/cca_workspace/singer/thrift-logger/target/lib/util-stats_2.11-6.43.0.jar
[INFO] Copying collections-0.0.110.jar to /workspaces/master-thesis-pascal-joos/code_cure_agent/cca_workspace/singer/thrift-logger/target/lib/collections-0.0.110.jar
[INFO] Copying zookeeper-3.4.13.jar to /workspaces/master-thesis-pascal-joos/code_cure_agent/cca_workspace/singer/thrift-logger/target/lib/zookeeper-3.4.13.jar
[INFO] Copying jackson-databind-2.8.4.jar to /workspaces/master-thesis-pascal-joos/code_cure_agent/cca_workspace/singer/thrift-logger/target/lib/jackson-databind-2.8.4.jar
[INFO] Copying zkclient-0.10.jar to /workspaces/master-thesis-pascal-joos/code_cure_agent/cca_workspace/singer/thrift-logger/target/lib/zkclient-0.10.jar
[INFO] Copying httpclient-4.5.6.jar to /workspaces/master-thesis-pascal-joos/code_cure_agent/cca_workspace/singer/thrift-logger/target/lib/httpclient-4.5.6.jar
[INFO] Copying util-lint_2.11-6.43.0.jar to /workspaces/master-thesis-pascal-joos/code_cure_agent/cca_workspace/singer/thrift-logger/target/lib/util-lint_2.11-6.43.0.jar
[INFO] Copying base-0.0.115.jar to /workspaces/master-thesis-pascal-joos/code_cure_agent/cca_workspace/singer/thrift-logger/target/lib/base-0.0.115.jar
[INFO] Copying junit-platform-engine-1.3.1.jar to /workspaces/master-thesis-pascal-joos/code_cure_agent/cca_workspace/singer/thrift-logger/target/lib/junit-platform-engine-1.3.1.jar
[INFO] Copying junit-jupiter-api-5.3.1.jar to /workspaces/master-thesis-pascal-joos/code_cure_agent/cca_workspace/singer/thrift-logger/target/lib/junit-jupiter-api-5.3.1.jar
[INFO] Copying util-core_2.11-6.43.0.jar to /workspaces/master-thesis-pascal-joos/code_cure_agent/cca_workspace/singer/thrift-logger/target/lib/util-core_2.11-6.43.0.jar
[INFO] Copying scala-compiler-2.11.8.jar to /workspaces/master-thesis-pascal-joos/code_cure_agent/cca_workspace/singer/thrift-logger/target/lib/scala-compiler-2.11.8.jar
[INFO] Copying jackson-annotations-2.8.4.jar to /workspaces/master-thesis-pascal-joos/code_cure_agent/cca_workspace/singer/thrift-logger/target/lib/jackson-annotations-2.8.4.jar
[INFO] Copying snappy-java-1.1.7.2.jar to /workspaces/master-thesis-pascal-joos/code_cure_agent/cca_workspace/singer/thrift-logger/target/lib/snappy-java-1.1.7.2.jar
[INFO] 
[INFO] --- maven-javadoc-plugin:2.9.1:jar (attach-javadocs) @ thrift-logger ---
[ERROR] Error fetching link: /workspaces/master-thesis-pascal-joos/code_cure_agent/cca_workspace/singer/singer-commons/target/apidocs/package-list. Ignored it.
[INFO] 
Loading source files for package com.pinterest.singer.client...
Loading source files for package com.pinterest.singer.client.logback...
Loading source files for package com.pinterest.singer.loggingaudit.thrift.configuration...
Loading source files for package com.pinterest.singer.loggingaudit.thrift...
Loading source files for package com.pinterest.singer.thrift...
Loading source files for package com.pinterest.singer.thrift.configuration...
Constructing Javadoc information...
Standard Doclet version 11.0.27
Building tree for all the packages and classes...
Generating /workspaces/master-thesis-pascal-joos/code_cure_agent/cca_workspace/singer/thrift-logger/target/apidocs/com/pinterest/singer/client/AuditableLogbackThriftLogger.html...
Generating /workspaces/master-thesis-pascal-joos/code_cure_agent/cca_workspace/singer/thrift-logger/target/apidocs/com/pinterest/singer/client/BaseThriftLogger.html...
Generating /workspaces/master-thesis-pascal-joos/code_cure_agent/cca_workspace/singer/thrift-logger/target/apidocs/com/pinterest/singer/client/BaseThriftLoggerFactory.html...
Generating /workspaces/master-thesis-pascal-joos/code_cure_agent/cca_workspace/singer/thrift-logger/target/apidocs/com/pinterest/singer/client/LogbackThriftLogger.html...
Generating /workspaces/master-thesis-pascal-joos/code_cure_agent/cca_workspace/singer/thrift-logger/target/apidocs/com/pinterest/singer/client/MockThriftLogger.html...
Generating /workspaces/master-thesis-pascal-joos/code_cure_agent/cca_workspace/singer/thrift-logger/target/apidocs/com/pinterest/singer/client/NoopLogger.html...
Generating /workspaces/master-thesis-pascal-joos/code_cure_agent/cca_workspace/singer/thrift-logger/target/apidocs/com/pinterest/singer/client/ThriftCodec.html...
Generating /workspaces/master-thesis-pascal-joos/code_cure_agent/cca_workspace/singer/thrift-logger/target/apidocs/com/pinterest/singer/client/ThriftLogger.html...
Generating /workspaces/master-thesis-pascal-joos/code_cure_agent/cca_workspace/singer/thrift-logger/target/apidocs/com/pinterest/singer/client/ThriftLoggerConfig.html...
Generating /workspaces/master-thesis-pascal-joos/code_cure_agent/cca_workspace/singer/thrift-logger/target/apidocs/com/pinterest/singer/client/ThriftLoggerFactory.html...
Generating /workspaces/master-thesis-pascal-joos/code_cure_agent/cca_workspace/singer/thrift-logger/target/apidocs/com/pinterest/singer/client/ThriftLoggerFactory.ThriftLoggerFactoryInterface.html...
Generating /workspaces/master-thesis-pascal-joos/code_cure_agent/cca_workspace/singer/thrift-logger/target/apidocs/com/pinterest/singer/client/logback/AppenderUtils.html...
Generating /workspaces/master-thesis-pascal-joos/code_cure_agent/cca_workspace/singer/thrift-logger/target/apidocs/com/pinterest/singer/client/logback/AppenderUtils.LogMessageEncoder.html...
Generating /workspaces/master-thesis-pascal-joos/code_cure_agent/cca_workspace/singer/thrift-logger/target/apidocs/com/pinterest/singer/client/logback/AuditableLogbackThriftLoggerFactory.html...
Generating /workspaces/master-thesis-pascal-joos/code_cure_agent/cca_workspace/singer/thrift-logger/target/apidocs/com/pinterest/singer/client/logback/LogbackThriftLoggerFactory.html...
Generating /workspaces/master-thesis-pascal-joos/code_cure_agent/cca_workspace/singer/thrift-logger/target/apidocs/com/pinterest/singer/loggingaudit/thrift/AuditDemoLog1Message.html...
Generating /workspaces/master-thesis-pascal-joos/code_cure_agent/cca_workspace/singer/thrift-logger/target/apidocs/com/pinterest/singer/loggingaudit/thrift/AuditDemoLog1Message._Fields.html...
Generating /workspaces/master-thesis-pascal-joos/code_cure_agent/cca_workspace/singer/thrift-logger/target/apidocs/com/pinterest/singer/loggingaudit/thrift/LoggingAuditEvent.html...
Generating /workspaces/master-thesis-pascal-joos/code_cure_agent/cca_workspace/singer/thrift-logger/target/apidocs/com/pinterest/singer/loggingaudit/thrift/LoggingAuditEvent._Fields.html...
Generating /workspaces/master-thesis-pascal-joos/code_cure_agent/cca_workspace/singer/thrift-logger/target/apidocs/com/pinterest/singer/loggingaudit/thrift/LoggingAuditHeaders.html...
Generating /workspaces/master-thesis-pascal-joos/code_cure_agent/cca_workspace/singer/thrift-logger/target/apidocs/com/pinterest/singer/loggingaudit/thrift/LoggingAuditHeaders._Fields.html...
Generating /workspaces/master-thesis-pascal-joos/code_cure_agent/cca_workspace/singer/thrift-logger/target/apidocs/com/pinterest/singer/loggingaudit/thrift/LoggingAuditStage.html...
Generating /workspaces/master-thesis-pascal-joos/code_cure_agent/cca_workspace/singer/thrift-logger/target/apidocs/com/pinterest/singer/loggingaudit/thrift/configuration/AuditConfig.html...
Generating /workspaces/master-thesis-pascal-joos/code_cure_agent/cca_workspace/singer/thrift-logger/target/apidocs/com/pinterest/singer/loggingaudit/thrift/configuration/AuditConfig._Fields.html...
Generating /workspaces/master-thesis-pascal-joos/code_cure_agent/cca_workspace/singer/thrift-logger/target/apidocs/com/pinterest/singer/loggingaudit/thrift/configuration/KafkaSenderConfig.html...
Generating /workspaces/master-thesis-pascal-joos/code_cure_agent/cca_workspace/singer/thrift-logger/target/apidocs/com/pinterest/singer/loggingaudit/thrift/configuration/KafkaSenderConfig._Fields.html...
Generating /workspaces/master-thesis-pascal-joos/code_cure_agent/cca_workspace/singer/thrift-logger/target/apidocs/com/pinterest/singer/loggingaudit/thrift/configuration/LoggingAuditClientConfig.html...
Generating /workspaces/master-thesis-pascal-joos/code_cure_agent/cca_workspace/singer/thrift-logger/target/apidocs/com/pinterest/singer/loggingaudit/thrift/configuration/LoggingAuditClientConfig._Fields.html...
Generating /workspaces/master-thesis-pascal-joos/code_cure_agent/cca_workspace/singer/thrift-logger/target/apidocs/com/pinterest/singer/loggingaudit/thrift/configuration/LoggingAuditEventSenderConfig.html...
Generating /workspaces/master-thesis-pascal-joos/code_cure_agent/cca_workspace/singer/thrift-logger/target/apidocs/com/pinterest/singer/loggingaudit/thrift/configuration/LoggingAuditEventSenderConfig._Fields.html...
Generating /workspaces/master-thesis-pascal-joos/code_cure_agent/cca_workspace/singer/thrift-logger/target/apidocs/com/pinterest/singer/loggingaudit/thrift/configuration/SenderType.html...
Generating /workspaces/master-thesis-pascal-joos/code_cure_agent/cca_workspace/singer/thrift-logger/target/apidocs/com/pinterest/singer/thrift/AuditMessage.html...
Generating /workspaces/master-thesis-pascal-joos/code_cure_agent/cca_workspace/singer/thrift-logger/target/apidocs/com/pinterest/singer/thrift/AuditMessage._Fields.html...
Generating /workspaces/master-thesis-pascal-joos/code_cure_agent/cca_workspace/singer/thrift-logger/target/apidocs/com/pinterest/singer/thrift/Event.html...
Generating /workspaces/master-thesis-pascal-joos/code_cure_agent/cca_workspace/singer/thrift-logger/target/apidocs/com/pinterest/singer/thrift/Event._Fields.html...
Generating /workspaces/master-thesis-pascal-joos/code_cure_agent/cca_workspace/singer/thrift-logger/target/apidocs/com/pinterest/singer/thrift/LogFile.html...
Generating /workspaces/master-thesis-pascal-joos/code_cure_agent/cca_workspace/singer/thrift-logger/target/apidocs/com/pinterest/singer/thrift/LogFile._Fields.html...
Generating /workspaces/master-thesis-pascal-joos/code_cure_agent/cca_workspace/singer/thrift-logger/target/apidocs/com/pinterest/singer/thrift/LogFileAndPath.html...
Generating /workspaces/master-thesis-pascal-joos/code_cure_agent/cca_workspace/singer/thrift-logger/target/apidocs/com/pinterest/singer/thrift/LogFileAndPath._Fields.html...
Generating /workspaces/master-thesis-pascal-joos/code_cure_agent/cca_workspace/singer/thrift-logger/target/apidocs/com/pinterest/singer/thrift/LogMessage.html...
Generating /workspaces/master-thesis-pascal-joos/code_cure_agent/cca_workspace/singer/thrift-logger/target/apidocs/com/pinterest/singer/thrift/LogMessage._Fields.html...
Generating /workspaces/master-thesis-pascal-joos/code_cure_agent/cca_workspace/singer/thrift-logger/target/apidocs/com/pinterest/singer/thrift/LogMessageAndPosition.html...
Generating /workspaces/master-thesis-pascal-joos/code_cure_agent/cca_workspace/singer/thrift-logger/target/apidocs/com/pinterest/singer/thrift/LogMessageAndPosition._Fields.html...
Generating /workspaces/master-thesis-pascal-joos/code_cure_agent/cca_workspace/singer/thrift-logger/target/apidocs/com/pinterest/singer/thrift/LogPosition.html...
Generating /workspaces/master-thesis-pascal-joos/code_cure_agent/cca_workspace/singer/thrift-logger/target/apidocs/com/pinterest/singer/thrift/LogPosition._Fields.html...
Generating /workspaces/master-thesis-pascal-joos/code_cure_agent/cca_workspace/singer/thrift-logger/target/apidocs/com/pinterest/singer/thrift/TextMessage.html...
Generating /workspaces/master-thesis-pascal-joos/code_cure_agent/cca_workspace/singer/thrift-logger/target/apidocs/com/pinterest/singer/thrift/TextMessage._Fields.html...
Generating /workspaces/master-thesis-pascal-joos/code_cure_agent/cca_workspace/singer/thrift-logger/target/apidocs/com/pinterest/singer/thrift/ThriftMessage.html...
Generating /workspaces/master-thesis-pascal-joos/code_cure_agent/cca_workspace/singer/thrift-logger/target/apidocs/com/pinterest/singer/thrift/ThriftMessage._Fields.html...
Generating /workspaces/master-thesis-pascal-joos/code_cure_agent/cca_workspace/singer/thrift-logger/target/apidocs/com/pinterest/singer/thrift/configuration/FileNameMatchMode.html...
Generating /workspaces/master-thesis-pascal-joos/code_cure_agent/cca_workspace/singer/thrift-logger/target/apidocs/com/pinterest/singer/thrift/configuration/HeartbeatWriterConfig.html...
Generating /workspaces/master-thesis-pascal-joos/code_cure_agent/cca_workspace/singer/thrift-logger/target/apidocs/com/pinterest/singer/thrift/configuration/HeartbeatWriterConfig._Fields.html...
Generating /workspaces/master-thesis-pascal-joos/code_cure_agent/cca_workspace/singer/thrift-logger/target/apidocs/com/pinterest/singer/thrift/configuration/KafkaProducerConfig.html...
Generating /workspaces/master-thesis-pascal-joos/code_cure_agent/cca_workspace/singer/thrift-logger/target/apidocs/com/pinterest/singer/thrift/configuration/KafkaProducerConfig._Fields.html...
Generating /workspaces/master-thesis-pascal-joos/code_cure_agent/cca_workspace/singer/thrift-logger/target/apidocs/com/pinterest/singer/thrift/configuration/KafkaWriterConfig.html...
Generating /workspaces/master-thesis-pascal-joos/code_cure_agent/cca_workspace/singer/thrift-logger/target/apidocs/com/pinterest/singer/thrift/configuration/KafkaWriterConfig._Fields.html...
Generating /workspaces/master-thesis-pascal-joos/code_cure_agent/cca_workspace/singer/thrift-logger/target/apidocs/com/pinterest/singer/thrift/configuration/KubeConfig.html...
Generating /workspaces/master-thesis-pascal-joos/code_cure_agent/cca_workspace/singer/thrift-logger/target/apidocs/com/pinterest/singer/thrift/configuration/KubeConfig._Fields.html...
Generating /workspaces/master-thesis-pascal-joos/code_cure_agent/cca_workspace/singer/thrift-logger/target/apidocs/com/pinterest/singer/thrift/configuration/LogMonitorConfig.html...
Generating /workspaces/master-thesis-pascal-joos/code_cure_agent/cca_workspace/singer/thrift-logger/target/apidocs/com/pinterest/singer/thrift/configuration/LogMonitorConfig._Fields.html...
Generating /workspaces/master-thesis-pascal-joos/code_cure_agent/cca_workspace/singer/thrift-logger/target/apidocs/com/pinterest/singer/thrift/configuration/LogStreamProcessorConfig.html...
Generating /workspaces/master-thesis-pascal-joos/code_cure_agent/cca_workspace/singer/thrift-logger/target/apidocs/com/pinterest/singer/thrift/configuration/LogStreamProcessorConfig._Fields.html...
Generating /workspaces/master-thesis-pascal-joos/code_cure_agent/cca_workspace/singer/thrift-logger/target/apidocs/com/pinterest/singer/thrift/configuration/LogStreamReaderConfig.html...
Generating /workspaces/master-thesis-pascal-joos/code_cure_agent/cca_workspace/singer/thrift-logger/target/apidocs/com/pinterest/singer/thrift/configuration/LogStreamReaderConfig._Fields.html...
Generating /workspaces/master-thesis-pascal-joos/code_cure_agent/cca_workspace/singer/thrift-logger/target/apidocs/com/pinterest/singer/thrift/configuration/LogStreamWriterConfig.html...
Generating /workspaces/master-thesis-pascal-joos/code_cure_agent/cca_workspace/singer/thrift-logger/target/apidocs/com/pinterest/singer/thrift/configuration/LogStreamWriterConfig._Fields.html...
Generating /workspaces/master-thesis-pascal-joos/code_cure_agent/cca_workspace/singer/thrift-logger/target/apidocs/com/pinterest/singer/thrift/configuration/MemqAuditorConfig.html...
Generating /workspaces/master-thesis-pascal-joos/code_cure_agent/cca_workspace/singer/thrift-logger/target/apidocs/com/pinterest/singer/thrift/configuration/MemqAuditorConfig._Fields.html...
Generating /workspaces/master-thesis-pascal-joos/code_cure_agent/cca_workspace/singer/thrift-logger/target/apidocs/com/pinterest/singer/thrift/configuration/MemqWriterConfig.html...
Generating /workspaces/master-thesis-pascal-joos/code_cure_agent/cca_workspace/singer/thrift-logger/target/apidocs/com/pinterest/singer/thrift/configuration/MemqWriterConfig._Fields.html...
Generating /workspaces/master-thesis-pascal-joos/code_cure_agent/cca_workspace/singer/thrift-logger/target/apidocs/com/pinterest/singer/thrift/configuration/NoOpWriteConfig.html...
Generating /workspaces/master-thesis-pascal-joos/code_cure_agent/cca_workspace/singer/thrift-logger/target/apidocs/com/pinterest/singer/thrift/configuration/NoOpWriteConfig._Fields.html...
Generating /workspaces/master-thesis-pascal-joos/code_cure_agent/cca_workspace/singer/thrift-logger/target/apidocs/com/pinterest/singer/thrift/configuration/PulsarProducerConfig.html...
Generating /workspaces/master-thesis-pascal-joos/code_cure_agent/cca_workspace/singer/thrift-logger/target/apidocs/com/pinterest/singer/thrift/configuration/PulsarProducerConfig._Fields.html...
Generating /workspaces/master-thesis-pascal-joos/code_cure_agent/cca_workspace/singer/thrift-logger/target/apidocs/com/pinterest/singer/thrift/configuration/PulsarWriterConfig.html...
Generating /workspaces/master-thesis-pascal-joos/code_cure_agent/cca_workspace/singer/thrift-logger/target/apidocs/com/pinterest/singer/thrift/configuration/PulsarWriterConfig._Fields.html...
Generating /workspaces/master-thesis-pascal-joos/code_cure_agent/cca_workspace/singer/thrift-logger/target/apidocs/com/pinterest/singer/thrift/configuration/ReaderType.html...
Generating /workspaces/master-thesis-pascal-joos/code_cure_agent/cca_workspace/singer/thrift-logger/target/apidocs/com/pinterest/singer/thrift/configuration/RealpinObjectType.html...
Generating /workspaces/master-thesis-pascal-joos/code_cure_agent/cca_workspace/singer/thrift-logger/target/apidocs/com/pinterest/singer/thrift/configuration/RealpinWriterConfig.html...
Generating /workspaces/master-thesis-pascal-joos/code_cure_agent/cca_workspace/singer/thrift-logger/target/apidocs/com/pinterest/singer/thrift/configuration/RealpinWriterConfig._Fields.html...
Generating /workspaces/master-thesis-pascal-joos/code_cure_agent/cca_workspace/singer/thrift-logger/target/apidocs/com/pinterest/singer/thrift/configuration/SingerConfig.html...
Generating /workspaces/master-thesis-pascal-joos/code_cure_agent/cca_workspace/singer/thrift-logger/target/apidocs/com/pinterest/singer/thrift/configuration/SingerConfig._Fields.html...
Generating /workspaces/master-thesis-pascal-joos/code_cure_agent/cca_workspace/singer/thrift-logger/target/apidocs/com/pinterest/singer/thrift/configuration/SingerLogConfig.html...
Generating /workspaces/master-thesis-pascal-joos/code_cure_agent/cca_workspace/singer/thrift-logger/target/apidocs/com/pinterest/singer/thrift/configuration/SingerLogConfig._Fields.html...
Generating /workspaces/master-thesis-pascal-joos/code_cure_agent/cca_workspace/singer/thrift-logger/target/apidocs/com/pinterest/singer/thrift/configuration/SingerRestartConfig.html...
Generating /workspaces/master-thesis-pascal-joos/code_cure_agent/cca_workspace/singer/thrift-logger/target/apidocs/com/pinterest/singer/thrift/configuration/SingerRestartConfig._Fields.html...
Generating /workspaces/master-thesis-pascal-joos/code_cure_agent/cca_workspace/singer/thrift-logger/target/apidocs/com/pinterest/singer/thrift/configuration/TextLogMessageType.html...
Generating /workspaces/master-thesis-pascal-joos/code_cure_agent/cca_workspace/singer/thrift-logger/target/apidocs/com/pinterest/singer/thrift/configuration/TextReaderConfig.html...
Generating /workspaces/master-thesis-pascal-joos/code_cure_agent/cca_workspace/singer/thrift-logger/target/apidocs/com/pinterest/singer/thrift/configuration/TextReaderConfig._Fields.html...
Generating /workspaces/master-thesis-pascal-joos/code_cure_agent/cca_workspace/singer/thrift-logger/target/apidocs/com/pinterest/singer/thrift/configuration/ThriftReaderConfig.html...
Generating /workspaces/master-thesis-pascal-joos/code_cure_agent/cca_workspace/singer/thrift-logger/target/apidocs/com/pinterest/singer/thrift/configuration/ThriftReaderConfig._Fields.html...
Generating /workspaces/master-thesis-pascal-joos/code_cure_agent/cca_workspace/singer/thrift-logger/target/apidocs/com/pinterest/singer/thrift/configuration/WriterType.html...
Generating /workspaces/master-thesis-pascal-joos/code_cure_agent/cca_workspace/singer/thrift-logger/target/apidocs/com/pinterest/singer/client/package-summary.html...
Generating /workspaces/master-thesis-pascal-joos/code_cure_agent/cca_workspace/singer/thrift-logger/target/apidocs/com/pinterest/singer/client/package-tree.html...
Generating /workspaces/master-thesis-pascal-joos/code_cure_agent/cca_workspace/singer/thrift-logger/target/apidocs/com/pinterest/singer/client/logback/package-summary.html...
Generating /workspaces/master-thesis-pascal-joos/code_cure_agent/cca_workspace/singer/thrift-logger/target/apidocs/com/pinterest/singer/client/logback/package-tree.html...
Generating /workspaces/master-thesis-pascal-joos/code_cure_agent/cca_workspace/singer/thrift-logger/target/apidocs/com/pinterest/singer/loggingaudit/thrift/package-summary.html...
Generating /workspaces/master-thesis-pascal-joos/code_cure_agent/cca_workspace/singer/thrift-logger/target/apidocs/com/pinterest/singer/loggingaudit/thrift/package-tree.html...
Generating /workspaces/master-thesis-pascal-joos/code_cure_agent/cca_workspace/singer/thrift-logger/target/apidocs/com/pinterest/singer/loggingaudit/thrift/configuration/package-summary.html...
Generating /workspaces/master-thesis-pascal-joos/code_cure_agent/cca_workspace/singer/thrift-logger/target/apidocs/com/pinterest/singer/loggingaudit/thrift/configuration/package-tree.html...
Generating /workspaces/master-thesis-pascal-joos/code_cure_agent/cca_workspace/singer/thrift-logger/target/apidocs/com/pinterest/singer/thrift/package-summary.html...
Generating /workspaces/master-thesis-pascal-joos/code_cure_agent/cca_workspace/singer/thrift-logger/target/apidocs/com/pinterest/singer/thrift/package-tree.html...
Generating /workspaces/master-thesis-pascal-joos/code_cure_agent/cca_workspace/singer/thrift-logger/target/apidocs/com/pinterest/singer/thrift/configuration/package-summary.html...
Generating /workspaces/master-thesis-pascal-joos/code_cure_agent/cca_workspace/singer/thrift-logger/target/apidocs/com/pinterest/singer/thrift/configuration/package-tree.html...
Generating /workspaces/master-thesis-pascal-joos/code_cure_agent/cca_workspace/singer/thrift-logger/target/apidocs/constant-values.html...
Generating /workspaces/master-thesis-pascal-joos/code_cure_agent/cca_workspace/singer/thrift-logger/target/apidocs/serialized-form.html...
Generating /workspaces/master-thesis-pascal-joos/code_cure_agent/cca_workspace/singer/thrift-logger/target/apidocs/com/pinterest/singer/client/class-use/BaseThriftLoggerFactory.html...
Generating /workspaces/master-thesis-pascal-joos/code_cure_agent/cca_workspace/singer/thrift-logger/target/apidocs/com/pinterest/singer/client/class-use/ThriftCodec.html...
Generating /workspaces/master-thesis-pascal-joos/code_cure_agent/cca_workspace/singer/thrift-logger/target/apidocs/com/pinterest/singer/client/class-use/LogbackThriftLogger.html...
Generating /workspaces/master-thesis-pascal-joos/code_cure_agent/cca_workspace/singer/thrift-logger/target/apidocs/com/pinterest/singer/client/class-use/ThriftLoggerFactory.html...
Generating /workspaces/master-thesis-pascal-joos/code_cure_agent/cca_workspace/singer/thrift-logger/target/apidocs/com/pinterest/singer/client/class-use/ThriftLoggerFactory.ThriftLoggerFactoryInterface.html...
Generating /workspaces/master-thesis-pascal-joos/code_cure_agent/cca_workspace/singer/thrift-logger/target/apidocs/com/pinterest/singer/client/class-use/BaseThriftLogger.html...
Generating /workspaces/master-thesis-pascal-joos/code_cure_agent/cca_workspace/singer/thrift-logger/target/apidocs/com/pinterest/singer/client/class-use/NoopLogger.html...
Generating /workspaces/master-thesis-pascal-joos/code_cure_agent/cca_workspace/singer/thrift-logger/target/apidocs/com/pinterest/singer/client/class-use/MockThriftLogger.html...
Generating /workspaces/master-thesis-pascal-joos/code_cure_agent/cca_workspace/singer/thrift-logger/target/apidocs/com/pinterest/singer/client/class-use/ThriftLogger.html...
Generating /workspaces/master-thesis-pascal-joos/code_cure_agent/cca_workspace/singer/thrift-logger/target/apidocs/com/pinterest/singer/client/class-use/ThriftLoggerConfig.html...
Generating /workspaces/master-thesis-pascal-joos/code_cure_agent/cca_workspace/singer/thrift-logger/target/apidocs/com/pinterest/singer/client/class-use/AuditableLogbackThriftLogger.html...
Generating /workspaces/master-thesis-pascal-joos/code_cure_agent/cca_workspace/singer/thrift-logger/target/apidocs/com/pinterest/singer/client/logback/class-use/AuditableLogbackThriftLoggerFactory.html...
Generating /workspaces/master-thesis-pascal-joos/code_cure_agent/cca_workspace/singer/thrift-logger/target/apidocs/com/pinterest/singer/client/logback/class-use/LogbackThriftLoggerFactory.html...
Generating /workspaces/master-thesis-pascal-joos/code_cure_agent/cca_workspace/singer/thrift-logger/target/apidocs/com/pinterest/singer/client/logback/class-use/AppenderUtils.html...
Generating /workspaces/master-thesis-pascal-joos/code_cure_agent/cca_workspace/singer/thrift-logger/target/apidocs/com/pinterest/singer/client/logback/class-use/AppenderUtils.LogMessageEncoder.html...
Generating /workspaces/master-thesis-pascal-joos/code_cure_agent/cca_workspace/singer/thrift-logger/target/apidocs/com/pinterest/singer/loggingaudit/thrift/configuration/class-use/AuditConfig.html...
Generating /workspaces/master-thesis-pascal-joos/code_cure_agent/cca_workspace/singer/thrift-logger/target/apidocs/com/pinterest/singer/loggingaudit/thrift/configuration/class-use/AuditConfig._Fields.html...
Generating /workspaces/master-thesis-pascal-joos/code_cure_agent/cca_workspace/singer/thrift-logger/target/apidocs/com/pinterest/singer/loggingaudit/thrift/configuration/class-use/KafkaSenderConfig.html...
Generating /workspaces/master-thesis-pascal-joos/code_cure_agent/cca_workspace/singer/thrift-logger/target/apidocs/com/pinterest/singer/loggingaudit/thrift/configuration/class-use/KafkaSenderConfig._Fields.html...
Generating /workspaces/master-thesis-pascal-joos/code_cure_agent/cca_workspace/singer/thrift-logger/target/apidocs/com/pinterest/singer/loggingaudit/thrift/configuration/class-use/LoggingAuditClientConfig.html...
Generating /workspaces/master-thesis-pascal-joos/code_cure_agent/cca_workspace/singer/thrift-logger/target/apidocs/com/pinterest/singer/loggingaudit/thrift/configuration/class-use/LoggingAuditClientConfig._Fields.html...
Generating /workspaces/master-thesis-pascal-joos/code_cure_agent/cca_workspace/singer/thrift-logger/target/apidocs/com/pinterest/singer/loggingaudit/thrift/configuration/class-use/LoggingAuditEventSenderConfig.html...
Generating /workspaces/master-thesis-pascal-joos/code_cure_agent/cca_workspace/singer/thrift-logger/target/apidocs/com/pinterest/singer/loggingaudit/thrift/configuration/class-use/LoggingAuditEventSenderConfig._Fields.html...
Generating /workspaces/master-thesis-pascal-joos/code_cure_agent/cca_workspace/singer/thrift-logger/target/apidocs/com/pinterest/singer/loggingaudit/thrift/configuration/class-use/SenderType.html...
Generating /workspaces/master-thesis-pascal-joos/code_cure_agent/cca_workspace/singer/thrift-logger/target/apidocs/com/pinterest/singer/loggingaudit/thrift/class-use/AuditDemoLog1Message.html...
Generating /workspaces/master-thesis-pascal-joos/code_cure_agent/cca_workspace/singer/thrift-logger/target/apidocs/com/pinterest/singer/loggingaudit/thrift/class-use/AuditDemoLog1Message._Fields.html...
Generating /workspaces/master-thesis-pascal-joos/code_cure_agent/cca_workspace/singer/thrift-logger/target/apidocs/com/pinterest/singer/loggingaudit/thrift/class-use/LoggingAuditEvent.html...
Generating /workspaces/master-thesis-pascal-joos/code_cure_agent/cca_workspace/singer/thrift-logger/target/apidocs/com/pinterest/singer/loggingaudit/thrift/class-use/LoggingAuditEvent._Fields.html...
Generating /workspaces/master-thesis-pascal-joos/code_cure_agent/cca_workspace/singer/thrift-logger/target/apidocs/com/pinterest/singer/loggingaudit/thrift/class-use/LoggingAuditStage.html...
Generating /workspaces/master-thesis-pascal-joos/code_cure_agent/cca_workspace/singer/thrift-logger/target/apidocs/com/pinterest/singer/loggingaudit/thrift/class-use/LoggingAuditHeaders.html...
Generating /workspaces/master-thesis-pascal-joos/code_cure_agent/cca_workspace/singer/thrift-logger/target/apidocs/com/pinterest/singer/loggingaudit/thrift/class-use/LoggingAuditHeaders._Fields.html...
Generating /workspaces/master-thesis-pascal-joos/code_cure_agent/cca_workspace/singer/thrift-logger/target/apidocs/com/pinterest/singer/thrift/class-use/ThriftMessage.html...
Generating /workspaces/master-thesis-pascal-joos/code_cure_agent/cca_workspace/singer/thrift-logger/target/apidocs/com/pinterest/singer/thrift/class-use/ThriftMessage._Fields.html...
Generating /workspaces/master-thesis-pascal-joos/code_cure_agent/cca_workspace/singer/thrift-logger/target/apidocs/com/pinterest/singer/thrift/class-use/LogMessageAndPosition.html...
Generating /workspaces/master-thesis-pascal-joos/code_cure_agent/cca_workspace/singer/thrift-logger/target/apidocs/com/pinterest/singer/thrift/class-use/LogMessageAndPosition._Fields.html...
Generating /workspaces/master-thesis-pascal-joos/code_cure_agent/cca_workspace/singer/thrift-logger/target/apidocs/com/pinterest/singer/thrift/class-use/LogPosition.html...
Generating /workspaces/master-thesis-pascal-joos/code_cure_agent/cca_workspace/singer/thrift-logger/target/apidocs/com/pinterest/singer/thrift/class-use/LogPosition._Fields.html...
Generating /workspaces/master-thesis-pascal-joos/code_cure_agent/cca_workspace/singer/thrift-logger/target/apidocs/com/pinterest/singer/thrift/class-use/LogFileAndPath.html...
Generating /workspaces/master-thesis-pascal-joos/code_cure_agent/cca_workspace/singer/thrift-logger/target/apidocs/com/pinterest/singer/thrift/class-use/LogFileAndPath._Fields.html...
Generating /workspaces/master-thesis-pascal-joos/code_cure_agent/cca_workspace/singer/thrift-logger/target/apidocs/com/pinterest/singer/thrift/class-use/Event.html...
Generating /workspaces/master-thesis-pascal-joos/code_cure_agent/cca_workspace/singer/thrift-logger/target/apidocs/com/pinterest/singer/thrift/class-use/Event._Fields.html...
Generating /workspaces/master-thesis-pascal-joos/code_cure_agent/cca_workspace/singer/thrift-logger/target/apidocs/com/pinterest/singer/thrift/class-use/LogFile.html...
Generating /workspaces/master-thesis-pascal-joos/code_cure_agent/cca_workspace/singer/thrift-logger/target/apidocs/com/pinterest/singer/thrift/class-use/LogFile._Fields.html...
Generating /workspaces/master-thesis-pascal-joos/code_cure_agent/cca_workspace/singer/thrift-logger/target/apidocs/com/pinterest/singer/thrift/class-use/AuditMessage.html...
Generating /workspaces/master-thesis-pascal-joos/code_cure_agent/cca_workspace/singer/thrift-logger/target/apidocs/com/pinterest/singer/thrift/class-use/AuditMessage._Fields.html...
Generating /workspaces/master-thesis-pascal-joos/code_cure_agent/cca_workspace/singer/thrift-logger/target/apidocs/com/pinterest/singer/thrift/class-use/LogMessage.html...
Generating /workspaces/master-thesis-pascal-joos/code_cure_agent/cca_workspace/singer/thrift-logger/target/apidocs/com/pinterest/singer/thrift/class-use/LogMessage._Fields.html...
Generating /workspaces/master-thesis-pascal-joos/code_cure_agent/cca_workspace/singer/thrift-logger/target/apidocs/com/pinterest/singer/thrift/class-use/TextMessage.html...
Generating /workspaces/master-thesis-pascal-joos/code_cure_agent/cca_workspace/singer/thrift-logger/target/apidocs/com/pinterest/singer/thrift/class-use/TextMessage._Fields.html...
Generating /workspaces/master-thesis-pascal-joos/code_cure_agent/cca_workspace/singer/thrift-logger/target/apidocs/com/pinterest/singer/thrift/configuration/class-use/WriterType.html...
Generating /workspaces/master-thesis-pascal-joos/code_cure_agent/cca_workspace/singer/thrift-logger/target/apidocs/com/pinterest/singer/thrift/configuration/class-use/FileNameMatchMode.html...
Generating /workspaces/master-thesis-pascal-joos/code_cure_agent/cca_workspace/singer/thrift-logger/target/apidocs/com/pinterest/singer/thrift/configuration/class-use/RealpinObjectType.html...
Generating /workspaces/master-thesis-pascal-joos/code_cure_agent/cca_workspace/singer/thrift-logger/target/apidocs/com/pinterest/singer/thrift/configuration/class-use/RealpinWriterConfig.html...
Generating /workspaces/master-thesis-pascal-joos/code_cure_agent/cca_workspace/singer/thrift-logger/target/apidocs/com/pinterest/singer/thrift/configuration/class-use/RealpinWriterConfig._Fields.html...
Generating /workspaces/master-thesis-pascal-joos/code_cure_agent/cca_workspace/singer/thrift-logger/target/apidocs/com/pinterest/singer/thrift/configuration/class-use/PulsarWriterConfig.html...
Generating /workspaces/master-thesis-pascal-joos/code_cure_agent/cca_workspace/singer/thrift-logger/target/apidocs/com/pinterest/singer/thrift/configuration/class-use/PulsarWriterConfig._Fields.html...
Generating /workspaces/master-thesis-pascal-joos/code_cure_agent/cca_workspace/singer/thrift-logger/target/apidocs/com/pinterest/singer/thrift/configuration/class-use/TextLogMessageType.html...
Generating /workspaces/master-thesis-pascal-joos/code_cure_agent/cca_workspace/singer/thrift-logger/target/apidocs/com/pinterest/singer/thrift/configuration/class-use/KafkaWriterConfig.html...
Generating /workspaces/master-thesis-pascal-joos/code_cure_agent/cca_workspace/singer/thrift-logger/target/apidocs/com/pinterest/singer/thrift/configuration/class-use/KafkaWriterConfig._Fields.html...
Generating /workspaces/master-thesis-pascal-joos/code_cure_agent/cca_workspace/singer/thrift-logger/target/apidocs/com/pinterest/singer/thrift/configuration/class-use/KubeConfig.html...
Generating /workspaces/master-thesis-pascal-joos/code_cure_agent/cca_workspace/singer/thrift-logger/target/apidocs/com/pinterest/singer/thrift/configuration/class-use/KubeConfig._Fields.html...
Generating /workspaces/master-thesis-pascal-joos/code_cure_agent/cca_workspace/singer/thrift-logger/target/apidocs/com/pinterest/singer/thrift/configuration/class-use/LogStreamWriterConfig.html...
Generating /workspaces/master-thesis-pascal-joos/code_cure_agent/cca_workspace/singer/thrift-logger/target/apidocs/com/pinterest/singer/thrift/configuration/class-use/LogStreamWriterConfig._Fields.html...
Generating /workspaces/master-thesis-pascal-joos/code_cure_agent/cca_workspace/singer/thrift-logger/target/apidocs/com/pinterest/singer/thrift/configuration/class-use/MemqWriterConfig.html...
Generating /workspaces/master-thesis-pascal-joos/code_cure_agent/cca_workspace/singer/thrift-logger/target/apidocs/com/pinterest/singer/thrift/configuration/class-use/MemqWriterConfig._Fields.html...
Generating /workspaces/master-thesis-pascal-joos/code_cure_agent/cca_workspace/singer/thrift-logger/target/apidocs/com/pinterest/singer/thrift/configuration/class-use/LogStreamProcessorConfig.html...
Generating /workspaces/master-thesis-pascal-joos/code_cure_agent/cca_workspace/singer/thrift-logger/target/apidocs/com/pinterest/singer/thrift/configuration/class-use/LogStreamProcessorConfig._Fields.html...
Generating /workspaces/master-thesis-pascal-joos/code_cure_agent/cca_workspace/singer/thrift-logger/target/apidocs/com/pinterest/singer/thrift/configuration/class-use/MemqAuditorConfig.html...
Generating /workspaces/master-thesis-pascal-joos/code_cure_agent/cca_workspace/singer/thrift-logger/target/apidocs/com/pinterest/singer/thrift/configuration/class-use/MemqAuditorConfig._Fields.html...
Generating /workspaces/master-thesis-pascal-joos/code_cure_agent/cca_workspace/singer/thrift-logger/target/apidocs/com/pinterest/singer/thrift/configuration/class-use/PulsarProducerConfig.html...
Generating /workspaces/master-thesis-pascal-joos/code_cure_agent/cca_workspace/singer/thrift-logger/target/apidocs/com/pinterest/singer/thrift/configuration/class-use/PulsarProducerConfig._Fields.html...
Generating /workspaces/master-thesis-pascal-joos/code_cure_agent/cca_workspace/singer/thrift-logger/target/apidocs/com/pinterest/singer/thrift/configuration/class-use/LogStreamReaderConfig.html...
Generating /workspaces/master-thesis-pascal-joos/code_cure_agent/cca_workspace/singer/thrift-logger/target/apidocs/com/pinterest/singer/thrift/configuration/class-use/LogStreamReaderConfig._Fields.html...
Generating /workspaces/master-thesis-pascal-joos/code_cure_agent/cca_workspace/singer/thrift-logger/target/apidocs/com/pinterest/singer/thrift/configuration/class-use/SingerConfig.html...
Generating /workspaces/master-thesis-pascal-joos/code_cure_agent/cca_workspace/singer/thrift-logger/target/apidocs/com/pinterest/singer/thrift/configuration/class-use/SingerConfig._Fields.html...
Generating /workspaces/master-thesis-pascal-joos/code_cure_agent/cca_workspace/singer/thrift-logger/target/apidocs/com/pinterest/singer/thrift/configuration/class-use/SingerLogConfig.html...
Generating /workspaces/master-thesis-pascal-joos/code_cure_agent/cca_workspace/singer/thrift-logger/target/apidocs/com/pinterest/singer/thrift/configuration/class-use/SingerLogConfig._Fields.html...
Generating /workspaces/master-thesis-pascal-joos/code_cure_agent/cca_workspace/singer/thrift-logger/target/apidocs/com/pinterest/singer/thrift/configuration/class-use/ThriftReaderConfig.html...
Generating /workspaces/master-thesis-pascal-joos/code_cure_agent/cca_workspace/singer/thrift-logger/target/apidocs/com/pinterest/singer/thrift/configuration/class-use/ThriftReaderConfig._Fields.html...
Generating /workspaces/master-thesis-pascal-joos/code_cure_agent/cca_workspace/singer/thrift-logger/target/apidocs/com/pinterest/singer/thrift/configuration/class-use/NoOpWriteConfig.html...
Generating /workspaces/master-thesis-pascal-joos/code_cure_agent/cca_workspace/singer/thrift-logger/target/apidocs/com/pinterest/singer/thrift/configuration/class-use/NoOpWriteConfig._Fields.html...
Generating /workspaces/master-thesis-pascal-joos/code_cure_agent/cca_workspace/singer/thrift-logger/target/apidocs/com/pinterest/singer/thrift/configuration/class-use/TextReaderConfig.html...
Generating /workspaces/master-thesis-pascal-joos/code_cure_agent/cca_workspace/singer/thrift-logger/target/apidocs/com/pinterest/singer/thrift/configuration/class-use/TextReaderConfig._Fields.html...
Generating /workspaces/master-thesis-pascal-joos/code_cure_agent/cca_workspace/singer/thrift-logger/target/apidocs/com/pinterest/singer/thrift/configuration/class-use/HeartbeatWriterConfig.html...
Generating /workspaces/master-thesis-pascal-joos/code_cure_agent/cca_workspace/singer/thrift-logger/target/apidocs/com/pinterest/singer/thrift/configuration/class-use/HeartbeatWriterConfig._Fields.html...
Generating /workspaces/master-thesis-pascal-joos/code_cure_agent/cca_workspace/singer/thrift-logger/target/apidocs/com/pinterest/singer/thrift/configuration/class-use/LogMonitorConfig.html...
Generating /workspaces/master-thesis-pascal-joos/code_cure_agent/cca_workspace/singer/thrift-logger/target/apidocs/com/pinterest/singer/thrift/configuration/class-use/LogMonitorConfig._Fields.html...
Generating /workspaces/master-thesis-pascal-joos/code_cure_agent/cca_workspace/singer/thrift-logger/target/apidocs/com/pinterest/singer/thrift/configuration/class-use/SingerRestartConfig.html...
Generating /workspaces/master-thesis-pascal-joos/code_cure_agent/cca_workspace/singer/thrift-logger/target/apidocs/com/pinterest/singer/thrift/configuration/class-use/SingerRestartConfig._Fields.html...
Generating /workspaces/master-thesis-pascal-joos/code_cure_agent/cca_workspace/singer/thrift-logger/target/apidocs/com/pinterest/singer/thrift/configuration/class-use/KafkaProducerConfig.html...
Generating /workspaces/master-thesis-pascal-joos/code_cure_agent/cca_workspace/singer/thrift-logger/target/apidocs/com/pinterest/singer/thrift/configuration/class-use/KafkaProducerConfig._Fields.html...
Generating /workspaces/master-thesis-pascal-joos/code_cure_agent/cca_workspace/singer/thrift-logger/target/apidocs/com/pinterest/singer/thrift/configuration/class-use/ReaderType.html...
Generating /workspaces/master-thesis-pascal-joos/code_cure_agent/cca_workspace/singer/thrift-logger/target/apidocs/com/pinterest/singer/client/package-use.html...
Generating /workspaces/master-thesis-pascal-joos/code_cure_agent/cca_workspace/singer/thrift-logger/target/apidocs/com/pinterest/singer/client/logback/package-use.html...
Generating /workspaces/master-thesis-pascal-joos/code_cure_agent/cca_workspace/singer/thrift-logger/target/apidocs/com/pinterest/singer/loggingaudit/thrift/package-use.html...
Generating /workspaces/master-thesis-pascal-joos/code_cure_agent/cca_workspace/singer/thrift-logger/target/apidocs/com/pinterest/singer/loggingaudit/thrift/configuration/package-use.html...
Generating /workspaces/master-thesis-pascal-joos/code_cure_agent/cca_workspace/singer/thrift-logger/target/apidocs/com/pinterest/singer/thrift/package-use.html...
Generating /workspaces/master-thesis-pascal-joos/code_cure_agent/cca_workspace/singer/thrift-logger/target/apidocs/com/pinterest/singer/thrift/configuration/package-use.html...
Building index for all the packages and classes...
Generating /workspaces/master-thesis-pascal-joos/code_cure_agent/cca_workspace/singer/thrift-logger/target/apidocs/overview-tree.html...
Generating /workspaces/master-thesis-pascal-joos/code_cure_agent/cca_workspace/singer/thrift-logger/target/apidocs/index-all.html...
Building index for all classes...
Generating /workspaces/master-thesis-pascal-joos/code_cure_agent/cca_workspace/singer/thrift-logger/target/apidocs/allclasses-index.html...
Generating /workspaces/master-thesis-pascal-joos/code_cure_agent/cca_workspace/singer/thrift-logger/target/apidocs/allpackages-index.html...
Generating /workspaces/master-thesis-pascal-joos/code_cure_agent/cca_workspace/singer/thrift-logger/target/apidocs/deprecated-list.html...
Building index for all classes...
Generating /workspaces/master-thesis-pascal-joos/code_cure_agent/cca_workspace/singer/thrift-logger/target/apidocs/allclasses.html...
Generating /workspaces/master-thesis-pascal-joos/code_cure_agent/cca_workspace/singer/thrift-logger/target/apidocs/allclasses.html...
Generating /workspaces/master-thesis-pascal-joos/code_cure_agent/cca_workspace/singer/thrift-logger/target/apidocs/index.html...
Generating /workspaces/master-thesis-pascal-joos/code_cure_agent/cca_workspace/singer/thrift-logger/target/apidocs/overview-summary.html...
Generating /workspaces/master-thesis-pascal-joos/code_cure_agent/cca_workspace/singer/thrift-logger/target/apidocs/help-doc.html...
100 warnings
[WARNING] Javadoc Warnings
[WARNING] javadoc: warning - The code being documented uses modules but the packages defined in http://docs.oracle.com/javase/7/docs/api/ are in the unnamed module.
[WARNING] javadoc: warning - The code being documented uses modules but the packages defined in http://docs.oracle.com/javase/7/docs/api/ are in the unnamed module.
[WARNING] javadoc: warning - The code being documented uses modules but the packages defined in http://docs.oracle.com/javase/7/docs/api/ are in the unnamed module.
[WARNING] javadoc: warning - The code being documented uses modules but the packages defined in http://docs.oracle.com/javase/7/docs/api/ are in the unnamed module.
[WARNING] javadoc: warning - The code being documented uses modules but the packages defined in http://docs.oracle.com/javase/7/docs/api/ are in the unnamed module.
[WARNING] javadoc: warning - The code being documented uses modules but the packages defined in http://docs.oracle.com/javase/7/docs/api/ are in the unnamed module.
[WARNING] javadoc: warning - The code being documented uses modules but the packages defined in http://docs.oracle.com/javase/7/docs/api/ are in the unnamed module.
[WARNING] javadoc: warning - The code being documented uses modules but the packages defined in http://docs.oracle.com/javase/7/docs/api/ are in the unnamed module.
[WARNING] javadoc: warning - The code being documented uses modules but the packages defined in http://docs.oracle.com/javase/7/docs/api/ are in the unnamed module.
[WARNING] javadoc: warning - The code being documented uses modules but the packages defined in http://docs.oracle.com/javase/7/docs/api/ are in the unnamed module.
[WARNING] javadoc: warning - The code being documented uses modules but the packages defined in http://docs.oracle.com/javase/7/docs/api/ are in the unnamed module.
[WARNING] javadoc: warning - The code being documented uses modules but the packages defined in http://docs.oracle.com/javase/7/docs/api/ are in the unnamed module.
[WARNING] javadoc: warning - The code being documented uses modules but the packages defined in http://docs.oracle.com/javase/7/docs/api/ are in the unnamed module.
[WARNING] javadoc: warning - The code being documented uses modules but the packages defined in http://docs.oracle.com/javase/7/docs/api/ are in the unnamed module.
[WARNING] javadoc: warning - The code being documented uses modules but the packages defined in http://docs.oracle.com/javase/7/docs/api/ are in the unnamed module.
[WARNING] javadoc: warning - The code being documented uses modules but the packages defined in http://docs.oracle.com/javase/7/docs/api/ are in the unnamed module.
[WARNING] javadoc: warning - The code being documented uses modules but the packages defined in http://docs.oracle.com/javase/7/docs/api/ are in the unnamed module.
[WARNING] javadoc: warning - The code being documented uses modules but the packages defined in http://docs.oracle.com/javase/7/docs/api/ are in the unnamed module.
[WARNING] javadoc: warning - The code being documented uses modules but the packages defined in http://docs.oracle.com/javase/7/docs/api/ are in the unnamed module.
[WARNING] javadoc: warning - The code being documented uses modules but the packages defined in http://docs.oracle.com/javase/7/docs/api/ are in the unnamed module.
[WARNING] javadoc: warning - The code being documented uses modules but the packages defined in http://docs.oracle.com/javase/7/docs/api/ are in the unnamed module.
[WARNING] javadoc: warning - The code being documented uses modules but the packages defined in http://docs.oracle.com/javase/7/docs/api/ are in the unnamed module.
[WARNING] javadoc: warning - The code being documented uses modules but the packages defined in http://docs.oracle.com/javase/7/docs/api/ are in the unnamed module.
[WARNING] javadoc: warning - The code being documented uses modules but the packages defined in http://docs.oracle.com/javase/7/docs/api/ are in the unnamed module.
[WARNING] javadoc: warning - The code being documented uses modules but the packages defined in http://docs.oracle.com/javase/7/docs/api/ are in the unnamed module.
[WARNING] javadoc: warning - The code being documented uses modules but the packages defined in http://docs.oracle.com/javase/7/docs/api/ are in the unnamed module.
[WARNING] javadoc: warning - The code being documented uses modules but the packages defined in http://docs.oracle.com/javase/7/docs/api/ are in the unnamed module.
[WARNING] javadoc: warning - The code being documented uses modules but the packages defined in http://docs.oracle.com/javase/7/docs/api/ are in the unnamed module.
[WARNING] javadoc: warning - The code being documented uses modules but the packages defined in http://docs.oracle.com/javase/7/docs/api/ are in the unnamed module.
[WARNING] javadoc: warning - The code being documented uses modules but the packages defined in http://docs.oracle.com/javase/7/docs/api/ are in the unnamed module.
[WARNING] javadoc: warning - The code being documented uses modules but the packages defined in http://docs.oracle.com/javase/7/docs/api/ are in the unnamed module.
[WARNING] javadoc: warning - The code being documented uses modules but the packages defined in http://docs.oracle.com/javase/7/docs/api/ are in the unnamed module.
[WARNING] javadoc: warning - The code being documented uses modules but the packages defined in http://docs.oracle.com/javase/7/docs/api/ are in the unnamed module.
[WARNING] javadoc: warning - The code being documented uses modules but the packages defined in http://docs.oracle.com/javase/7/docs/api/ are in the unnamed module.
[WARNING] javadoc: warning - The code being documented uses modules but the packages defined in http://docs.oracle.com/javase/7/docs/api/ are in the unnamed module.
[WARNING] javadoc: warning - The code being documented uses modules but the packages defined in http://docs.oracle.com/javase/7/docs/api/ are in the unnamed module.
[WARNING] javadoc: warning - The code being documented uses modules but the packages defined in http://docs.oracle.com/javase/7/docs/api/ are in the unnamed module.
[WARNING] javadoc: warning - The code being documented uses modules but the packages defined in http://docs.oracle.com/javase/7/docs/api/ are in the unnamed module.
[WARNING] javadoc: warning - The code being documented uses modules but the packages defined in http://docs.oracle.com/javase/7/docs/api/ are in the unnamed module.
[WARNING] javadoc: warning - The code being documented uses modules but the packages defined in http://docs.oracle.com/javase/7/docs/api/ are in the unnamed module.
[WARNING] javadoc: warning - The code being documented uses modules but the packages defined in http://docs.oracle.com/javase/7/docs/api/ are in the unnamed module.
[WARNING] javadoc: warning - The code being documented uses modules but the packages defined in http://docs.oracle.com/javase/7/docs/api/ are in the unnamed module.
[WARNING] javadoc: warning - The code being documented uses modules but the packages defined in http://docs.oracle.com/javase/7/docs/api/ are in the unnamed module.
[WARNING] javadoc: warning - The code being documented uses modules but the packages defined in http://docs.oracle.com/javase/7/docs/api/ are in the unnamed module.
[WARNING] javadoc: warning - The code being documented uses modules but the packages defined in http://docs.oracle.com/javase/7/docs/api/ are in the unnamed module.
[WARNING] javadoc: warning - The code being documented uses modules but the packages defined in http://docs.oracle.com/javase/7/docs/api/ are in the unnamed module.
[WARNING] javadoc: warning - The code being documented uses modules but the packages defined in http://docs.oracle.com/javase/7/docs/api/ are in the unnamed module.
[WARNING] javadoc: warning - The code being documented uses modules but the packages defined in http://docs.oracle.com/javase/7/docs/api/ are in the unnamed module.
[WARNING] javadoc: warning - The code being documented uses modules but the packages defined in http://docs.oracle.com/javase/7/docs/api/ are in the unnamed module.
[WARNING] javadoc: warning - The code being documented uses modules but the packages defined in http://docs.oracle.com/javase/7/docs/api/ are in the unnamed module.
[WARNING] javadoc: warning - The code being documented uses modules but the packages defined in http://docs.oracle.com/javase/7/docs/api/ are in the unnamed module.
[WARNING] javadoc: warning - The code being documented uses modules but the packages defined in http://docs.oracle.com/javase/7/docs/api/ are in the unnamed module.
[WARNING] javadoc: warning - The code being documented uses modules but the packages defined in http://docs.oracle.com/javase/7/docs/api/ are in the unnamed module.
[WARNING] javadoc: warning - The code being documented uses modules but the packages defined in http://docs.oracle.com/javase/7/docs/api/ are in the unnamed module.
[WARNING] javadoc: warning - The code being documented uses modules but the packages defined in http://docs.oracle.com/javase/7/docs/api/ are in the unnamed module.
[WARNING] javadoc: warning - The code being documented uses modules but the packages defined in http://docs.oracle.com/javase/7/docs/api/ are in the unnamed module.
[WARNING] javadoc: warning - The code being documented uses modules but the packages defined in http://docs.oracle.com/javase/7/docs/api/ are in the unnamed module.
[WARNING] javadoc: warning - The code being documented uses modules but the packages defined in http://docs.oracle.com/javase/7/docs/api/ are in the unnamed module.
[WARNING] javadoc: warning - The code being documented uses modules but the packages defined in http://docs.oracle.com/javase/7/docs/api/ are in the unnamed module.
[WARNING] javadoc: warning - The code being documented uses modules but the packages defined in http://docs.oracle.com/javase/7/docs/api/ are in the unnamed module.
[WARNING] javadoc: warning - The code being documented uses modules but the packages defined in http://docs.oracle.com/javase/7/docs/api/ are in the unnamed module.
[WARNING] javadoc: warning - The code being documented uses modules but the packages defined in http://docs.oracle.com/javase/7/docs/api/ are in the unnamed module.
[WARNING] javadoc: warning - The code being documented uses modules but the packages defined in http://docs.oracle.com/javase/7/docs/api/ are in the unnamed module.
[WARNING] javadoc: warning - The code being documented uses modules but the packages defined in http://docs.oracle.com/javase/7/docs/api/ are in the unnamed module.
[WARNING] javadoc: warning - The code being documented uses modules but the packages defined in http://docs.oracle.com/javase/7/docs/api/ are in the unnamed module.
[WARNING] javadoc: warning - The code being documented uses modules but the packages defined in http://docs.oracle.com/javase/7/docs/api/ are in the unnamed module.
[WARNING] javadoc: warning - The code being documented uses modules but the packages defined in http://docs.oracle.com/javase/7/docs/api/ are in the unnamed module.
[WARNING] javadoc: warning - The code being documented uses modules but the packages defined in http://docs.oracle.com/javase/7/docs/api/ are in the unnamed module.
[WARNING] javadoc: warning - The code being documented uses modules but the packages defined in http://docs.oracle.com/javase/7/docs/api/ are in the unnamed module.
[WARNING] javadoc: warning - The code being documented uses modules but the packages defined in http://docs.oracle.com/javase/7/docs/api/ are in the unnamed module.
[WARNING] javadoc: warning - The code being documented uses modules but the packages defined in http://docs.oracle.com/javase/7/docs/api/ are in the unnamed module.
[WARNING] javadoc: warning - The code being documented uses modules but the packages defined in http://docs.oracle.com/javase/7/docs/api/ are in the unnamed module.
[WARNING] javadoc: warning - The code being documented uses modules but the packages defined in http://docs.oracle.com/javase/7/docs/api/ are in the unnamed module.
[WARNING] javadoc: warning - The code being documented uses modules but the packages defined in http://docs.oracle.com/javase/7/docs/api/ are in the unnamed module.
[WARNING] javadoc: warning - The code being documented uses modules but the packages defined in http://docs.oracle.com/javase/7/docs/api/ are in the unnamed module.
[WARNING] javadoc: warning - The code being documented uses modules but the packages defined in http://docs.oracle.com/javase/7/docs/api/ are in the unnamed module.
[WARNING] javadoc: warning - The code being documented uses modules but the packages defined in http://docs.oracle.com/javase/7/docs/api/ are in the unnamed module.
[WARNING] javadoc: warning - The code being documented uses modules but the packages defined in http://docs.oracle.com/javase/7/docs/api/ are in the unnamed module.
[WARNING] javadoc: warning - The code being documented uses modules but the packages defined in http://docs.oracle.com/javase/7/docs/api/ are in the unnamed module.
[WARNING] javadoc: warning - The code being documented uses modules but the packages defined in http://docs.oracle.com/javase/7/docs/api/ are in the unnamed module.
[WARNING] javadoc: warning - The code being documented uses modules but the packages defined in http://docs.oracle.com/javase/7/docs/api/ are in the unnamed module.
[WARNING] javadoc: warning - The code being documented uses modules but the packages defined in http://docs.oracle.com/javase/7/docs/api/ are in the unnamed module.
[WARNING] javadoc: warning - The code being documented uses modules but the packages defined in http://docs.oracle.com/javase/7/docs/api/ are in the unnamed module.
[WARNING] javadoc: warning - The code being documented uses modules but the packages defined in http://docs.oracle.com/javase/7/docs/api/ are in the unnamed module.
[WARNING] javadoc: warning - The code being documented uses modules but the packages defined in http://docs.oracle.com/javase/7/docs/api/ are in the unnamed module.
[WARNING] javadoc: warning - The code being documented uses modules but the packages defined in http://docs.oracle.com/javase/7/docs/api/ are in the unnamed module.
[WARNING] javadoc: warning - The code being documented uses modules but the packages defined in http://docs.oracle.com/javase/7/docs/api/ are in the unnamed module.
[WARNING] javadoc: warning - The code being documented uses modules but the packages defined in http://docs.oracle.com/javase/7/docs/api/ are in the unnamed module.
[WARNING] javadoc: warning - The code being documented uses modules but the packages defined in http://docs.oracle.com/javase/7/docs/api/ are in the unnamed module.
[WARNING] javadoc: warning - The code being documented uses modules but the packages defined in http://docs.oracle.com/javase/7/docs/api/ are in the unnamed module.
[WARNING] javadoc: warning - The code being documented uses modules but the packages defined in http://docs.oracle.com/javase/7/docs/api/ are in the unnamed module.
[WARNING] javadoc: warning - The code being documented uses modules but the packages defined in http://docs.oracle.com/javase/7/docs/api/ are in the unnamed module.
[WARNING] javadoc: warning - The code being documented uses modules but the packages defined in http://docs.oracle.com/javase/7/docs/api/ are in the unnamed module.
[WARNING] javadoc: warning - The code being documented uses modules but the packages defined in http://docs.oracle.com/javase/7/docs/api/ are in the unnamed module.
[WARNING] javadoc: warning - The code being documented uses modules but the packages defined in http://docs.oracle.com/javase/7/docs/api/ are in the unnamed module.
[WARNING] javadoc: warning - The code being documented uses modules but the packages defined in http://docs.oracle.com/javase/7/docs/api/ are in the unnamed module.
[WARNING] javadoc: warning - The code being documented uses modules but the packages defined in http://docs.oracle.com/javase/7/docs/api/ are in the unnamed module.
[WARNING] javadoc: warning - The code being documented uses modules but the packages defined in http://docs.oracle.com/javase/7/docs/api/ are in the unnamed module.
[WARNING] javadoc: warning - The code being documented uses modules but the packages defined in http://docs.oracle.com/javase/7/docs/api/ are in the unnamed module.
[WARNING] javadoc: warning - The code being documented uses modules but the packages defined in http://docs.oracle.com/javase/7/docs/api/ are in the unnamed module.
[INFO] Building jar: /workspaces/master-thesis-pascal-joos/code_cure_agent/cca_workspace/singer/thrift-logger/target/thrift-logger-0.8.0.39-javadoc.jar
[INFO] 
[INFO] >>> maven-source-plugin:3.3.1:jar (attach-sources) > generate-sources @ thrift-logger >>>
[INFO] 
[INFO] --- scrooge-maven-plugin:4.18.0:compile (thrift-sources) @ thrift-logger ---
[INFO] finding thrift files in dependencies
[INFO] finding thrift files in referenced (reactor) projects
[INFO] Generated thrift files up to date, skipping compile.
[INFO] 
[INFO] --- build-helper-maven-plugin:3.6.1:add-source (add-source) @ thrift-logger ---
[INFO] Source directory: /workspaces/master-thesis-pascal-joos/code_cure_agent/cca_workspace/singer/thrift-logger/target/generated-sources/thrift/scrooge added.
[INFO] 
[INFO] <<< maven-source-plugin:3.3.1:jar (attach-sources) < generate-sources @ thrift-logger <<<
[INFO] 
[INFO] 
[INFO] --- maven-source-plugin:3.3.1:jar (attach-sources) @ thrift-logger ---
[INFO] Building jar: /workspaces/master-thesis-pascal-joos/code_cure_agent/cca_workspace/singer/thrift-logger/target/thrift-logger-0.8.0.39-sources.jar
[INFO] 
[INFO] --------------------< com.pinterest.singer:singer >---------------------
[INFO] Building singer 0.8.0.39                                           [4/4]
[INFO] --------------------------------[ jar ]---------------------------------
[INFO] 
[INFO] --- maven-clean-plugin:2.5:clean (default-clean) @ singer ---
[INFO] Deleting /workspaces/master-thesis-pascal-joos/code_cure_agent/cca_workspace/singer/singer/target
[INFO] 
[INFO] --- maven-resources-plugin:2.6:resources (default-resources) @ singer ---
[INFO] Using 'UTF-8' encoding to copy filtered resources.
[INFO] Copying 3 resources
[INFO] Copying 1 resource
[INFO] 
[INFO] --- maven-compiler-plugin:3.1:compile (default-compile) @ singer ---
[INFO] Changes detected - recompiling the module!
[INFO] Compiling 99 source files to /workspaces/master-thesis-pascal-joos/code_cure_agent/cca_workspace/singer/singer/target/classes
[INFO] -------------------------------------------------------------
[ERROR] COMPILATION ERROR : 
[INFO] -------------------------------------------------------------
[ERROR] /workspaces/master-thesis-pascal-joos/code_cure_agent/cca_workspace/singer/singer/src/main/java/com/pinterest/singer/processor/DefaultLogStreamProcessor.java:[109,1] illegal character: '`'
[ERROR] /workspaces/master-thesis-pascal-joos/code_cure_agent/cca_workspace/singer/singer/src/main/java/com/pinterest/singer/processor/DefaultLogStreamProcessor.java:[109,2] illegal character: '`'
[ERROR] /workspaces/master-thesis-pascal-joos/code_cure_agent/cca_workspace/singer/singer/src/main/java/com/pinterest/singer/processor/DefaultLogStreamProcessor.java:[109,3] illegal character: '`'
[INFO] 3 errors 
[INFO] -------------------------------------------------------------
[INFO] ------------------------------------------------------------------------
[INFO] Reactor Summary for Singer Logging Agent 0.8.0.39:
[INFO] 
[INFO] Singer Logging Agent ............................... SUCCESS [  0.108 s]
[INFO] singer-commons ..................................... SUCCESS [  9.778 s]
[INFO] thrift-logger ...................................... SUCCESS [  5.216 s]
[INFO] singer ............................................. FAILURE [  0.319 s]
[INFO] ------------------------------------------------------------------------
[INFO] BUILD FAILURE
[INFO] ------------------------------------------------------------------------
[INFO] Total time:  15.530 s
[INFO] Finished at: 2025-08-20T12:32:38Z
[INFO] ------------------------------------------------------------------------
[ERROR] Failed to execute goal org.apache.maven.plugins:maven-compiler-plugin:3.1:compile (default-compile) on project singer: Compilation failure: Compilation failure: 
[ERROR] /workspaces/master-thesis-pascal-joos/code_cure_agent/cca_workspace/singer/singer/src/main/java/com/pinterest/singer/processor/DefaultLogStreamProcessor.java:[109,1] illegal character: '`'
[ERROR] /workspaces/master-thesis-pascal-joos/code_cure_agent/cca_workspace/singer/singer/src/main/java/com/pinterest/singer/processor/DefaultLogStreamProcessor.java:[109,2] illegal character: '`'
[ERROR] /workspaces/master-thesis-pascal-joos/code_cure_agent/cca_workspace/singer/singer/src/main/java/com/pinterest/singer/processor/DefaultLogStreamProcessor.java:[109,3] illegal character: '`'
[ERROR] -> [Help 1]
[ERROR] 
[ERROR] To see the full stack trace of the errors, re-run Maven with the -e switch.
[ERROR] Re-run Maven using the -X switch to enable full debug logging.
[ERROR] 
[ERROR] For more information about the errors and possible solutions, please read the following articles:
[ERROR] [Help 1] http://cwiki.apache.org/confluence/display/MAVEN/MojoFailureException
[ERROR] 
[ERROR] After correcting the problems, you can resume the build with the command
[ERROR]   mvn <args> -rf :singer
