[INFO] Scanning for projects...
[WARNING] The project org.pitest:pitest-parent:pom:1.5.3-SNAPSHOT uses prerequisites which is only intended for maven-plugin projects but not for non maven-plugin projects. For such purposes you should use the maven-enforcer-plugin. See https://maven.apache.org/enforcer/enforcer-rules/requireMavenVersion.html
[INFO] ------------------------------------------------------------------------
[INFO] Reactor Build Order:
[INFO] 
[INFO] pitest-parent                                                      [pom]
[INFO] Build Config                                                       [jar]
[INFO] pitest                                                             [jar]
[INFO] pitest-entry                                                       [jar]
[INFO] pitest-html-report                                                 [jar]
[INFO] pitest-aggregator                                                  [jar]
[INFO] pitest-maven                                              [maven-plugin]
[INFO] pitest-command-line                                                [jar]
[INFO] pitest-ant                                                         [jar]
[INFO] pitest-maven-verification                                          [jar]
[INFO] pitest-java8-verification                                          [jar]
[INFO] 
[INFO] ----------------------< org.pitest:pitest-parent >----------------------
[INFO] Building pitest-parent 1.5.3-SNAPSHOT                             [1/11]
[INFO] --------------------------------[ pom ]---------------------------------
[INFO] 
[INFO] --- maven-clean-plugin:3.1.0:clean (default-clean) @ pitest-parent ---
[INFO] 
[INFO] -------------------< org.pitest:pitest-build-config >-------------------
[INFO] Building Build Config 1.5.3-SNAPSHOT                              [2/11]
[INFO] --------------------------------[ jar ]---------------------------------
[INFO] 
[INFO] --- maven-clean-plugin:3.1.0:clean (default-clean) @ pitest-build-config ---
[INFO] Deleting /workspaces/xxxx/code_cure_agent/cca_workspace/pitest/pitest-build-config/target
[INFO] 
[INFO] --- maven-resources-plugin:3.1.0:resources (default-resources) @ pitest-build-config ---
[INFO] Using 'UTF-8' encoding to copy filtered resources.
[INFO] Copying 1 resource
[INFO] 
[INFO] --- maven-compiler-plugin:3.8.1:compile (default-compile) @ pitest-build-config ---
[INFO] No sources to compile
[INFO] 
[INFO] --- maven-resources-plugin:3.1.0:testResources (default-testResources) @ pitest-build-config ---
[INFO] Using 'UTF-8' encoding to copy filtered resources.
[INFO] skip non existing resourceDirectory /workspaces/xxxx/code_cure_agent/cca_workspace/pitest/pitest-build-config/src/test/resources
[INFO] 
[INFO] --- maven-compiler-plugin:3.8.1:testCompile (default-testCompile) @ pitest-build-config ---
[INFO] No sources to compile
[INFO] 
[INFO] --- maven-surefire-plugin:2.17:test (default-test) @ pitest-build-config ---
[INFO] Tests are skipped.
[INFO] 
[INFO] --- maven-jar-plugin:3.1.1:jar (default-jar) @ pitest-build-config ---
[INFO] Building jar: /workspaces/xxxx/code_cure_agent/cca_workspace/pitest/pitest-build-config/target/pitest-build-config-1.5.3-SNAPSHOT.jar
[INFO] 
[INFO] -------------------------< org.pitest:pitest >--------------------------
[INFO] Building pitest 1.5.3-SNAPSHOT                                    [3/11]
[INFO] --------------------------------[ jar ]---------------------------------
[INFO] 
[INFO] --- maven-clean-plugin:3.1.0:clean (default-clean) @ pitest ---
[INFO] Deleting /workspaces/xxxx/code_cure_agent/cca_workspace/pitest/pitest/target
[INFO] 
[INFO] --- maven-checkstyle-plugin:3.1.0:check (checkstyle) @ pitest ---
[INFO] 
[INFO] --- maven-resources-plugin:3.1.0:resources (default-resources) @ pitest ---
[INFO] Using 'UTF-8' encoding to copy filtered resources.
[INFO] Copying 3 resources
[INFO] 
[INFO] --- maven-compiler-plugin:3.8.1:compile (default-compile) @ pitest ---
[INFO] Changes detected - recompiling the module!
[INFO] Compiling 272 source files to /workspaces/xxxx/code_cure_agent/cca_workspace/pitest/pitest/target/classes
[INFO] /workspaces/xxxx/code_cure_agent/cca_workspace/pitest/pitest/src/main/java/org/pitest/bytecode/NullVisitor.java: /workspaces/xxxx/code_cure_agent/cca_workspace/pitest/pitest/src/main/java/org/pitest/bytecode/NullVisitor.java uses or overrides a deprecated API.
[INFO] /workspaces/xxxx/code_cure_agent/cca_workspace/pitest/pitest/src/main/java/org/pitest/bytecode/NullVisitor.java: Recompile with -Xlint:deprecation for details.
[INFO] /workspaces/xxxx/code_cure_agent/cca_workspace/pitest/pitest/src/main/java/org/pitest/junit/JUnitCustomRunnerTestUnitFinder.java: /workspaces/xxxx/code_cure_agent/cca_workspace/pitest/pitest/src/main/java/org/pitest/junit/JUnitCustomRunnerTestUnitFinder.java uses unchecked or unsafe operations.
[INFO] /workspaces/xxxx/code_cure_agent/cca_workspace/pitest/pitest/src/main/java/org/pitest/junit/JUnitCustomRunnerTestUnitFinder.java: Recompile with -Xlint:unchecked for details.
[INFO] 
[INFO] --- maven-resources-plugin:3.1.0:testResources (default-testResources) @ pitest ---
[INFO] Using 'UTF-8' encoding to copy filtered resources.
[INFO] Copying 12 resources
[INFO] 
[INFO] --- maven-compiler-plugin:3.8.1:testCompile (default-testCompile) @ pitest ---
[INFO] Changes detected - recompiling the module!
[INFO] Compiling 234 source files to /workspaces/xxxx/code_cure_agent/cca_workspace/pitest/pitest/target/test-classes
[INFO] /workspaces/xxxx/code_cure_agent/cca_workspace/pitest/pitest/src/test/java/org/pitest/containers/TestContainersSendCorrectNotifications.java: Some input files use or override a deprecated API.
[INFO] /workspaces/xxxx/code_cure_agent/cca_workspace/pitest/pitest/src/test/java/org/pitest/containers/TestContainersSendCorrectNotifications.java: Recompile with -Xlint:deprecation for details.
[INFO] /workspaces/xxxx/code_cure_agent/cca_workspace/pitest/pitest/src/test/java/org/pitest/coverage/execute/DependencyFilterTest.java: Some input files use unchecked or unsafe operations.
[INFO] /workspaces/xxxx/code_cure_agent/cca_workspace/pitest/pitest/src/test/java/org/pitest/coverage/execute/DependencyFilterTest.java: Recompile with -Xlint:unchecked for details.
[INFO] 
[INFO] --- maven-surefire-plugin:2.17:test (default-test) @ pitest ---
[INFO] Tests are skipped.
[INFO] 
[INFO] --- maven-antrun-plugin:1.8:run (default) @ pitest ---
[INFO] Executing tasks

main:
[INFO] Executed tasks
[INFO] 
[INFO] --- maven-jar-plugin:3.1.1:jar (default-jar) @ pitest ---
[INFO] Building jar: /workspaces/xxxx/code_cure_agent/cca_workspace/pitest/pitest/target/pitest-1.5.3-SNAPSHOT.jar
[INFO] 
[INFO] --- maven-jar-plugin:3.1.1:test-jar (default) @ pitest ---
[INFO] Building jar: /workspaces/xxxx/code_cure_agent/cca_workspace/pitest/pitest/target/pitest-1.5.3-SNAPSHOT-tests.jar
[INFO] 
[INFO] --- maven-shade-plugin:3.2.1:shade (default) @ pitest ---
[INFO] Including org.ow2.asm:asm:jar:8.0 in the shaded jar.
[INFO] Including org.ow2.asm:asm-commons:jar:8.0 in the shaded jar.
[INFO] Including org.ow2.asm:asm-tree:jar:8.0 in the shaded jar.
[WARNING] Discovered module-info.class. Shading will break its strong encapsulation.
[WARNING] Discovered module-info.class. Shading will break its strong encapsulation.
[WARNING] Discovered module-info.class. Shading will break its strong encapsulation.
[INFO] Replacing original artifact with shaded artifact.
[INFO] Replacing /workspaces/xxxx/code_cure_agent/cca_workspace/pitest/pitest/target/pitest-1.5.3-SNAPSHOT.jar with /workspaces/xxxx/code_cure_agent/cca_workspace/pitest/pitest/target/pitest-1.5.3-SNAPSHOT-shaded.jar
[INFO] Dependency-reduced POM written at: /workspaces/xxxx/code_cure_agent/cca_workspace/pitest/pitest/dependency-reduced-pom.xml
[INFO] 
[INFO] >>> maven-source-plugin:3.0.1:jar (attach-sources) > generate-sources @ pitest >>>
[INFO] 
[INFO] --- maven-checkstyle-plugin:3.1.0:check (checkstyle) @ pitest ---
[INFO] 
[INFO] <<< maven-source-plugin:3.0.1:jar (attach-sources) < generate-sources @ pitest <<<
[INFO] 
[INFO] 
[INFO] --- maven-source-plugin:3.0.1:jar (attach-sources) @ pitest ---
[INFO] Building jar: /workspaces/xxxx/code_cure_agent/cca_workspace/pitest/pitest/target/pitest-1.5.3-SNAPSHOT-sources.jar
[INFO] 
[INFO] --- maven-javadoc-plugin:3.2.0:jar (javadoc) @ pitest ---
[INFO] No previous run data found, generating javadoc.
[INFO] 
Loading source files for package sun.pitest...
Loading source files for package org.pitest.plugin...
Loading source files for package org.pitest.classpath...
Loading source files for package org.pitest.sequence...
Loading source files for package org.pitest.dependency...
Loading source files for package org.pitest.boot...
Loading source files for package org.pitest.coverage...
Loading source files for package org.pitest.coverage.analysis...
Loading source files for package org.pitest.coverage.execute...
Loading source files for package org.pitest.extension.common...
Loading source files for package org.pitest.bytecode...
Loading source files for package org.pitest.testapi...
Loading source files for package org.pitest.testapi.execute.containers...
Loading source files for package org.pitest.testapi.execute...
Loading source files for package org.pitest.junit...
Loading source files for package org.pitest.junit.adapter...
Loading source files for package org.pitest.mutationtest...
Loading source files for package org.pitest.mutationtest.execute...
Loading source files for package org.pitest.mutationtest.build...
Loading source files for package org.pitest.mutationtest.config...
Loading source files for package org.pitest.mutationtest.engine...
Loading source files for package org.pitest.mutationtest.engine.gregor...
Loading source files for package org.pitest.mutationtest.engine.gregor.analysis...
Loading source files for package org.pitest.mutationtest.engine.gregor.config...
Loading source files for package org.pitest.mutationtest.engine.gregor.blocks...
Loading source files for package org.pitest.mutationtest.engine.gregor.mutators...
Loading source files for package org.pitest.mutationtest.engine.gregor.mutators.experimental...
Loading source files for package org.pitest.mutationtest.engine.gregor.mutators.rv...
Loading source files for package org.pitest.mutationtest.mocksupport...
Loading source files for package org.pitest.functional...
Loading source files for package org.pitest.functional.predicate...
Loading source files for package org.pitest.functional.prelude...
Loading source files for package org.pitest.classinfo...
Loading source files for package org.pitest.testng...
Loading source files for package org.pitest.help...
Loading source files for package org.pitest.reflection...
Loading source files for package org.pitest.util...
Constructing Javadoc information...
Standard Doclet version 11.0.27
Building tree for all the packages and classes...
Generating /workspaces/xxxx/code_cure_agent/cca_workspace/pitest/pitest/target/apidocs/org/pitest/boot/HotSwapAgent.html...
Generating /workspaces/xxxx/code_cure_agent/cca_workspace/pitest/pitest/target/apidocs/org/pitest/bytecode/ASMVersion.html...
Generating /workspaces/xxxx/code_cure_agent/cca_workspace/pitest/pitest/target/apidocs/org/pitest/bytecode/FrameOptions.html...
Generating /workspaces/xxxx/code_cure_agent/cca_workspace/pitest/pitest/target/apidocs/org/pitest/bytecode/NullVisitor.html...
Generating /workspaces/xxxx/code_cure_agent/cca_workspace/pitest/pitest/target/apidocs/org/pitest/bytecode/NullVisitor.NullAnnotationVisitor.html...
Generating /workspaces/xxxx/code_cure_agent/cca_workspace/pitest/pitest/target/apidocs/org/pitest/bytecode/NullVisitor.NullMethodVisitor.html...
Generating /workspaces/xxxx/code_cure_agent/cca_workspace/pitest/pitest/target/apidocs/org/pitest/classinfo/AddlerHash.html...
Generating /workspaces/xxxx/code_cure_agent/cca_workspace/pitest/pitest/target/apidocs/org/pitest/classinfo/BridgeMethodFilter.html...
Generating /workspaces/xxxx/code_cure_agent/cca_workspace/pitest/pitest/target/apidocs/org/pitest/classinfo/CachingByteArraySource.html...
Generating /workspaces/xxxx/code_cure_agent/cca_workspace/pitest/pitest/target/apidocs/org/pitest/classinfo/ClassByteArraySource.html...
Generating /workspaces/xxxx/code_cure_agent/cca_workspace/pitest/pitest/target/apidocs/org/pitest/classinfo/ClassIdentifier.html...
Generating /workspaces/xxxx/code_cure_agent/cca_workspace/pitest/pitest/target/apidocs/org/pitest/classinfo/ClassInfo.html...
Generating /workspaces/xxxx/code_cure_agent/cca_workspace/pitest/pitest/target/apidocs/org/pitest/classinfo/ClassInfoSource.html...
Generating /workspaces/xxxx/code_cure_agent/cca_workspace/pitest/pitest/target/apidocs/org/pitest/classinfo/ClassInfoVisitor.html...
Generating /workspaces/xxxx/code_cure_agent/cca_workspace/pitest/pitest/target/apidocs/org/pitest/classinfo/ClassName.html...
Generating /workspaces/xxxx/code_cure_agent/cca_workspace/pitest/pitest/target/apidocs/org/pitest/classinfo/ComputeClassWriter.html...
Generating /workspaces/xxxx/code_cure_agent/cca_workspace/pitest/pitest/target/apidocs/org/pitest/classinfo/HashFunction.html...
Generating /workspaces/xxxx/code_cure_agent/cca_workspace/pitest/pitest/target/apidocs/org/pitest/classinfo/HierarchicalClassId.html...
Generating /workspaces/xxxx/code_cure_agent/cca_workspace/pitest/pitest/target/apidocs/org/pitest/classinfo/MethodFilteringAdapter.html...
Generating /workspaces/xxxx/code_cure_agent/cca_workspace/pitest/pitest/target/apidocs/org/pitest/classinfo/NameToClassInfo.html...
Generating /workspaces/xxxx/code_cure_agent/cca_workspace/pitest/pitest/target/apidocs/org/pitest/classinfo/Repository.html...
Generating /workspaces/xxxx/code_cure_agent/cca_workspace/pitest/pitest/target/apidocs/org/pitest/classinfo/TestToClassMapper.html...
Generating /workspaces/xxxx/code_cure_agent/cca_workspace/pitest/pitest/target/apidocs/org/pitest/classpath/ArchiveClassPathRoot.html...
Generating /workspaces/xxxx/code_cure_agent/cca_workspace/pitest/pitest/target/apidocs/org/pitest/classpath/ClassFilter.html...
Generating /workspaces/xxxx/code_cure_agent/cca_workspace/pitest/pitest/target/apidocs/org/pitest/classpath/ClassloaderByteArraySource.html...
Generating /workspaces/xxxx/code_cure_agent/cca_workspace/pitest/pitest/target/apidocs/org/pitest/classpath/ClassPath.html...
Generating /workspaces/xxxx/code_cure_agent/cca_workspace/pitest/pitest/target/apidocs/org/pitest/classpath/ClassPathByteArraySource.html...
Generating /workspaces/xxxx/code_cure_agent/cca_workspace/pitest/pitest/target/apidocs/org/pitest/classpath/ClassPathRoot.html...
Generating /workspaces/xxxx/code_cure_agent/cca_workspace/pitest/pitest/target/apidocs/org/pitest/classpath/CodeSource.html...
Generating /workspaces/xxxx/code_cure_agent/cca_workspace/pitest/pitest/target/apidocs/org/pitest/classpath/CompoundClassPathRoot.html...
Generating /workspaces/xxxx/code_cure_agent/cca_workspace/pitest/pitest/target/apidocs/org/pitest/classpath/DirectoryClassPathRoot.html...
Generating /workspaces/xxxx/code_cure_agent/cca_workspace/pitest/pitest/target/apidocs/org/pitest/classpath/IOHeavyRoot.html...
Generating /workspaces/xxxx/code_cure_agent/cca_workspace/pitest/pitest/target/apidocs/org/pitest/classpath/NameCachingRoot.html...
Generating /workspaces/xxxx/code_cure_agent/cca_workspace/pitest/pitest/target/apidocs/org/pitest/classpath/OtherClassLoaderClassPathRoot.html...
Generating /workspaces/xxxx/code_cure_agent/cca_workspace/pitest/pitest/target/apidocs/org/pitest/classpath/PathFilter.html...
Generating /workspaces/xxxx/code_cure_agent/cca_workspace/pitest/pitest/target/apidocs/org/pitest/classpath/ProjectClassPaths.html...
Generating /workspaces/xxxx/code_cure_agent/cca_workspace/pitest/pitest/target/apidocs/org/pitest/coverage/AlreadyInstrumentedException.html...
Generating /workspaces/xxxx/code_cure_agent/cca_workspace/pitest/pitest/target/apidocs/org/pitest/coverage/BlockCoverage.html...
Generating /workspaces/xxxx/code_cure_agent/cca_workspace/pitest/pitest/target/apidocs/org/pitest/coverage/BlockLocation.html...
Generating /workspaces/xxxx/code_cure_agent/cca_workspace/pitest/pitest/target/apidocs/org/pitest/coverage/ClassLine.html...
Generating /workspaces/xxxx/code_cure_agent/cca_workspace/pitest/pitest/target/apidocs/org/pitest/coverage/CoverageClassVisitor.html...
Generating /workspaces/xxxx/code_cure_agent/cca_workspace/pitest/pitest/target/apidocs/org/pitest/coverage/CoverageReceiver.html...
Generating /workspaces/xxxx/code_cure_agent/cca_workspace/pitest/pitest/target/apidocs/org/pitest/coverage/CoverageResult.html...
Generating /workspaces/xxxx/code_cure_agent/cca_workspace/pitest/pitest/target/apidocs/org/pitest/coverage/CoverageTransformer.html...
Generating /workspaces/xxxx/code_cure_agent/cca_workspace/pitest/pitest/target/apidocs/org/pitest/coverage/InstructionLocation.html...
Generating /workspaces/xxxx/code_cure_agent/cca_workspace/pitest/pitest/target/apidocs/org/pitest/coverage/LineMap.html...
Generating /workspaces/xxxx/code_cure_agent/cca_workspace/pitest/pitest/target/apidocs/org/pitest/coverage/TestInfo.html...
Generating /workspaces/xxxx/code_cure_agent/cca_workspace/pitest/pitest/target/apidocs/org/pitest/coverage/analysis/ArrayProbeCoverageMethodVisitor.html...
Generating /workspaces/xxxx/code_cure_agent/cca_workspace/pitest/pitest/target/apidocs/org/pitest/coverage/analysis/Block.html...
Generating /workspaces/xxxx/code_cure_agent/cca_workspace/pitest/pitest/target/apidocs/org/pitest/coverage/analysis/ControlFlowAnalyser.html...
Generating /workspaces/xxxx/code_cure_agent/cca_workspace/pitest/pitest/target/apidocs/org/pitest/coverage/analysis/CoverageAnalyser.html...
Generating /workspaces/xxxx/code_cure_agent/cca_workspace/pitest/pitest/target/apidocs/org/pitest/coverage/analysis/LineMapper.html...
Generating /workspaces/xxxx/code_cure_agent/cca_workspace/pitest/pitest/target/apidocs/org/pitest/coverage/execute/CoverageDecorator.html...
Generating /workspaces/xxxx/code_cure_agent/cca_workspace/pitest/pitest/target/apidocs/org/pitest/coverage/execute/CoverageMinion.html...
Generating /workspaces/xxxx/code_cure_agent/cca_workspace/pitest/pitest/target/apidocs/org/pitest/coverage/execute/CoverageOptions.html...
Generating /workspaces/xxxx/code_cure_agent/cca_workspace/pitest/pitest/target/apidocs/org/pitest/coverage/execute/CoveragePipe.html...
Generating /workspaces/xxxx/code_cure_agent/cca_workspace/pitest/pitest/target/apidocs/org/pitest/coverage/execute/CoverageWorker.html...
Generating /workspaces/xxxx/code_cure_agent/cca_workspace/pitest/pitest/target/apidocs/org/pitest/coverage/execute/ErrorListener.html...
Generating /workspaces/xxxx/code_cure_agent/cca_workspace/pitest/pitest/target/apidocs/org/pitest/coverage/execute/JavassistCoverageInterceptor.html...
Generating /workspaces/xxxx/code_cure_agent/cca_workspace/pitest/pitest/target/apidocs/org/pitest/dependency/DependencyExtractor.html...
Generating /workspaces/xxxx/code_cure_agent/cca_workspace/pitest/pitest/target/apidocs/org/pitest/dependency/IgnoreCoreClasses.html...
Generating /workspaces/xxxx/code_cure_agent/cca_workspace/pitest/pitest/target/apidocs/org/pitest/extension/common/CompoundTestSuiteFinder.html...
Generating /workspaces/xxxx/code_cure_agent/cca_workspace/pitest/pitest/target/apidocs/org/pitest/extension/common/NoTestSuiteFinder.html...
Generating /workspaces/xxxx/code_cure_agent/cca_workspace/pitest/pitest/target/apidocs/org/pitest/extension/common/TestUnitDecorator.html...
Generating /workspaces/xxxx/code_cure_agent/cca_workspace/pitest/pitest/target/apidocs/org/pitest/functional/F3.html...
Generating /workspaces/xxxx/code_cure_agent/cca_workspace/pitest/pitest/target/apidocs/org/pitest/functional/F4.html...
Generating /workspaces/xxxx/code_cure_agent/cca_workspace/pitest/pitest/target/apidocs/org/pitest/functional/F5.html...
Generating /workspaces/xxxx/code_cure_agent/cca_workspace/pitest/pitest/target/apidocs/org/pitest/functional/F6.html...
Generating /workspaces/xxxx/code_cure_agent/cca_workspace/pitest/pitest/target/apidocs/org/pitest/functional/FArray.html...
Generating /workspaces/xxxx/code_cure_agent/cca_workspace/pitest/pitest/target/apidocs/org/pitest/functional/FCollection.html...
Generating /workspaces/xxxx/code_cure_agent/cca_workspace/pitest/pitest/target/apidocs/org/pitest/functional/SideEffect.html...
Generating /workspaces/xxxx/code_cure_agent/cca_workspace/pitest/pitest/target/apidocs/org/pitest/functional/Streams.html...
Generating /workspaces/xxxx/code_cure_agent/cca_workspace/pitest/pitest/target/apidocs/org/pitest/functional/predicate/And.html...
Generating /workspaces/xxxx/code_cure_agent/cca_workspace/pitest/pitest/target/apidocs/org/pitest/functional/predicate/False.html...
Generating /workspaces/xxxx/code_cure_agent/cca_workspace/pitest/pitest/target/apidocs/org/pitest/functional/predicate/Or.html...
Generating /workspaces/xxxx/code_cure_agent/cca_workspace/pitest/pitest/target/apidocs/org/pitest/functional/prelude/Prelude.html...
Generating /workspaces/xxxx/code_cure_agent/cca_workspace/pitest/pitest/target/apidocs/org/pitest/help/Help.html...
Generating /workspaces/xxxx/code_cure_agent/cca_workspace/pitest/pitest/target/apidocs/org/pitest/help/PitHelpError.html...
Generating /workspaces/xxxx/code_cure_agent/cca_workspace/pitest/pitest/target/apidocs/org/pitest/junit/CompoundTestUnitFinder.html...
Generating /workspaces/xxxx/code_cure_agent/cca_workspace/pitest/pitest/target/apidocs/org/pitest/junit/DescriptionFilter.html...
Generating /workspaces/xxxx/code_cure_agent/cca_workspace/pitest/pitest/target/apidocs/org/pitest/junit/JUnit4SuiteFinder.html...
Generating /workspaces/xxxx/code_cure_agent/cca_workspace/pitest/pitest/target/apidocs/org/pitest/junit/JUnitCompatibleConfiguration.html...
Generating /workspaces/xxxx/code_cure_agent/cca_workspace/pitest/pitest/target/apidocs/org/pitest/junit/JUnitCustomRunnerTestUnitFinder.html...
Generating /workspaces/xxxx/code_cure_agent/cca_workspace/pitest/pitest/target/apidocs/org/pitest/junit/JUnitTestPlugin.html...
Generating /workspaces/xxxx/code_cure_agent/cca_workspace/pitest/pitest/target/apidocs/org/pitest/junit/JUnitVersion.html...
Generating /workspaces/xxxx/code_cure_agent/cca_workspace/pitest/pitest/target/apidocs/org/pitest/junit/ParameterisedJUnitTestFinder.html...
Generating /workspaces/xxxx/code_cure_agent/cca_workspace/pitest/pitest/target/apidocs/org/pitest/junit/ParameterisedTestFilter.html...
Generating /workspaces/xxxx/code_cure_agent/cca_workspace/pitest/pitest/target/apidocs/org/pitest/junit/RunnerSuiteFinder.html...
Generating /workspaces/xxxx/code_cure_agent/cca_workspace/pitest/pitest/target/apidocs/org/pitest/junit/adapter/AdaptedJUnitTestUnit.html...
Generating /workspaces/xxxx/code_cure_agent/cca_workspace/pitest/pitest/target/apidocs/org/pitest/junit/adapter/CustomRunnerExecutor.html...
Generating /workspaces/xxxx/code_cure_agent/cca_workspace/pitest/pitest/target/apidocs/org/pitest/mutationtest/DetectionStatus.html...
Generating /workspaces/xxxx/code_cure_agent/cca_workspace/pitest/pitest/target/apidocs/org/pitest/mutationtest/EngineArguments.html...
Generating /workspaces/xxxx/code_cure_agent/cca_workspace/pitest/pitest/target/apidocs/org/pitest/mutationtest/MutationEngineFactory.html...
Generating /workspaces/xxxx/code_cure_agent/cca_workspace/pitest/pitest/target/apidocs/org/pitest/mutationtest/MutationStatusTestPair.html...
Generating /workspaces/xxxx/code_cure_agent/cca_workspace/pitest/pitest/target/apidocs/org/pitest/mutationtest/TimeoutLengthStrategy.html...
Generating /workspaces/xxxx/code_cure_agent/cca_workspace/pitest/pitest/target/apidocs/org/pitest/mutationtest/UnviableClassMutator.html...
Generating /workspaces/xxxx/code_cure_agent/cca_workspace/pitest/pitest/target/apidocs/org/pitest/mutationtest/build/PercentAndConstantTimeoutStrategy.html...
Generating /workspaces/xxxx/code_cure_agent/cca_workspace/pitest/pitest/target/apidocs/org/pitest/mutationtest/config/ClientPluginServices.html...
Generating /workspaces/xxxx/code_cure_agent/cca_workspace/pitest/pitest/target/apidocs/org/pitest/mutationtest/config/MinionSettings.html...
Generating /workspaces/xxxx/code_cure_agent/cca_workspace/pitest/pitest/target/apidocs/org/pitest/mutationtest/config/TestPluginArguments.html...
Generating /workspaces/xxxx/code_cure_agent/cca_workspace/pitest/pitest/target/apidocs/org/pitest/mutationtest/engine/Location.html...
Generating /workspaces/xxxx/code_cure_agent/cca_workspace/pitest/pitest/target/apidocs/org/pitest/mutationtest/engine/MethodName.html...
Generating /workspaces/xxxx/code_cure_agent/cca_workspace/pitest/pitest/target/apidocs/org/pitest/mutationtest/engine/Mutant.html...
Generating /workspaces/xxxx/code_cure_agent/cca_workspace/pitest/pitest/target/apidocs/org/pitest/mutationtest/engine/Mutater.html...
Generating /workspaces/xxxx/code_cure_agent/cca_workspace/pitest/pitest/target/apidocs/org/pitest/mutationtest/engine/MutationDetails.html...
Generating /workspaces/xxxx/code_cure_agent/cca_workspace/pitest/pitest/target/apidocs/org/pitest/mutationtest/engine/MutationEngine.html...
Generating /workspaces/xxxx/code_cure_agent/cca_workspace/pitest/pitest/target/apidocs/org/pitest/mutationtest/engine/MutationIdentifier.html...
Generating /workspaces/xxxx/code_cure_agent/cca_workspace/pitest/pitest/target/apidocs/org/pitest/mutationtest/engine/PoisonStatus.html...
Generating /workspaces/xxxx/code_cure_agent/cca_workspace/pitest/pitest/target/apidocs/org/pitest/mutationtest/engine/gregor/AbstractInsnMutator.html...
Generating /workspaces/xxxx/code_cure_agent/cca_workspace/pitest/pitest/target/apidocs/org/pitest/mutationtest/engine/gregor/AbstractJumpMutator.html...
Generating /workspaces/xxxx/code_cure_agent/cca_workspace/pitest/pitest/target/apidocs/org/pitest/mutationtest/engine/gregor/AbstractJumpMutator.Substitution.html...
Generating /workspaces/xxxx/code_cure_agent/cca_workspace/pitest/pitest/target/apidocs/org/pitest/mutationtest/engine/gregor/AvoidAssertsMethodAdapter.html...
Generating /workspaces/xxxx/code_cure_agent/cca_workspace/pitest/pitest/target/apidocs/org/pitest/mutationtest/engine/gregor/AvoidStringSwitchedMethodAdapter.html...
Generating /workspaces/xxxx/code_cure_agent/cca_workspace/pitest/pitest/target/apidocs/org/pitest/mutationtest/engine/gregor/ClassInfo.html...
Generating /workspaces/xxxx/code_cure_agent/cca_workspace/pitest/pitest/target/apidocs/org/pitest/mutationtest/engine/gregor/GregorMutater.html...
Generating /workspaces/xxxx/code_cure_agent/cca_workspace/pitest/pitest/target/apidocs/org/pitest/mutationtest/engine/gregor/GregorMutationEngine.html...
Generating /workspaces/xxxx/code_cure_agent/cca_workspace/pitest/pitest/target/apidocs/org/pitest/mutationtest/engine/gregor/InsnSubstitution.html...
Generating /workspaces/xxxx/code_cure_agent/cca_workspace/pitest/pitest/target/apidocs/org/pitest/mutationtest/engine/gregor/LineTrackingMethodVisitor.html...
Generating /workspaces/xxxx/code_cure_agent/cca_workspace/pitest/pitest/target/apidocs/org/pitest/mutationtest/engine/gregor/MethodInfo.html...
Generating /workspaces/xxxx/code_cure_agent/cca_workspace/pitest/pitest/target/apidocs/org/pitest/mutationtest/engine/gregor/MethodMutatorFactory.html...
Generating /workspaces/xxxx/code_cure_agent/cca_workspace/pitest/pitest/target/apidocs/org/pitest/mutationtest/engine/gregor/MutationContext.html...
Generating /workspaces/xxxx/code_cure_agent/cca_workspace/pitest/pitest/target/apidocs/org/pitest/mutationtest/engine/gregor/MutationEngineConfiguration.html...
Generating /workspaces/xxxx/code_cure_agent/cca_workspace/pitest/pitest/target/apidocs/org/pitest/mutationtest/engine/gregor/ZeroOperandMutation.html...
Generating /workspaces/xxxx/code_cure_agent/cca_workspace/pitest/pitest/target/apidocs/org/pitest/mutationtest/engine/gregor/analysis/DefaultInstructionCounter.html...
Generating /workspaces/xxxx/code_cure_agent/cca_workspace/pitest/pitest/target/apidocs/org/pitest/mutationtest/engine/gregor/analysis/InstructionCounter.html...
Generating /workspaces/xxxx/code_cure_agent/cca_workspace/pitest/pitest/target/apidocs/org/pitest/mutationtest/engine/gregor/analysis/InstructionTrackingMethodVisitor.html...
Generating /workspaces/xxxx/code_cure_agent/cca_workspace/pitest/pitest/target/apidocs/org/pitest/mutationtest/engine/gregor/blocks/BlockCounter.html...
Generating /workspaces/xxxx/code_cure_agent/cca_workspace/pitest/pitest/target/apidocs/org/pitest/mutationtest/engine/gregor/blocks/BlockTrackingMethodDecorator.html...
Generating /workspaces/xxxx/code_cure_agent/cca_workspace/pitest/pitest/target/apidocs/org/pitest/mutationtest/engine/gregor/blocks/ConcreteBlockCounter.html...
Generating /workspaces/xxxx/code_cure_agent/cca_workspace/pitest/pitest/target/apidocs/org/pitest/mutationtest/engine/gregor/config/DefaultMutationEngineConfiguration.html...
Generating /workspaces/xxxx/code_cure_agent/cca_workspace/pitest/pitest/target/apidocs/org/pitest/mutationtest/engine/gregor/config/GregorEngineFactory.html...
Generating /workspaces/xxxx/code_cure_agent/cca_workspace/pitest/pitest/target/apidocs/org/pitest/mutationtest/engine/gregor/config/Mutator.html...
Generating /workspaces/xxxx/code_cure_agent/cca_workspace/pitest/pitest/target/apidocs/org/pitest/mutationtest/engine/gregor/mutators/ArgumentPropagationMutator.html...
Generating /workspaces/xxxx/code_cure_agent/cca_workspace/pitest/pitest/target/apidocs/org/pitest/mutationtest/engine/gregor/mutators/BooleanFalseReturnValsMutator.html...
Generating /workspaces/xxxx/code_cure_agent/cca_workspace/pitest/pitest/target/apidocs/org/pitest/mutationtest/engine/gregor/mutators/BooleanTrueReturnValsMutator.html...
Generating /workspaces/xxxx/code_cure_agent/cca_workspace/pitest/pitest/target/apidocs/org/pitest/mutationtest/engine/gregor/mutators/ConditionalsBoundaryMutator.html...
Generating /workspaces/xxxx/code_cure_agent/cca_workspace/pitest/pitest/target/apidocs/org/pitest/mutationtest/engine/gregor/mutators/ConstructorCallMutator.html...
Generating /workspaces/xxxx/code_cure_agent/cca_workspace/pitest/pitest/target/apidocs/org/pitest/mutationtest/engine/gregor/mutators/EmptyObjectReturnValsMutator.html...
Generating /workspaces/xxxx/code_cure_agent/cca_workspace/pitest/pitest/target/apidocs/org/pitest/mutationtest/engine/gregor/mutators/IncrementsMutator.html...
Generating /workspaces/xxxx/code_cure_agent/cca_workspace/pitest/pitest/target/apidocs/org/pitest/mutationtest/engine/gregor/mutators/InlineConstantMutator.html...
Generating /workspaces/xxxx/code_cure_agent/cca_workspace/pitest/pitest/target/apidocs/org/pitest/mutationtest/engine/gregor/mutators/InvertNegsMutator.html...
Generating /workspaces/xxxx/code_cure_agent/cca_workspace/pitest/pitest/target/apidocs/org/pitest/mutationtest/engine/gregor/mutators/MathMutator.html...
Generating /workspaces/xxxx/code_cure_agent/cca_workspace/pitest/pitest/target/apidocs/org/pitest/mutationtest/engine/gregor/mutators/NegateConditionalsMutator.html...
Generating /workspaces/xxxx/code_cure_agent/cca_workspace/pitest/pitest/target/apidocs/org/pitest/mutationtest/engine/gregor/mutators/NonVoidMethodCallMutator.html...
Generating /workspaces/xxxx/code_cure_agent/cca_workspace/pitest/pitest/target/apidocs/org/pitest/mutationtest/engine/gregor/mutators/NullMutateEverything.html...
Generating /workspaces/xxxx/code_cure_agent/cca_workspace/pitest/pitest/target/apidocs/org/pitest/mutationtest/engine/gregor/mutators/NullReturnValsMutator.html...
Generating /workspaces/xxxx/code_cure_agent/cca_workspace/pitest/pitest/target/apidocs/org/pitest/mutationtest/engine/gregor/mutators/PrimitiveReturnsMutator.html...
Generating /workspaces/xxxx/code_cure_agent/cca_workspace/pitest/pitest/target/apidocs/org/pitest/mutationtest/engine/gregor/mutators/RemoveConditionalMutator.html...
Generating /workspaces/xxxx/code_cure_agent/cca_workspace/pitest/pitest/target/apidocs/org/pitest/mutationtest/engine/gregor/mutators/RemoveConditionalMutator.Choice.html...
Generating /workspaces/xxxx/code_cure_agent/cca_workspace/pitest/pitest/target/apidocs/org/pitest/mutationtest/engine/gregor/mutators/ReturnValsMutator.html...
Generating /workspaces/xxxx/code_cure_agent/cca_workspace/pitest/pitest/target/apidocs/org/pitest/mutationtest/engine/gregor/mutators/VoidMethodCallMutator.html...
Generating /workspaces/xxxx/code_cure_agent/cca_workspace/pitest/pitest/target/apidocs/org/pitest/mutationtest/engine/gregor/mutators/experimental/BigIntegerMutator.html...
Generating /workspaces/xxxx/code_cure_agent/cca_workspace/pitest/pitest/target/apidocs/org/pitest/mutationtest/engine/gregor/mutators/experimental/MemberVariableMutator.html...
Generating /workspaces/xxxx/code_cure_agent/cca_workspace/pitest/pitest/target/apidocs/org/pitest/mutationtest/engine/gregor/mutators/experimental/NakedReceiverMutator.html...
Generating /workspaces/xxxx/code_cure_agent/cca_workspace/pitest/pitest/target/apidocs/org/pitest/mutationtest/engine/gregor/mutators/experimental/RemoveIncrementsMutator.html...
Generating /workspaces/xxxx/code_cure_agent/cca_workspace/pitest/pitest/target/apidocs/org/pitest/mutationtest/engine/gregor/mutators/experimental/RemoveSwitchMutator.html...
Generating /workspaces/xxxx/code_cure_agent/cca_workspace/pitest/pitest/target/apidocs/org/pitest/mutationtest/engine/gregor/mutators/experimental/ReturnValuesMutator.html...
Generating /workspaces/xxxx/code_cure_agent/cca_workspace/pitest/pitest/target/apidocs/org/pitest/mutationtest/engine/gregor/mutators/experimental/SwitchMutator.html...
Generating /workspaces/xxxx/code_cure_agent/cca_workspace/pitest/pitest/target/apidocs/org/pitest/mutationtest/engine/gregor/mutators/rv/ABSMutator.html...
Generating /workspaces/xxxx/code_cure_agent/cca_workspace/pitest/pitest/target/apidocs/org/pitest/mutationtest/engine/gregor/mutators/rv/AbstractCRCRVisitor.html...
Generating /workspaces/xxxx/code_cure_agent/cca_workspace/pitest/pitest/target/apidocs/org/pitest/mutationtest/engine/gregor/mutators/rv/AOD1Mutator.html...
Generating /workspaces/xxxx/code_cure_agent/cca_workspace/pitest/pitest/target/apidocs/org/pitest/mutationtest/engine/gregor/mutators/rv/AOD2Mutator.html...
Generating /workspaces/xxxx/code_cure_agent/cca_workspace/pitest/pitest/target/apidocs/org/pitest/mutationtest/engine/gregor/mutators/rv/AOR1Mutator.html...
Generating /workspaces/xxxx/code_cure_agent/cca_workspace/pitest/pitest/target/apidocs/org/pitest/mutationtest/engine/gregor/mutators/rv/AOR2Mutator.html...
Generating /workspaces/xxxx/code_cure_agent/cca_workspace/pitest/pitest/target/apidocs/org/pitest/mutationtest/engine/gregor/mutators/rv/AOR3Mutator.html...
Generating /workspaces/xxxx/code_cure_agent/cca_workspace/pitest/pitest/target/apidocs/org/pitest/mutationtest/engine/gregor/mutators/rv/AOR4Mutator.html...
Generating /workspaces/xxxx/code_cure_agent/cca_workspace/pitest/pitest/target/apidocs/org/pitest/mutationtest/engine/gregor/mutators/rv/CRCR1Mutator.html...
Generating /workspaces/xxxx/code_cure_agent/cca_workspace/pitest/pitest/target/apidocs/org/pitest/mutationtest/engine/gregor/mutators/rv/CRCR2Mutator.html...
Generating /workspaces/xxxx/code_cure_agent/cca_workspace/pitest/pitest/target/apidocs/org/pitest/mutationtest/engine/gregor/mutators/rv/CRCR3Mutator.html...
Generating /workspaces/xxxx/code_cure_agent/cca_workspace/pitest/pitest/target/apidocs/org/pitest/mutationtest/engine/gregor/mutators/rv/CRCR4Mutator.html...
Generating /workspaces/xxxx/code_cure_agent/cca_workspace/pitest/pitest/target/apidocs/org/pitest/mutationtest/engine/gregor/mutators/rv/CRCR5Mutator.html...
Generating /workspaces/xxxx/code_cure_agent/cca_workspace/pitest/pitest/target/apidocs/org/pitest/mutationtest/engine/gregor/mutators/rv/CRCR6Mutator.html...
Generating /workspaces/xxxx/code_cure_agent/cca_workspace/pitest/pitest/target/apidocs/org/pitest/mutationtest/engine/gregor/mutators/rv/OBBN1Mutator.html...
Generating /workspaces/xxxx/code_cure_agent/cca_workspace/pitest/pitest/target/apidocs/org/pitest/mutationtest/engine/gregor/mutators/rv/OBBN2Mutator.html...
Generating /workspaces/xxxx/code_cure_agent/cca_workspace/pitest/pitest/target/apidocs/org/pitest/mutationtest/engine/gregor/mutators/rv/OBBN3Mutator.html...
Generating /workspaces/xxxx/code_cure_agent/cca_workspace/pitest/pitest/target/apidocs/org/pitest/mutationtest/engine/gregor/mutators/rv/ROR1Mutator.html...
Generating /workspaces/xxxx/code_cure_agent/cca_workspace/pitest/pitest/target/apidocs/org/pitest/mutationtest/engine/gregor/mutators/rv/ROR2Mutator.html...
Generating /workspaces/xxxx/code_cure_agent/cca_workspace/pitest/pitest/target/apidocs/org/pitest/mutationtest/engine/gregor/mutators/rv/ROR3Mutator.html...
Generating /workspaces/xxxx/code_cure_agent/cca_workspace/pitest/pitest/target/apidocs/org/pitest/mutationtest/engine/gregor/mutators/rv/ROR4Mutator.html...
Generating /workspaces/xxxx/code_cure_agent/cca_workspace/pitest/pitest/target/apidocs/org/pitest/mutationtest/engine/gregor/mutators/rv/ROR5Mutator.html...
Generating /workspaces/xxxx/code_cure_agent/cca_workspace/pitest/pitest/target/apidocs/org/pitest/mutationtest/engine/gregor/mutators/rv/UOI1Mutator.html...
Generating /workspaces/xxxx/code_cure_agent/cca_workspace/pitest/pitest/target/apidocs/org/pitest/mutationtest/engine/gregor/mutators/rv/UOI2Mutator.html...
Generating /workspaces/xxxx/code_cure_agent/cca_workspace/pitest/pitest/target/apidocs/org/pitest/mutationtest/engine/gregor/mutators/rv/UOI3Mutator.html...
Generating /workspaces/xxxx/code_cure_agent/cca_workspace/pitest/pitest/target/apidocs/org/pitest/mutationtest/engine/gregor/mutators/rv/UOI4Mutator.html...
Generating /workspaces/xxxx/code_cure_agent/cca_workspace/pitest/pitest/target/apidocs/org/pitest/mutationtest/execute/CheckTestHasFailedResultListener.html...
Generating /workspaces/xxxx/code_cure_agent/cca_workspace/pitest/pitest/target/apidocs/org/pitest/mutationtest/execute/CommandLineMessage.html...
Generating /workspaces/xxxx/code_cure_agent/cca_workspace/pitest/pitest/target/apidocs/org/pitest/mutationtest/execute/DefaultReporter.html...
Generating /workspaces/xxxx/code_cure_agent/cca_workspace/pitest/pitest/target/apidocs/org/pitest/mutationtest/execute/MemoryWatchdog.html...
Generating /workspaces/xxxx/code_cure_agent/cca_workspace/pitest/pitest/target/apidocs/org/pitest/mutationtest/execute/MinionArguments.html...
Generating /workspaces/xxxx/code_cure_agent/cca_workspace/pitest/pitest/target/apidocs/org/pitest/mutationtest/execute/MutationTestMinion.html...
Generating /workspaces/xxxx/code_cure_agent/cca_workspace/pitest/pitest/target/apidocs/org/pitest/mutationtest/execute/MutationTestWorker.html...
Generating /workspaces/xxxx/code_cure_agent/cca_workspace/pitest/pitest/target/apidocs/org/pitest/mutationtest/execute/MutationTimeoutDecorator.html...
Generating /workspaces/xxxx/code_cure_agent/cca_workspace/pitest/pitest/target/apidocs/org/pitest/mutationtest/execute/Reporter.html...
Generating /workspaces/xxxx/code_cure_agent/cca_workspace/pitest/pitest/target/apidocs/org/pitest/mutationtest/execute/TimeOutDecoratedTestSource.html...
Generating /workspaces/xxxx/code_cure_agent/cca_workspace/pitest/pitest/target/apidocs/org/pitest/mutationtest/execute/TimeOutSystemExitSideEffect.html...
Generating /workspaces/xxxx/code_cure_agent/cca_workspace/pitest/pitest/target/apidocs/org/pitest/mutationtest/mocksupport/BendJavassistToMyWillTransformer.html...
Generating /workspaces/xxxx/code_cure_agent/cca_workspace/pitest/pitest/target/apidocs/org/pitest/mutationtest/mocksupport/JavassistInputStreamInterceptorAdapater.html...
Generating /workspaces/xxxx/code_cure_agent/cca_workspace/pitest/pitest/target/apidocs/org/pitest/mutationtest/mocksupport/JavassistInterceptor.html...
Generating /workspaces/xxxx/code_cure_agent/cca_workspace/pitest/pitest/target/apidocs/org/pitest/plugin/ClientClasspathPlugin.html...
Generating /workspaces/xxxx/code_cure_agent/cca_workspace/pitest/pitest/target/apidocs/org/pitest/plugin/Feature.html...
Generating /workspaces/xxxx/code_cure_agent/cca_workspace/pitest/pitest/target/apidocs/org/pitest/plugin/FeatureParameter.html...
Generating /workspaces/xxxx/code_cure_agent/cca_workspace/pitest/pitest/target/apidocs/org/pitest/plugin/FeatureParser.html...
Generating /workspaces/xxxx/code_cure_agent/cca_workspace/pitest/pitest/target/apidocs/org/pitest/plugin/FeatureSelector.html...
Generating /workspaces/xxxx/code_cure_agent/cca_workspace/pitest/pitest/target/apidocs/org/pitest/plugin/FeatureSetting.html...
Generating /workspaces/xxxx/code_cure_agent/cca_workspace/pitest/pitest/target/apidocs/org/pitest/plugin/ProvidesFeature.html...
Generating /workspaces/xxxx/code_cure_agent/cca_workspace/pitest/pitest/target/apidocs/org/pitest/plugin/ToggleStatus.html...
Generating /workspaces/xxxx/code_cure_agent/cca_workspace/pitest/pitest/target/apidocs/org/pitest/plugin/ToolClasspathPlugin.html...
Generating /workspaces/xxxx/code_cure_agent/cca_workspace/pitest/pitest/target/apidocs/org/pitest/reflection/IsAnnotatedWith.html...
Generating /workspaces/xxxx/code_cure_agent/cca_workspace/pitest/pitest/target/apidocs/org/pitest/reflection/Reflection.html...
Generating /workspaces/xxxx/code_cure_agent/cca_workspace/pitest/pitest/target/apidocs/org/pitest/sequence/Context.html...
Generating /workspaces/xxxx/code_cure_agent/cca_workspace/pitest/pitest/target/apidocs/org/pitest/sequence/Match.html...
Generating /workspaces/xxxx/code_cure_agent/cca_workspace/pitest/pitest/target/apidocs/org/pitest/sequence/QueryParams.html...
Generating /workspaces/xxxx/code_cure_agent/cca_workspace/pitest/pitest/target/apidocs/org/pitest/sequence/QueryStart.html...
Generating /workspaces/xxxx/code_cure_agent/cca_workspace/pitest/pitest/target/apidocs/org/pitest/sequence/SequenceMatcher.html...
Generating /workspaces/xxxx/code_cure_agent/cca_workspace/pitest/pitest/target/apidocs/org/pitest/sequence/SequenceQuery.html...
Generating /workspaces/xxxx/code_cure_agent/cca_workspace/pitest/pitest/target/apidocs/org/pitest/sequence/Slot.html...
Generating /workspaces/xxxx/code_cure_agent/cca_workspace/pitest/pitest/target/apidocs/org/pitest/sequence/SlotRead.html...
Generating /workspaces/xxxx/code_cure_agent/cca_workspace/pitest/pitest/target/apidocs/org/pitest/sequence/SlotWrite.html...
Generating /workspaces/xxxx/code_cure_agent/cca_workspace/pitest/pitest/target/apidocs/org/pitest/testapi/AbstractTestUnit.html...
Generating /workspaces/xxxx/code_cure_agent/cca_workspace/pitest/pitest/target/apidocs/org/pitest/testapi/Configuration.html...
Generating /workspaces/xxxx/code_cure_agent/cca_workspace/pitest/pitest/target/apidocs/org/pitest/testapi/Description.html...
Generating /workspaces/xxxx/code_cure_agent/cca_workspace/pitest/pitest/target/apidocs/org/pitest/testapi/ResultCollector.html...
Generating /workspaces/xxxx/code_cure_agent/cca_workspace/pitest/pitest/target/apidocs/org/pitest/testapi/TestGroupConfig.html...
Generating /workspaces/xxxx/code_cure_agent/cca_workspace/pitest/pitest/target/apidocs/org/pitest/testapi/TestListener.html...
Generating /workspaces/xxxx/code_cure_agent/cca_workspace/pitest/pitest/target/apidocs/org/pitest/testapi/TestPluginFactory.html...
Generating /workspaces/xxxx/code_cure_agent/cca_workspace/pitest/pitest/target/apidocs/org/pitest/testapi/TestResult.html...
Generating /workspaces/xxxx/code_cure_agent/cca_workspace/pitest/pitest/target/apidocs/org/pitest/testapi/TestSuiteFinder.html...
Generating /workspaces/xxxx/code_cure_agent/cca_workspace/pitest/pitest/target/apidocs/org/pitest/testapi/TestUnit.html...
Generating /workspaces/xxxx/code_cure_agent/cca_workspace/pitest/pitest/target/apidocs/org/pitest/testapi/TestUnitFinder.html...
Generating /workspaces/xxxx/code_cure_agent/cca_workspace/pitest/pitest/target/apidocs/org/pitest/testapi/TestUnitState.html...
Generating /workspaces/xxxx/code_cure_agent/cca_workspace/pitest/pitest/target/apidocs/org/pitest/testapi/execute/Container.html...
Generating /workspaces/xxxx/code_cure_agent/cca_workspace/pitest/pitest/target/apidocs/org/pitest/testapi/execute/ExitingResultCollector.html...
Generating /workspaces/xxxx/code_cure_agent/cca_workspace/pitest/pitest/target/apidocs/org/pitest/testapi/execute/FindTestUnits.html...
Generating /workspaces/xxxx/code_cure_agent/cca_workspace/pitest/pitest/target/apidocs/org/pitest/testapi/execute/MultipleTestGroup.html...
Generating /workspaces/xxxx/code_cure_agent/cca_workspace/pitest/pitest/target/apidocs/org/pitest/testapi/execute/Pitest.html...
Generating /workspaces/xxxx/code_cure_agent/cca_workspace/pitest/pitest/target/apidocs/org/pitest/testapi/execute/ResultType.html...
Generating /workspaces/xxxx/code_cure_agent/cca_workspace/pitest/pitest/target/apidocs/org/pitest/testapi/execute/containers/ConcreteResultCollector.html...
Generating /workspaces/xxxx/code_cure_agent/cca_workspace/pitest/pitest/target/apidocs/org/pitest/testapi/execute/containers/UnContainer.html...
Generating /workspaces/xxxx/code_cure_agent/cca_workspace/pitest/pitest/target/apidocs/org/pitest/testng/FailureTracker.html...
Generating /workspaces/xxxx/code_cure_agent/cca_workspace/pitest/pitest/target/apidocs/org/pitest/testng/TestNGAdapter.html...
Generating /workspaces/xxxx/code_cure_agent/cca_workspace/pitest/pitest/target/apidocs/org/pitest/testng/TestNGConfiguration.html...
Generating /workspaces/xxxx/code_cure_agent/cca_workspace/pitest/pitest/target/apidocs/org/pitest/testng/TestNGPlugin.html...
Generating /workspaces/xxxx/code_cure_agent/cca_workspace/pitest/pitest/target/apidocs/org/pitest/testng/TestNGTestUnit.html...
Generating /workspaces/xxxx/code_cure_agent/cca_workspace/pitest/pitest/target/apidocs/org/pitest/testng/TestNGTestUnitFinder.html...
Generating /workspaces/xxxx/code_cure_agent/cca_workspace/pitest/pitest/target/apidocs/org/pitest/util/ExitCode.html...
Generating /workspaces/xxxx/code_cure_agent/cca_workspace/pitest/pitest/target/apidocs/org/pitest/util/Functions.html...
Generating /workspaces/xxxx/code_cure_agent/cca_workspace/pitest/pitest/target/apidocs/org/pitest/util/Glob.html...
Generating /workspaces/xxxx/code_cure_agent/cca_workspace/pitest/pitest/target/apidocs/org/pitest/util/Id.html...
Generating /workspaces/xxxx/code_cure_agent/cca_workspace/pitest/pitest/target/apidocs/org/pitest/util/IsolationUtils.html...
Generating /workspaces/xxxx/code_cure_agent/cca_workspace/pitest/pitest/target/apidocs/org/pitest/util/Log.html...
Generating /workspaces/xxxx/code_cure_agent/cca_workspace/pitest/pitest/target/apidocs/org/pitest/util/ManifestUtils.html...
Generating /workspaces/xxxx/code_cure_agent/cca_workspace/pitest/pitest/target/apidocs/org/pitest/util/PitError.html...
Generating /workspaces/xxxx/code_cure_agent/cca_workspace/pitest/pitest/target/apidocs/org/pitest/util/ReceiveStrategy.html...
Generating /workspaces/xxxx/code_cure_agent/cca_workspace/pitest/pitest/target/apidocs/org/pitest/util/SafeDataInputStream.html...
Generating /workspaces/xxxx/code_cure_agent/cca_workspace/pitest/pitest/target/apidocs/org/pitest/util/SafeDataOutputStream.html...
Generating /workspaces/xxxx/code_cure_agent/cca_workspace/pitest/pitest/target/apidocs/org/pitest/util/ServiceLoader.html...
Generating /workspaces/xxxx/code_cure_agent/cca_workspace/pitest/pitest/target/apidocs/org/pitest/util/StreamUtil.html...
Generating /workspaces/xxxx/code_cure_agent/cca_workspace/pitest/pitest/target/apidocs/org/pitest/util/StringUtil.html...
Generating /workspaces/xxxx/code_cure_agent/cca_workspace/pitest/pitest/target/apidocs/org/pitest/util/Unchecked.html...
Generating /workspaces/xxxx/code_cure_agent/cca_workspace/pitest/pitest/target/apidocs/sun/pitest/CodeCoverageStore.html...
Generating /workspaces/xxxx/code_cure_agent/cca_workspace/pitest/pitest/target/apidocs/sun/pitest/InvokeReceiver.html...
Generating /workspaces/xxxx/code_cure_agent/cca_workspace/pitest/pitest/target/apidocs/org/pitest/boot/package-summary.html...
Generating /workspaces/xxxx/code_cure_agent/cca_workspace/pitest/pitest/target/apidocs/org/pitest/boot/package-tree.html...
Generating /workspaces/xxxx/code_cure_agent/cca_workspace/pitest/pitest/target/apidocs/org/pitest/bytecode/package-summary.html...
Generating /workspaces/xxxx/code_cure_agent/cca_workspace/pitest/pitest/target/apidocs/org/pitest/bytecode/package-tree.html...
Generating /workspaces/xxxx/code_cure_agent/cca_workspace/pitest/pitest/target/apidocs/org/pitest/classinfo/package-summary.html...
Generating /workspaces/xxxx/code_cure_agent/cca_workspace/pitest/pitest/target/apidocs/org/pitest/classinfo/package-tree.html...
Generating /workspaces/xxxx/code_cure_agent/cca_workspace/pitest/pitest/target/apidocs/org/pitest/classpath/package-summary.html...
Generating /workspaces/xxxx/code_cure_agent/cca_workspace/pitest/pitest/target/apidocs/org/pitest/classpath/package-tree.html...
Generating /workspaces/xxxx/code_cure_agent/cca_workspace/pitest/pitest/target/apidocs/org/pitest/coverage/package-summary.html...
Generating /workspaces/xxxx/code_cure_agent/cca_workspace/pitest/pitest/target/apidocs/org/pitest/coverage/package-tree.html...
Generating /workspaces/xxxx/code_cure_agent/cca_workspace/pitest/pitest/target/apidocs/org/pitest/coverage/analysis/package-summary.html...
Generating /workspaces/xxxx/code_cure_agent/cca_workspace/pitest/pitest/target/apidocs/org/pitest/coverage/analysis/package-tree.html...
Generating /workspaces/xxxx/code_cure_agent/cca_workspace/pitest/pitest/target/apidocs/org/pitest/coverage/execute/package-summary.html...
Generating /workspaces/xxxx/code_cure_agent/cca_workspace/pitest/pitest/target/apidocs/org/pitest/coverage/execute/package-tree.html...
Generating /workspaces/xxxx/code_cure_agent/cca_workspace/pitest/pitest/target/apidocs/org/pitest/dependency/package-summary.html...
Generating /workspaces/xxxx/code_cure_agent/cca_workspace/pitest/pitest/target/apidocs/org/pitest/dependency/package-tree.html...
Generating /workspaces/xxxx/code_cure_agent/cca_workspace/pitest/pitest/target/apidocs/org/pitest/extension/common/package-summary.html...
Generating /workspaces/xxxx/code_cure_agent/cca_workspace/pitest/pitest/target/apidocs/org/pitest/extension/common/package-tree.html...
Generating /workspaces/xxxx/code_cure_agent/cca_workspace/pitest/pitest/target/apidocs/org/pitest/functional/package-summary.html...
Generating /workspaces/xxxx/code_cure_agent/cca_workspace/pitest/pitest/target/apidocs/org/pitest/functional/package-tree.html...
Generating /workspaces/xxxx/code_cure_agent/cca_workspace/pitest/pitest/target/apidocs/org/pitest/functional/predicate/package-summary.html...
Generating /workspaces/xxxx/code_cure_agent/cca_workspace/pitest/pitest/target/apidocs/org/pitest/functional/predicate/package-tree.html...
Generating /workspaces/xxxx/code_cure_agent/cca_workspace/pitest/pitest/target/apidocs/org/pitest/functional/prelude/package-summary.html...
Generating /workspaces/xxxx/code_cure_agent/cca_workspace/pitest/pitest/target/apidocs/org/pitest/functional/prelude/package-tree.html...
Generating /workspaces/xxxx/code_cure_agent/cca_workspace/pitest/pitest/target/apidocs/org/pitest/help/package-summary.html...
Generating /workspaces/xxxx/code_cure_agent/cca_workspace/pitest/pitest/target/apidocs/org/pitest/help/package-tree.html...
Generating /workspaces/xxxx/code_cure_agent/cca_workspace/pitest/pitest/target/apidocs/org/pitest/junit/package-summary.html...
Generating /workspaces/xxxx/code_cure_agent/cca_workspace/pitest/pitest/target/apidocs/org/pitest/junit/package-tree.html...
Generating /workspaces/xxxx/code_cure_agent/cca_workspace/pitest/pitest/target/apidocs/org/pitest/junit/adapter/package-summary.html...
Generating /workspaces/xxxx/code_cure_agent/cca_workspace/pitest/pitest/target/apidocs/org/pitest/junit/adapter/package-tree.html...
Generating /workspaces/xxxx/code_cure_agent/cca_workspace/pitest/pitest/target/apidocs/org/pitest/mutationtest/package-summary.html...
Generating /workspaces/xxxx/code_cure_agent/cca_workspace/pitest/pitest/target/apidocs/org/pitest/mutationtest/package-tree.html...
Generating /workspaces/xxxx/code_cure_agent/cca_workspace/pitest/pitest/target/apidocs/org/pitest/mutationtest/build/package-summary.html...
Generating /workspaces/xxxx/code_cure_agent/cca_workspace/pitest/pitest/target/apidocs/org/pitest/mutationtest/build/package-tree.html...
Generating /workspaces/xxxx/code_cure_agent/cca_workspace/pitest/pitest/target/apidocs/org/pitest/mutationtest/config/package-summary.html...
Generating /workspaces/xxxx/code_cure_agent/cca_workspace/pitest/pitest/target/apidocs/org/pitest/mutationtest/config/package-tree.html...
Generating /workspaces/xxxx/code_cure_agent/cca_workspace/pitest/pitest/target/apidocs/org/pitest/mutationtest/engine/package-summary.html...
Generating /workspaces/xxxx/code_cure_agent/cca_workspace/pitest/pitest/target/apidocs/org/pitest/mutationtest/engine/package-tree.html...
Generating /workspaces/xxxx/code_cure_agent/cca_workspace/pitest/pitest/target/apidocs/org/pitest/mutationtest/engine/gregor/package-summary.html...
Generating /workspaces/xxxx/code_cure_agent/cca_workspace/pitest/pitest/target/apidocs/org/pitest/mutationtest/engine/gregor/package-tree.html...
Generating /workspaces/xxxx/code_cure_agent/cca_workspace/pitest/pitest/target/apidocs/org/pitest/mutationtest/engine/gregor/analysis/package-summary.html...
Generating /workspaces/xxxx/code_cure_agent/cca_workspace/pitest/pitest/target/apidocs/org/pitest/mutationtest/engine/gregor/analysis/package-tree.html...
Generating /workspaces/xxxx/code_cure_agent/cca_workspace/pitest/pitest/target/apidocs/org/pitest/mutationtest/engine/gregor/blocks/package-summary.html...
Generating /workspaces/xxxx/code_cure_agent/cca_workspace/pitest/pitest/target/apidocs/org/pitest/mutationtest/engine/gregor/blocks/package-tree.html...
Generating /workspaces/xxxx/code_cure_agent/cca_workspace/pitest/pitest/target/apidocs/org/pitest/mutationtest/engine/gregor/config/package-summary.html...
Generating /workspaces/xxxx/code_cure_agent/cca_workspace/pitest/pitest/target/apidocs/org/pitest/mutationtest/engine/gregor/config/package-tree.html...
Generating /workspaces/xxxx/code_cure_agent/cca_workspace/pitest/pitest/target/apidocs/org/pitest/mutationtest/engine/gregor/mutators/package-summary.html...
Generating /workspaces/xxxx/code_cure_agent/cca_workspace/pitest/pitest/target/apidocs/org/pitest/mutationtest/engine/gregor/mutators/package-tree.html...
Generating /workspaces/xxxx/code_cure_agent/cca_workspace/pitest/pitest/target/apidocs/org/pitest/mutationtest/engine/gregor/mutators/experimental/package-summary.html...
Generating /workspaces/xxxx/code_cure_agent/cca_workspace/pitest/pitest/target/apidocs/org/pitest/mutationtest/engine/gregor/mutators/experimental/package-tree.html...
Generating /workspaces/xxxx/code_cure_agent/cca_workspace/pitest/pitest/target/apidocs/org/pitest/mutationtest/engine/gregor/mutators/rv/package-summary.html...
Generating /workspaces/xxxx/code_cure_agent/cca_workspace/pitest/pitest/target/apidocs/org/pitest/mutationtest/engine/gregor/mutators/rv/package-tree.html...
Generating /workspaces/xxxx/code_cure_agent/cca_workspace/pitest/pitest/target/apidocs/org/pitest/mutationtest/execute/package-summary.html...
Generating /workspaces/xxxx/code_cure_agent/cca_workspace/pitest/pitest/target/apidocs/org/pitest/mutationtest/execute/package-tree.html...
Generating /workspaces/xxxx/code_cure_agent/cca_workspace/pitest/pitest/target/apidocs/org/pitest/mutationtest/mocksupport/package-summary.html...
Generating /workspaces/xxxx/code_cure_agent/cca_workspace/pitest/pitest/target/apidocs/org/pitest/mutationtest/mocksupport/package-tree.html...
Generating /workspaces/xxxx/code_cure_agent/cca_workspace/pitest/pitest/target/apidocs/org/pitest/plugin/package-summary.html...
Generating /workspaces/xxxx/code_cure_agent/cca_workspace/pitest/pitest/target/apidocs/org/pitest/plugin/package-tree.html...
Generating /workspaces/xxxx/code_cure_agent/cca_workspace/pitest/pitest/target/apidocs/org/pitest/reflection/package-summary.html...
Generating /workspaces/xxxx/code_cure_agent/cca_workspace/pitest/pitest/target/apidocs/org/pitest/reflection/package-tree.html...
Generating /workspaces/xxxx/code_cure_agent/cca_workspace/pitest/pitest/target/apidocs/org/pitest/sequence/package-summary.html...
Generating /workspaces/xxxx/code_cure_agent/cca_workspace/pitest/pitest/target/apidocs/org/pitest/sequence/package-tree.html...
Generating /workspaces/xxxx/code_cure_agent/cca_workspace/pitest/pitest/target/apidocs/org/pitest/testapi/package-summary.html...
Generating /workspaces/xxxx/code_cure_agent/cca_workspace/pitest/pitest/target/apidocs/org/pitest/testapi/package-tree.html...
Generating /workspaces/xxxx/code_cure_agent/cca_workspace/pitest/pitest/target/apidocs/org/pitest/testapi/execute/package-summary.html...
Generating /workspaces/xxxx/code_cure_agent/cca_workspace/pitest/pitest/target/apidocs/org/pitest/testapi/execute/package-tree.html...
Generating /workspaces/xxxx/code_cure_agent/cca_workspace/pitest/pitest/target/apidocs/org/pitest/testapi/execute/containers/package-summary.html...
Generating /workspaces/xxxx/code_cure_agent/cca_workspace/pitest/pitest/target/apidocs/org/pitest/testapi/execute/containers/package-tree.html...
Generating /workspaces/xxxx/code_cure_agent/cca_workspace/pitest/pitest/target/apidocs/org/pitest/testng/package-summary.html...
Generating /workspaces/xxxx/code_cure_agent/cca_workspace/pitest/pitest/target/apidocs/org/pitest/testng/package-tree.html...
Generating /workspaces/xxxx/code_cure_agent/cca_workspace/pitest/pitest/target/apidocs/org/pitest/util/package-summary.html...
Generating /workspaces/xxxx/code_cure_agent/cca_workspace/pitest/pitest/target/apidocs/org/pitest/util/package-tree.html...
Generating /workspaces/xxxx/code_cure_agent/cca_workspace/pitest/pitest/target/apidocs/sun/pitest/package-summary.html...
Generating /workspaces/xxxx/code_cure_agent/cca_workspace/pitest/pitest/target/apidocs/sun/pitest/package-tree.html...
Generating /workspaces/xxxx/code_cure_agent/cca_workspace/pitest/pitest/target/apidocs/constant-values.html...
Generating /workspaces/xxxx/code_cure_agent/cca_workspace/pitest/pitest/target/apidocs/serialized-form.html...
Generating /workspaces/xxxx/code_cure_agent/cca_workspace/pitest/pitest/target/apidocs/sun/pitest/class-use/CodeCoverageStore.html...
Generating /workspaces/xxxx/code_cure_agent/cca_workspace/pitest/pitest/target/apidocs/sun/pitest/class-use/InvokeReceiver.html...
Generating /workspaces/xxxx/code_cure_agent/cca_workspace/pitest/pitest/target/apidocs/org/pitest/plugin/class-use/FeatureSelector.html...
Generating /workspaces/xxxx/code_cure_agent/cca_workspace/pitest/pitest/target/apidocs/org/pitest/plugin/class-use/Feature.html...
Generating /workspaces/xxxx/code_cure_agent/cca_workspace/pitest/pitest/target/apidocs/org/pitest/plugin/class-use/ToolClasspathPlugin.html...
Generating /workspaces/xxxx/code_cure_agent/cca_workspace/pitest/pitest/target/apidocs/org/pitest/plugin/class-use/FeatureParser.html...
Generating /workspaces/xxxx/code_cure_agent/cca_workspace/pitest/pitest/target/apidocs/org/pitest/plugin/class-use/FeatureSetting.html...
Generating /workspaces/xxxx/code_cure_agent/cca_workspace/pitest/pitest/target/apidocs/org/pitest/plugin/class-use/ToggleStatus.html...
Generating /workspaces/xxxx/code_cure_agent/cca_workspace/pitest/pitest/target/apidocs/org/pitest/plugin/class-use/FeatureParameter.html...
Generating /workspaces/xxxx/code_cure_agent/cca_workspace/pitest/pitest/target/apidocs/org/pitest/plugin/class-use/ClientClasspathPlugin.html...
Generating /workspaces/xxxx/code_cure_agent/cca_workspace/pitest/pitest/target/apidocs/org/pitest/plugin/class-use/ProvidesFeature.html...
Generating /workspaces/xxxx/code_cure_agent/cca_workspace/pitest/pitest/target/apidocs/org/pitest/classpath/class-use/ClassPathByteArraySource.html...
Generating /workspaces/xxxx/code_cure_agent/cca_workspace/pitest/pitest/target/apidocs/org/pitest/classpath/class-use/CompoundClassPathRoot.html...
Generating /workspaces/xxxx/code_cure_agent/cca_workspace/pitest/pitest/target/apidocs/org/pitest/classpath/class-use/PathFilter.html...
Generating /workspaces/xxxx/code_cure_agent/cca_workspace/pitest/pitest/target/apidocs/org/pitest/classpath/class-use/ClassPath.html...
Generating /workspaces/xxxx/code_cure_agent/cca_workspace/pitest/pitest/target/apidocs/org/pitest/classpath/class-use/CodeSource.html...
Generating /workspaces/xxxx/code_cure_agent/cca_workspace/pitest/pitest/target/apidocs/org/pitest/classpath/class-use/DirectoryClassPathRoot.html...
Generating /workspaces/xxxx/code_cure_agent/cca_workspace/pitest/pitest/target/apidocs/org/pitest/classpath/class-use/IOHeavyRoot.html...
Generating /workspaces/xxxx/code_cure_agent/cca_workspace/pitest/pitest/target/apidocs/org/pitest/classpath/class-use/OtherClassLoaderClassPathRoot.html...
Generating /workspaces/xxxx/code_cure_agent/cca_workspace/pitest/pitest/target/apidocs/org/pitest/classpath/class-use/NameCachingRoot.html...
Generating /workspaces/xxxx/code_cure_agent/cca_workspace/pitest/pitest/target/apidocs/org/pitest/classpath/class-use/ClassFilter.html...
Generating /workspaces/xxxx/code_cure_agent/cca_workspace/pitest/pitest/target/apidocs/org/pitest/classpath/class-use/ArchiveClassPathRoot.html...
Generating /workspaces/xxxx/code_cure_agent/cca_workspace/pitest/pitest/target/apidocs/org/pitest/classpath/class-use/ClassloaderByteArraySource.html...
Generating /workspaces/xxxx/code_cure_agent/cca_workspace/pitest/pitest/target/apidocs/org/pitest/classpath/class-use/ProjectClassPaths.html...
Generating /workspaces/xxxx/code_cure_agent/cca_workspace/pitest/pitest/target/apidocs/org/pitest/classpath/class-use/ClassPathRoot.html...
Generating /workspaces/xxxx/code_cure_agent/cca_workspace/pitest/pitest/target/apidocs/org/pitest/sequence/class-use/Slot.html...
Generating /workspaces/xxxx/code_cure_agent/cca_workspace/pitest/pitest/target/apidocs/org/pitest/sequence/class-use/QueryStart.html...
Generating /workspaces/xxxx/code_cure_agent/cca_workspace/pitest/pitest/target/apidocs/org/pitest/sequence/class-use/QueryParams.html...
Generating /workspaces/xxxx/code_cure_agent/cca_workspace/pitest/pitest/target/apidocs/org/pitest/sequence/class-use/SlotRead.html...
Generating /workspaces/xxxx/code_cure_agent/cca_workspace/pitest/pitest/target/apidocs/org/pitest/sequence/class-use/SlotWrite.html...
Generating /workspaces/xxxx/code_cure_agent/cca_workspace/pitest/pitest/target/apidocs/org/pitest/sequence/class-use/SequenceMatcher.html...
Generating /workspaces/xxxx/code_cure_agent/cca_workspace/pitest/pitest/target/apidocs/org/pitest/sequence/class-use/Match.html...
Generating /workspaces/xxxx/code_cure_agent/cca_workspace/pitest/pitest/target/apidocs/org/pitest/sequence/class-use/Context.html...
Generating /workspaces/xxxx/code_cure_agent/cca_workspace/pitest/pitest/target/apidocs/org/pitest/sequence/class-use/SequenceQuery.html...
Generating /workspaces/xxxx/code_cure_agent/cca_workspace/pitest/pitest/target/apidocs/org/pitest/dependency/class-use/DependencyExtractor.html...
Generating /workspaces/xxxx/code_cure_agent/cca_workspace/pitest/pitest/target/apidocs/org/pitest/dependency/class-use/IgnoreCoreClasses.html...
Generating /workspaces/xxxx/code_cure_agent/cca_workspace/pitest/pitest/target/apidocs/org/pitest/boot/class-use/HotSwapAgent.html...
Generating /workspaces/xxxx/code_cure_agent/cca_workspace/pitest/pitest/target/apidocs/org/pitest/coverage/class-use/CoverageClassVisitor.html...
Generating /workspaces/xxxx/code_cure_agent/cca_workspace/pitest/pitest/target/apidocs/org/pitest/coverage/class-use/TestInfo.html...
Generating /workspaces/xxxx/code_cure_agent/cca_workspace/pitest/pitest/target/apidocs/org/pitest/coverage/class-use/BlockCoverage.html...
Generating /workspaces/xxxx/code_cure_agent/cca_workspace/pitest/pitest/target/apidocs/org/pitest/coverage/class-use/InstructionLocation.html...
Generating /workspaces/xxxx/code_cure_agent/cca_workspace/pitest/pitest/target/apidocs/org/pitest/coverage/class-use/AlreadyInstrumentedException.html...
Generating /workspaces/xxxx/code_cure_agent/cca_workspace/pitest/pitest/target/apidocs/org/pitest/coverage/class-use/ClassLine.html...
Generating /workspaces/xxxx/code_cure_agent/cca_workspace/pitest/pitest/target/apidocs/org/pitest/coverage/class-use/CoverageReceiver.html...
Generating /workspaces/xxxx/code_cure_agent/cca_workspace/pitest/pitest/target/apidocs/org/pitest/coverage/class-use/CoverageTransformer.html...
Generating /workspaces/xxxx/code_cure_agent/cca_workspace/pitest/pitest/target/apidocs/org/pitest/coverage/class-use/BlockLocation.html...
Generating /workspaces/xxxx/code_cure_agent/cca_workspace/pitest/pitest/target/apidocs/org/pitest/coverage/class-use/CoverageResult.html...
Generating /workspaces/xxxx/code_cure_agent/cca_workspace/pitest/pitest/target/apidocs/org/pitest/coverage/class-use/LineMap.html...
Generating /workspaces/xxxx/code_cure_agent/cca_workspace/pitest/pitest/target/apidocs/org/pitest/coverage/analysis/class-use/CoverageAnalyser.html...
Generating /workspaces/xxxx/code_cure_agent/cca_workspace/pitest/pitest/target/apidocs/org/pitest/coverage/analysis/class-use/ControlFlowAnalyser.html...
Generating /workspaces/xxxx/code_cure_agent/cca_workspace/pitest/pitest/target/apidocs/org/pitest/coverage/analysis/class-use/Block.html...
Generating /workspaces/xxxx/code_cure_agent/cca_workspace/pitest/pitest/target/apidocs/org/pitest/coverage/analysis/class-use/LineMapper.html...
Generating /workspaces/xxxx/code_cure_agent/cca_workspace/pitest/pitest/target/apidocs/org/pitest/coverage/analysis/class-use/ArrayProbeCoverageMethodVisitor.html...
Generating /workspaces/xxxx/code_cure_agent/cca_workspace/pitest/pitest/target/apidocs/org/pitest/coverage/execute/class-use/JavassistCoverageInterceptor.html...
Generating /workspaces/xxxx/code_cure_agent/cca_workspace/pitest/pitest/target/apidocs/org/pitest/coverage/execute/class-use/CoverageWorker.html...
Generating /workspaces/xxxx/code_cure_agent/cca_workspace/pitest/pitest/target/apidocs/org/pitest/coverage/execute/class-use/ErrorListener.html...
Generating /workspaces/xxxx/code_cure_agent/cca_workspace/pitest/pitest/target/apidocs/org/pitest/coverage/execute/class-use/CoverageDecorator.html...
Generating /workspaces/xxxx/code_cure_agent/cca_workspace/pitest/pitest/target/apidocs/org/pitest/coverage/execute/class-use/CoverageMinion.html...
Generating /workspaces/xxxx/code_cure_agent/cca_workspace/pitest/pitest/target/apidocs/org/pitest/coverage/execute/class-use/CoveragePipe.html...
Generating /workspaces/xxxx/code_cure_agent/cca_workspace/pitest/pitest/target/apidocs/org/pitest/coverage/execute/class-use/CoverageOptions.html...
Generating /workspaces/xxxx/code_cure_agent/cca_workspace/pitest/pitest/target/apidocs/org/pitest/extension/common/class-use/TestUnitDecorator.html...
Generating /workspaces/xxxx/code_cure_agent/cca_workspace/pitest/pitest/target/apidocs/org/pitest/extension/common/class-use/CompoundTestSuiteFinder.html...
Generating /workspaces/xxxx/code_cure_agent/cca_workspace/pitest/pitest/target/apidocs/org/pitest/extension/common/class-use/NoTestSuiteFinder.html...
Generating /workspaces/xxxx/code_cure_agent/cca_workspace/pitest/pitest/target/apidocs/org/pitest/bytecode/class-use/ASMVersion.html...
Generating /workspaces/xxxx/code_cure_agent/cca_workspace/pitest/pitest/target/apidocs/org/pitest/bytecode/class-use/NullVisitor.html...
Generating /workspaces/xxxx/code_cure_agent/cca_workspace/pitest/pitest/target/apidocs/org/pitest/bytecode/class-use/NullVisitor.NullMethodVisitor.html...
Generating /workspaces/xxxx/code_cure_agent/cca_workspace/pitest/pitest/target/apidocs/org/pitest/bytecode/class-use/NullVisitor.NullAnnotationVisitor.html...
Generating /workspaces/xxxx/code_cure_agent/cca_workspace/pitest/pitest/target/apidocs/org/pitest/bytecode/class-use/FrameOptions.html...
Generating /workspaces/xxxx/code_cure_agent/cca_workspace/pitest/pitest/target/apidocs/org/pitest/testapi/class-use/TestPluginFactory.html...
Generating /workspaces/xxxx/code_cure_agent/cca_workspace/pitest/pitest/target/apidocs/org/pitest/testapi/class-use/AbstractTestUnit.html...
Generating /workspaces/xxxx/code_cure_agent/cca_workspace/pitest/pitest/target/apidocs/org/pitest/testapi/class-use/TestListener.html...
Generating /workspaces/xxxx/code_cure_agent/cca_workspace/pitest/pitest/target/apidocs/org/pitest/testapi/class-use/TestUnitState.html...
Generating /workspaces/xxxx/code_cure_agent/cca_workspace/pitest/pitest/target/apidocs/org/pitest/testapi/class-use/TestSuiteFinder.html...
Generating /workspaces/xxxx/code_cure_agent/cca_workspace/pitest/pitest/target/apidocs/org/pitest/testapi/class-use/TestUnitFinder.html...
Generating /workspaces/xxxx/code_cure_agent/cca_workspace/pitest/pitest/target/apidocs/org/pitest/testapi/class-use/TestUnit.html...
Generating /workspaces/xxxx/code_cure_agent/cca_workspace/pitest/pitest/target/apidocs/org/pitest/testapi/class-use/TestGroupConfig.html...
Generating /workspaces/xxxx/code_cure_agent/cca_workspace/pitest/pitest/target/apidocs/org/pitest/testapi/class-use/Configuration.html...
Generating /workspaces/xxxx/code_cure_agent/cca_workspace/pitest/pitest/target/apidocs/org/pitest/testapi/class-use/Description.html...
Generating /workspaces/xxxx/code_cure_agent/cca_workspace/pitest/pitest/target/apidocs/org/pitest/testapi/class-use/ResultCollector.html...
Generating /workspaces/xxxx/code_cure_agent/cca_workspace/pitest/pitest/target/apidocs/org/pitest/testapi/class-use/TestResult.html...
Generating /workspaces/xxxx/code_cure_agent/cca_workspace/pitest/pitest/target/apidocs/org/pitest/testapi/execute/containers/class-use/UnContainer.html...
Generating /workspaces/xxxx/code_cure_agent/cca_workspace/pitest/pitest/target/apidocs/org/pitest/testapi/execute/containers/class-use/ConcreteResultCollector.html...
Generating /workspaces/xxxx/code_cure_agent/cca_workspace/pitest/pitest/target/apidocs/org/pitest/testapi/execute/class-use/Container.html...
Generating /workspaces/xxxx/code_cure_agent/cca_workspace/pitest/pitest/target/apidocs/org/pitest/testapi/execute/class-use/FindTestUnits.html...
Generating /workspaces/xxxx/code_cure_agent/cca_workspace/pitest/pitest/target/apidocs/org/pitest/testapi/execute/class-use/MultipleTestGroup.html...
Generating /workspaces/xxxx/code_cure_agent/cca_workspace/pitest/pitest/target/apidocs/org/pitest/testapi/execute/class-use/ResultType.html...
Generating /workspaces/xxxx/code_cure_agent/cca_workspace/pitest/pitest/target/apidocs/org/pitest/testapi/execute/class-use/ExitingResultCollector.html...
Generating /workspaces/xxxx/code_cure_agent/cca_workspace/pitest/pitest/target/apidocs/org/pitest/testapi/execute/class-use/Pitest.html...
Generating /workspaces/xxxx/code_cure_agent/cca_workspace/pitest/pitest/target/apidocs/org/pitest/junit/class-use/JUnitTestPlugin.html...
Generating /workspaces/xxxx/code_cure_agent/cca_workspace/pitest/pitest/target/apidocs/org/pitest/junit/class-use/JUnit4SuiteFinder.html...
Generating /workspaces/xxxx/code_cure_agent/cca_workspace/pitest/pitest/target/apidocs/org/pitest/junit/class-use/JUnitCustomRunnerTestUnitFinder.html...
Generating /workspaces/xxxx/code_cure_agent/cca_workspace/pitest/pitest/target/apidocs/org/pitest/junit/class-use/JUnitCompatibleConfiguration.html...
Generating /workspaces/xxxx/code_cure_agent/cca_workspace/pitest/pitest/target/apidocs/org/pitest/junit/class-use/CompoundTestUnitFinder.html...
Generating /workspaces/xxxx/code_cure_agent/cca_workspace/pitest/pitest/target/apidocs/org/pitest/junit/class-use/ParameterisedTestFilter.html...
Generating /workspaces/xxxx/code_cure_agent/cca_workspace/pitest/pitest/target/apidocs/org/pitest/junit/class-use/DescriptionFilter.html...
Generating /workspaces/xxxx/code_cure_agent/cca_workspace/pitest/pitest/target/apidocs/org/pitest/junit/class-use/ParameterisedJUnitTestFinder.html...
Generating /workspaces/xxxx/code_cure_agent/cca_workspace/pitest/pitest/target/apidocs/org/pitest/junit/class-use/JUnitVersion.html...
Generating /workspaces/xxxx/code_cure_agent/cca_workspace/pitest/pitest/target/apidocs/org/pitest/junit/class-use/RunnerSuiteFinder.html...
Generating /workspaces/xxxx/code_cure_agent/cca_workspace/pitest/pitest/target/apidocs/org/pitest/junit/adapter/class-use/AdaptedJUnitTestUnit.html...
Generating /workspaces/xxxx/code_cure_agent/cca_workspace/pitest/pitest/target/apidocs/org/pitest/junit/adapter/class-use/CustomRunnerExecutor.html...
Generating /workspaces/xxxx/code_cure_agent/cca_workspace/pitest/pitest/target/apidocs/org/pitest/mutationtest/class-use/DetectionStatus.html...
Generating /workspaces/xxxx/code_cure_agent/cca_workspace/pitest/pitest/target/apidocs/org/pitest/mutationtest/class-use/MutationStatusTestPair.html...
Generating /workspaces/xxxx/code_cure_agent/cca_workspace/pitest/pitest/target/apidocs/org/pitest/mutationtest/class-use/TimeoutLengthStrategy.html...
Generating /workspaces/xxxx/code_cure_agent/cca_workspace/pitest/pitest/target/apidocs/org/pitest/mutationtest/class-use/EngineArguments.html...
Generating /workspaces/xxxx/code_cure_agent/cca_workspace/pitest/pitest/target/apidocs/org/pitest/mutationtest/class-use/MutationEngineFactory.html...
Generating /workspaces/xxxx/code_cure_agent/cca_workspace/pitest/pitest/target/apidocs/org/pitest/mutationtest/class-use/UnviableClassMutator.html...
Generating /workspaces/xxxx/code_cure_agent/cca_workspace/pitest/pitest/target/apidocs/org/pitest/mutationtest/execute/class-use/MemoryWatchdog.html...
Generating /workspaces/xxxx/code_cure_agent/cca_workspace/pitest/pitest/target/apidocs/org/pitest/mutationtest/execute/class-use/TimeOutSystemExitSideEffect.html...
Generating /workspaces/xxxx/code_cure_agent/cca_workspace/pitest/pitest/target/apidocs/org/pitest/mutationtest/execute/class-use/MinionArguments.html...
Generating /workspaces/xxxx/code_cure_agent/cca_workspace/pitest/pitest/target/apidocs/org/pitest/mutationtest/execute/class-use/MutationTestMinion.html...
Generating /workspaces/xxxx/code_cure_agent/cca_workspace/pitest/pitest/target/apidocs/org/pitest/mutationtest/execute/class-use/CommandLineMessage.html...
Generating /workspaces/xxxx/code_cure_agent/cca_workspace/pitest/pitest/target/apidocs/org/pitest/mutationtest/execute/class-use/DefaultReporter.html...
Generating /workspaces/xxxx/code_cure_agent/cca_workspace/pitest/pitest/target/apidocs/org/pitest/mutationtest/execute/class-use/MutationTimeoutDecorator.html...
Generating /workspaces/xxxx/code_cure_agent/cca_workspace/pitest/pitest/target/apidocs/org/pitest/mutationtest/execute/class-use/CheckTestHasFailedResultListener.html...
Generating /workspaces/xxxx/code_cure_agent/cca_workspace/pitest/pitest/target/apidocs/org/pitest/mutationtest/execute/class-use/TimeOutDecoratedTestSource.html...
Generating /workspaces/xxxx/code_cure_agent/cca_workspace/pitest/pitest/target/apidocs/org/pitest/mutationtest/execute/class-use/Reporter.html...
Generating /workspaces/xxxx/code_cure_agent/cca_workspace/pitest/pitest/target/apidocs/org/pitest/mutationtest/execute/class-use/MutationTestWorker.html...
Generating /workspaces/xxxx/code_cure_agent/cca_workspace/pitest/pitest/target/apidocs/org/pitest/mutationtest/build/class-use/PercentAndConstantTimeoutStrategy.html...
Generating /workspaces/xxxx/code_cure_agent/cca_workspace/pitest/pitest/target/apidocs/org/pitest/mutationtest/config/class-use/TestPluginArguments.html...
Generating /workspaces/xxxx/code_cure_agent/cca_workspace/pitest/pitest/target/apidocs/org/pitest/mutationtest/config/class-use/ClientPluginServices.html...
Generating /workspaces/xxxx/code_cure_agent/cca_workspace/pitest/pitest/target/apidocs/org/pitest/mutationtest/config/class-use/MinionSettings.html...
Generating /workspaces/xxxx/code_cure_agent/cca_workspace/pitest/pitest/target/apidocs/org/pitest/mutationtest/engine/class-use/PoisonStatus.html...
Generating /workspaces/xxxx/code_cure_agent/cca_workspace/pitest/pitest/target/apidocs/org/pitest/mutationtest/engine/class-use/MutationIdentifier.html...
Generating /workspaces/xxxx/code_cure_agent/cca_workspace/pitest/pitest/target/apidocs/org/pitest/mutationtest/engine/class-use/MethodName.html...
Generating /workspaces/xxxx/code_cure_agent/cca_workspace/pitest/pitest/target/apidocs/org/pitest/mutationtest/engine/class-use/MutationDetails.html...
Generating /workspaces/xxxx/code_cure_agent/cca_workspace/pitest/pitest/target/apidocs/org/pitest/mutationtest/engine/class-use/MutationEngine.html...
Generating /workspaces/xxxx/code_cure_agent/cca_workspace/pitest/pitest/target/apidocs/org/pitest/mutationtest/engine/class-use/Mutater.html...
Generating /workspaces/xxxx/code_cure_agent/cca_workspace/pitest/pitest/target/apidocs/org/pitest/mutationtest/engine/class-use/Mutant.html...
Generating /workspaces/xxxx/code_cure_agent/cca_workspace/pitest/pitest/target/apidocs/org/pitest/mutationtest/engine/class-use/Location.html...
Generating /workspaces/xxxx/code_cure_agent/cca_workspace/pitest/pitest/target/apidocs/org/pitest/mutationtest/engine/gregor/class-use/MutationEngineConfiguration.html...
Generating /workspaces/xxxx/code_cure_agent/cca_workspace/pitest/pitest/target/apidocs/org/pitest/mutationtest/engine/gregor/class-use/AbstractJumpMutator.html...
Generating /workspaces/xxxx/code_cure_agent/cca_workspace/pitest/pitest/target/apidocs/org/pitest/mutationtest/engine/gregor/class-use/AbstractJumpMutator.Substitution.html...
Generating /workspaces/xxxx/code_cure_agent/cca_workspace/pitest/pitest/target/apidocs/org/pitest/mutationtest/engine/gregor/class-use/LineTrackingMethodVisitor.html...
Generating /workspaces/xxxx/code_cure_agent/cca_workspace/pitest/pitest/target/apidocs/org/pitest/mutationtest/engine/gregor/class-use/AvoidAssertsMethodAdapter.html...
Generating /workspaces/xxxx/code_cure_agent/cca_workspace/pitest/pitest/target/apidocs/org/pitest/mutationtest/engine/gregor/class-use/MutationContext.html...
Generating /workspaces/xxxx/code_cure_agent/cca_workspace/pitest/pitest/target/apidocs/org/pitest/mutationtest/engine/gregor/class-use/GregorMutationEngine.html...
Generating /workspaces/xxxx/code_cure_agent/cca_workspace/pitest/pitest/target/apidocs/org/pitest/mutationtest/engine/gregor/class-use/MethodMutatorFactory.html...
Generating /workspaces/xxxx/code_cure_agent/cca_workspace/pitest/pitest/target/apidocs/org/pitest/mutationtest/engine/gregor/class-use/ZeroOperandMutation.html...
Generating /workspaces/xxxx/code_cure_agent/cca_workspace/pitest/pitest/target/apidocs/org/pitest/mutationtest/engine/gregor/class-use/InsnSubstitution.html...
Generating /workspaces/xxxx/code_cure_agent/cca_workspace/pitest/pitest/target/apidocs/org/pitest/mutationtest/engine/gregor/class-use/AbstractInsnMutator.html...
Generating /workspaces/xxxx/code_cure_agent/cca_workspace/pitest/pitest/target/apidocs/org/pitest/mutationtest/engine/gregor/class-use/MethodInfo.html...
Generating /workspaces/xxxx/code_cure_agent/cca_workspace/pitest/pitest/target/apidocs/org/pitest/mutationtest/engine/gregor/class-use/ClassInfo.html...
Generating /workspaces/xxxx/code_cure_agent/cca_workspace/pitest/pitest/target/apidocs/org/pitest/mutationtest/engine/gregor/class-use/AvoidStringSwitchedMethodAdapter.html...
Generating /workspaces/xxxx/code_cure_agent/cca_workspace/pitest/pitest/target/apidocs/org/pitest/mutationtest/engine/gregor/class-use/GregorMutater.html...
Generating /workspaces/xxxx/code_cure_agent/cca_workspace/pitest/pitest/target/apidocs/org/pitest/mutationtest/engine/gregor/analysis/class-use/InstructionTrackingMethodVisitor.html...
Generating /workspaces/xxxx/code_cure_agent/cca_workspace/pitest/pitest/target/apidocs/org/pitest/mutationtest/engine/gregor/analysis/class-use/InstructionCounter.html...
Generating /workspaces/xxxx/code_cure_agent/cca_workspace/pitest/pitest/target/apidocs/org/pitest/mutationtest/engine/gregor/analysis/class-use/DefaultInstructionCounter.html...
Generating /workspaces/xxxx/code_cure_agent/cca_workspace/pitest/pitest/target/apidocs/org/pitest/mutationtest/engine/gregor/config/class-use/GregorEngineFactory.html...
Generating /workspaces/xxxx/code_cure_agent/cca_workspace/pitest/pitest/target/apidocs/org/pitest/mutationtest/engine/gregor/config/class-use/Mutator.html...
Generating /workspaces/xxxx/code_cure_agent/cca_workspace/pitest/pitest/target/apidocs/org/pitest/mutationtest/engine/gregor/config/class-use/DefaultMutationEngineConfiguration.html...
Generating /workspaces/xxxx/code_cure_agent/cca_workspace/pitest/pitest/target/apidocs/org/pitest/mutationtest/engine/gregor/blocks/class-use/BlockTrackingMethodDecorator.html...
Generating /workspaces/xxxx/code_cure_agent/cca_workspace/pitest/pitest/target/apidocs/org/pitest/mutationtest/engine/gregor/blocks/class-use/BlockCounter.html...
Generating /workspaces/xxxx/code_cure_agent/cca_workspace/pitest/pitest/target/apidocs/org/pitest/mutationtest/engine/gregor/blocks/class-use/ConcreteBlockCounter.html...
Generating /workspaces/xxxx/code_cure_agent/cca_workspace/pitest/pitest/target/apidocs/org/pitest/mutationtest/engine/gregor/mutators/class-use/ReturnValsMutator.html...
Generating /workspaces/xxxx/code_cure_agent/cca_workspace/pitest/pitest/target/apidocs/org/pitest/mutationtest/engine/gregor/mutators/class-use/VoidMethodCallMutator.html...
Generating /workspaces/xxxx/code_cure_agent/cca_workspace/pitest/pitest/target/apidocs/org/pitest/mutationtest/engine/gregor/mutators/class-use/MathMutator.html...
Generating /workspaces/xxxx/code_cure_agent/cca_workspace/pitest/pitest/target/apidocs/org/pitest/mutationtest/engine/gregor/mutators/class-use/PrimitiveReturnsMutator.html...
Generating /workspaces/xxxx/code_cure_agent/cca_workspace/pitest/pitest/target/apidocs/org/pitest/mutationtest/engine/gregor/mutators/class-use/ConditionalsBoundaryMutator.html...
Generating /workspaces/xxxx/code_cure_agent/cca_workspace/pitest/pitest/target/apidocs/org/pitest/mutationtest/engine/gregor/mutators/class-use/ConstructorCallMutator.html...
Generating /workspaces/xxxx/code_cure_agent/cca_workspace/pitest/pitest/target/apidocs/org/pitest/mutationtest/engine/gregor/mutators/class-use/NullReturnValsMutator.html...
Generating /workspaces/xxxx/code_cure_agent/cca_workspace/pitest/pitest/target/apidocs/org/pitest/mutationtest/engine/gregor/mutators/class-use/EmptyObjectReturnValsMutator.html...
Generating /workspaces/xxxx/code_cure_agent/cca_workspace/pitest/pitest/target/apidocs/org/pitest/mutationtest/engine/gregor/mutators/class-use/IncrementsMutator.html...
Generating /workspaces/xxxx/code_cure_agent/cca_workspace/pitest/pitest/target/apidocs/org/pitest/mutationtest/engine/gregor/mutators/class-use/NegateConditionalsMutator.html...
Generating /workspaces/xxxx/code_cure_agent/cca_workspace/pitest/pitest/target/apidocs/org/pitest/mutationtest/engine/gregor/mutators/class-use/BooleanTrueReturnValsMutator.html...
Generating /workspaces/xxxx/code_cure_agent/cca_workspace/pitest/pitest/target/apidocs/org/pitest/mutationtest/engine/gregor/mutators/class-use/InlineConstantMutator.html...
Generating /workspaces/xxxx/code_cure_agent/cca_workspace/pitest/pitest/target/apidocs/org/pitest/mutationtest/engine/gregor/mutators/class-use/InvertNegsMutator.html...
Generating /workspaces/xxxx/code_cure_agent/cca_workspace/pitest/pitest/target/apidocs/org/pitest/mutationtest/engine/gregor/mutators/class-use/NullMutateEverything.html...
Generating /workspaces/xxxx/code_cure_agent/cca_workspace/pitest/pitest/target/apidocs/org/pitest/mutationtest/engine/gregor/mutators/class-use/RemoveConditionalMutator.html...
Generating /workspaces/xxxx/code_cure_agent/cca_workspace/pitest/pitest/target/apidocs/org/pitest/mutationtest/engine/gregor/mutators/class-use/RemoveConditionalMutator.Choice.html...
Generating /workspaces/xxxx/code_cure_agent/cca_workspace/pitest/pitest/target/apidocs/org/pitest/mutationtest/engine/gregor/mutators/class-use/BooleanFalseReturnValsMutator.html...
Generating /workspaces/xxxx/code_cure_agent/cca_workspace/pitest/pitest/target/apidocs/org/pitest/mutationtest/engine/gregor/mutators/class-use/ArgumentPropagationMutator.html...
Generating /workspaces/xxxx/code_cure_agent/cca_workspace/pitest/pitest/target/apidocs/org/pitest/mutationtest/engine/gregor/mutators/class-use/NonVoidMethodCallMutator.html...
Generating /workspaces/xxxx/code_cure_agent/cca_workspace/pitest/pitest/target/apidocs/org/pitest/mutationtest/engine/gregor/mutators/experimental/class-use/MemberVariableMutator.html...
Generating /workspaces/xxxx/code_cure_agent/cca_workspace/pitest/pitest/target/apidocs/org/pitest/mutationtest/engine/gregor/mutators/experimental/class-use/ReturnValuesMutator.html...
Generating /workspaces/xxxx/code_cure_agent/cca_workspace/pitest/pitest/target/apidocs/org/pitest/mutationtest/engine/gregor/mutators/experimental/class-use/NakedReceiverMutator.html...
Generating /workspaces/xxxx/code_cure_agent/cca_workspace/pitest/pitest/target/apidocs/org/pitest/mutationtest/engine/gregor/mutators/experimental/class-use/RemoveIncrementsMutator.html...
Generating /workspaces/xxxx/code_cure_agent/cca_workspace/pitest/pitest/target/apidocs/org/pitest/mutationtest/engine/gregor/mutators/experimental/class-use/SwitchMutator.html...
Generating /workspaces/xxxx/code_cure_agent/cca_workspace/pitest/pitest/target/apidocs/org/pitest/mutationtest/engine/gregor/mutators/experimental/class-use/RemoveSwitchMutator.html...
Generating /workspaces/xxxx/code_cure_agent/cca_workspace/pitest/pitest/target/apidocs/org/pitest/mutationtest/engine/gregor/mutators/experimental/class-use/BigIntegerMutator.html...
Generating /workspaces/xxxx/code_cure_agent/cca_workspace/pitest/pitest/target/apidocs/org/pitest/mutationtest/engine/gregor/mutators/rv/class-use/CRCR2Mutator.html...
Generating /workspaces/xxxx/code_cure_agent/cca_workspace/pitest/pitest/target/apidocs/org/pitest/mutationtest/engine/gregor/mutators/rv/class-use/AOD2Mutator.html...
Generating /workspaces/xxxx/code_cure_agent/cca_workspace/pitest/pitest/target/apidocs/org/pitest/mutationtest/engine/gregor/mutators/rv/class-use/CRCR3Mutator.html...
Generating /workspaces/xxxx/code_cure_agent/cca_workspace/pitest/pitest/target/apidocs/org/pitest/mutationtest/engine/gregor/mutators/rv/class-use/OBBN2Mutator.html...
Generating /workspaces/xxxx/code_cure_agent/cca_workspace/pitest/pitest/target/apidocs/org/pitest/mutationtest/engine/gregor/mutators/rv/class-use/CRCR5Mutator.html...
Generating /workspaces/xxxx/code_cure_agent/cca_workspace/pitest/pitest/target/apidocs/org/pitest/mutationtest/engine/gregor/mutators/rv/class-use/CRCR4Mutator.html...
Generating /workspaces/xxxx/code_cure_agent/cca_workspace/pitest/pitest/target/apidocs/org/pitest/mutationtest/engine/gregor/mutators/rv/class-use/CRCR1Mutator.html...
Generating /workspaces/xxxx/code_cure_agent/cca_workspace/pitest/pitest/target/apidocs/org/pitest/mutationtest/engine/gregor/mutators/rv/class-use/AOR3Mutator.html...
Generating /workspaces/xxxx/code_cure_agent/cca_workspace/pitest/pitest/target/apidocs/org/pitest/mutationtest/engine/gregor/mutators/rv/class-use/AOD1Mutator.html...
Generating /workspaces/xxxx/code_cure_agent/cca_workspace/pitest/pitest/target/apidocs/org/pitest/mutationtest/engine/gregor/mutators/rv/class-use/AOR4Mutator.html...
Generating /workspaces/xxxx/code_cure_agent/cca_workspace/pitest/pitest/target/apidocs/org/pitest/mutationtest/engine/gregor/mutators/rv/class-use/ABSMutator.html...
Generating /workspaces/xxxx/code_cure_agent/cca_workspace/pitest/pitest/target/apidocs/org/pitest/mutationtest/engine/gregor/mutators/rv/class-use/CRCR6Mutator.html...
Generating /workspaces/xxxx/code_cure_agent/cca_workspace/pitest/pitest/target/apidocs/org/pitest/mutationtest/engine/gregor/mutators/rv/class-use/UOI3Mutator.html...
Generating /workspaces/xxxx/code_cure_agent/cca_workspace/pitest/pitest/target/apidocs/org/pitest/mutationtest/engine/gregor/mutators/rv/class-use/UOI2Mutator.html...
Generating /workspaces/xxxx/code_cure_agent/cca_workspace/pitest/pitest/target/apidocs/org/pitest/mutationtest/engine/gregor/mutators/rv/class-use/AbstractCRCRVisitor.html...
Generating /workspaces/xxxx/code_cure_agent/cca_workspace/pitest/pitest/target/apidocs/org/pitest/mutationtest/engine/gregor/mutators/rv/class-use/AOR2Mutator.html...
Generating /workspaces/xxxx/code_cure_agent/cca_workspace/pitest/pitest/target/apidocs/org/pitest/mutationtest/engine/gregor/mutators/rv/class-use/UOI1Mutator.html...
Generating /workspaces/xxxx/code_cure_agent/cca_workspace/pitest/pitest/target/apidocs/org/pitest/mutationtest/engine/gregor/mutators/rv/class-use/OBBN3Mutator.html...
Generating /workspaces/xxxx/code_cure_agent/cca_workspace/pitest/pitest/target/apidocs/org/pitest/mutationtest/engine/gregor/mutators/rv/class-use/OBBN1Mutator.html...
Generating /workspaces/xxxx/code_cure_agent/cca_workspace/pitest/pitest/target/apidocs/org/pitest/mutationtest/engine/gregor/mutators/rv/class-use/ROR5Mutator.html...
Generating /workspaces/xxxx/code_cure_agent/cca_workspace/pitest/pitest/target/apidocs/org/pitest/mutationtest/engine/gregor/mutators/rv/class-use/AOR1Mutator.html...
Generating /workspaces/xxxx/code_cure_agent/cca_workspace/pitest/pitest/target/apidocs/org/pitest/mutationtest/engine/gregor/mutators/rv/class-use/ROR4Mutator.html...
Generating /workspaces/xxxx/code_cure_agent/cca_workspace/pitest/pitest/target/apidocs/org/pitest/mutationtest/engine/gregor/mutators/rv/class-use/ROR1Mutator.html...
Generating /workspaces/xxxx/code_cure_agent/cca_workspace/pitest/pitest/target/apidocs/org/pitest/mutationtest/engine/gregor/mutators/rv/class-use/ROR2Mutator.html...
Generating /workspaces/xxxx/code_cure_agent/cca_workspace/pitest/pitest/target/apidocs/org/pitest/mutationtest/engine/gregor/mutators/rv/class-use/ROR3Mutator.html...
Generating /workspaces/xxxx/code_cure_agent/cca_workspace/pitest/pitest/target/apidocs/org/pitest/mutationtest/engine/gregor/mutators/rv/class-use/UOI4Mutator.html...
Generating /workspaces/xxxx/code_cure_agent/cca_workspace/pitest/pitest/target/apidocs/org/pitest/mutationtest/mocksupport/class-use/JavassistInputStreamInterceptorAdapater.html...
Generating /workspaces/xxxx/code_cure_agent/cca_workspace/pitest/pitest/target/apidocs/org/pitest/mutationtest/mocksupport/class-use/JavassistInterceptor.html...
Generating /workspaces/xxxx/code_cure_agent/cca_workspace/pitest/pitest/target/apidocs/org/pitest/mutationtest/mocksupport/class-use/BendJavassistToMyWillTransformer.html...
Generating /workspaces/xxxx/code_cure_agent/cca_workspace/pitest/pitest/target/apidocs/org/pitest/functional/class-use/F3.html...
Generating /workspaces/xxxx/code_cure_agent/cca_workspace/pitest/pitest/target/apidocs/org/pitest/functional/class-use/Streams.html...
Generating /workspaces/xxxx/code_cure_agent/cca_workspace/pitest/pitest/target/apidocs/org/pitest/functional/class-use/F5.html...
Generating /workspaces/xxxx/code_cure_agent/cca_workspace/pitest/pitest/target/apidocs/org/pitest/functional/class-use/FCollection.html...
Generating /workspaces/xxxx/code_cure_agent/cca_workspace/pitest/pitest/target/apidocs/org/pitest/functional/class-use/FArray.html...
Generating /workspaces/xxxx/code_cure_agent/cca_workspace/pitest/pitest/target/apidocs/org/pitest/functional/class-use/SideEffect.html...
Generating /workspaces/xxxx/code_cure_agent/cca_workspace/pitest/pitest/target/apidocs/org/pitest/functional/class-use/F6.html...
Generating /workspaces/xxxx/code_cure_agent/cca_workspace/pitest/pitest/target/apidocs/org/pitest/functional/class-use/F4.html...
Generating /workspaces/xxxx/code_cure_agent/cca_workspace/pitest/pitest/target/apidocs/org/pitest/functional/predicate/class-use/False.html...
Generating /workspaces/xxxx/code_cure_agent/cca_workspace/pitest/pitest/target/apidocs/org/pitest/functional/predicate/class-use/And.html...
Generating /workspaces/xxxx/code_cure_agent/cca_workspace/pitest/pitest/target/apidocs/org/pitest/functional/predicate/class-use/Or.html...
Generating /workspaces/xxxx/code_cure_agent/cca_workspace/pitest/pitest/target/apidocs/org/pitest/functional/prelude/class-use/Prelude.html...
Generating /workspaces/xxxx/code_cure_agent/cca_workspace/pitest/pitest/target/apidocs/org/pitest/classinfo/class-use/ClassName.html...
Generating /workspaces/xxxx/code_cure_agent/cca_workspace/pitest/pitest/target/apidocs/org/pitest/classinfo/class-use/Repository.html...
Generating /workspaces/xxxx/code_cure_agent/cca_workspace/pitest/pitest/target/apidocs/org/pitest/classinfo/class-use/ClassByteArraySource.html...
Generating /workspaces/xxxx/code_cure_agent/cca_workspace/pitest/pitest/target/apidocs/org/pitest/classinfo/class-use/ClassInfoSource.html...
Generating /workspaces/xxxx/code_cure_agent/cca_workspace/pitest/pitest/target/apidocs/org/pitest/classinfo/class-use/AddlerHash.html...
Generating /workspaces/xxxx/code_cure_agent/cca_workspace/pitest/pitest/target/apidocs/org/pitest/classinfo/class-use/HierarchicalClassId.html...
Generating /workspaces/xxxx/code_cure_agent/cca_workspace/pitest/pitest/target/apidocs/org/pitest/classinfo/class-use/BridgeMethodFilter.html...
Generating /workspaces/xxxx/code_cure_agent/cca_workspace/pitest/pitest/target/apidocs/org/pitest/classinfo/class-use/HashFunction.html...
Generating /workspaces/xxxx/code_cure_agent/cca_workspace/pitest/pitest/target/apidocs/org/pitest/classinfo/class-use/CachingByteArraySource.html...
Generating /workspaces/xxxx/code_cure_agent/cca_workspace/pitest/pitest/target/apidocs/org/pitest/classinfo/class-use/ClassIdentifier.html...
Generating /workspaces/xxxx/code_cure_agent/cca_workspace/pitest/pitest/target/apidocs/org/pitest/classinfo/class-use/TestToClassMapper.html...
Generating /workspaces/xxxx/code_cure_agent/cca_workspace/pitest/pitest/target/apidocs/org/pitest/classinfo/class-use/NameToClassInfo.html...
Generating /workspaces/xxxx/code_cure_agent/cca_workspace/pitest/pitest/target/apidocs/org/pitest/classinfo/class-use/MethodFilteringAdapter.html...
Generating /workspaces/xxxx/code_cure_agent/cca_workspace/pitest/pitest/target/apidocs/org/pitest/classinfo/class-use/ClassInfoVisitor.html...
Generating /workspaces/xxxx/code_cure_agent/cca_workspace/pitest/pitest/target/apidocs/org/pitest/classinfo/class-use/ComputeClassWriter.html...
Generating /workspaces/xxxx/code_cure_agent/cca_workspace/pitest/pitest/target/apidocs/org/pitest/classinfo/class-use/ClassInfo.html...
Generating /workspaces/xxxx/code_cure_agent/cca_workspace/pitest/pitest/target/apidocs/org/pitest/testng/class-use/TestNGTestUnitFinder.html...
Generating /workspaces/xxxx/code_cure_agent/cca_workspace/pitest/pitest/target/apidocs/org/pitest/testng/class-use/FailureTracker.html...
Generating /workspaces/xxxx/code_cure_agent/cca_workspace/pitest/pitest/target/apidocs/org/pitest/testng/class-use/TestNGAdapter.html...
Generating /workspaces/xxxx/code_cure_agent/cca_workspace/pitest/pitest/target/apidocs/org/pitest/testng/class-use/TestNGTestUnit.html...
Generating /workspaces/xxxx/code_cure_agent/cca_workspace/pitest/pitest/target/apidocs/org/pitest/testng/class-use/TestNGPlugin.html...
Generating /workspaces/xxxx/code_cure_agent/cca_workspace/pitest/pitest/target/apidocs/org/pitest/testng/class-use/TestNGConfiguration.html...
Generating /workspaces/xxxx/code_cure_agent/cca_workspace/pitest/pitest/target/apidocs/org/pitest/help/class-use/Help.html...
Generating /workspaces/xxxx/code_cure_agent/cca_workspace/pitest/pitest/target/apidocs/org/pitest/help/class-use/PitHelpError.html...
Generating /workspaces/xxxx/code_cure_agent/cca_workspace/pitest/pitest/target/apidocs/org/pitest/reflection/class-use/IsAnnotatedWith.html...
Generating /workspaces/xxxx/code_cure_agent/cca_workspace/pitest/pitest/target/apidocs/org/pitest/reflection/class-use/Reflection.html...
Generating /workspaces/xxxx/code_cure_agent/cca_workspace/pitest/pitest/target/apidocs/org/pitest/util/class-use/Id.html...
Generating /workspaces/xxxx/code_cure_agent/cca_workspace/pitest/pitest/target/apidocs/org/pitest/util/class-use/PitError.html...
Generating /workspaces/xxxx/code_cure_agent/cca_workspace/pitest/pitest/target/apidocs/org/pitest/util/class-use/ReceiveStrategy.html...
Generating /workspaces/xxxx/code_cure_agent/cca_workspace/pitest/pitest/target/apidocs/org/pitest/util/class-use/Glob.html...
Generating /workspaces/xxxx/code_cure_agent/cca_workspace/pitest/pitest/target/apidocs/org/pitest/util/class-use/ExitCode.html...
Generating /workspaces/xxxx/code_cure_agent/cca_workspace/pitest/pitest/target/apidocs/org/pitest/util/class-use/StreamUtil.html...
Generating /workspaces/xxxx/code_cure_agent/cca_workspace/pitest/pitest/target/apidocs/org/pitest/util/class-use/Log.html...
Generating /workspaces/xxxx/code_cure_agent/cca_workspace/pitest/pitest/target/apidocs/org/pitest/util/class-use/IsolationUtils.html...
Generating /workspaces/xxxx/code_cure_agent/cca_workspace/pitest/pitest/target/apidocs/org/pitest/util/class-use/Functions.html...
Generating /workspaces/xxxx/code_cure_agent/cca_workspace/pitest/pitest/target/apidocs/org/pitest/util/class-use/SafeDataOutputStream.html...
Generating /workspaces/xxxx/code_cure_agent/cca_workspace/pitest/pitest/target/apidocs/org/pitest/util/class-use/ManifestUtils.html...
Generating /workspaces/xxxx/code_cure_agent/cca_workspace/pitest/pitest/target/apidocs/org/pitest/util/class-use/SafeDataInputStream.html...
Generating /workspaces/xxxx/code_cure_agent/cca_workspace/pitest/pitest/target/apidocs/org/pitest/util/class-use/Unchecked.html...
Generating /workspaces/xxxx/code_cure_agent/cca_workspace/pitest/pitest/target/apidocs/org/pitest/util/class-use/ServiceLoader.html...
Generating /workspaces/xxxx/code_cure_agent/cca_workspace/pitest/pitest/target/apidocs/org/pitest/util/class-use/StringUtil.html...
Generating /workspaces/xxxx/code_cure_agent/cca_workspace/pitest/pitest/target/apidocs/org/pitest/boot/package-use.html...
Generating /workspaces/xxxx/code_cure_agent/cca_workspace/pitest/pitest/target/apidocs/org/pitest/bytecode/package-use.html...
Generating /workspaces/xxxx/code_cure_agent/cca_workspace/pitest/pitest/target/apidocs/org/pitest/classinfo/package-use.html...
Generating /workspaces/xxxx/code_cure_agent/cca_workspace/pitest/pitest/target/apidocs/org/pitest/classpath/package-use.html...
Generating /workspaces/xxxx/code_cure_agent/cca_workspace/pitest/pitest/target/apidocs/org/pitest/coverage/package-use.html...
Generating /workspaces/xxxx/code_cure_agent/cca_workspace/pitest/pitest/target/apidocs/org/pitest/coverage/analysis/package-use.html...
Generating /workspaces/xxxx/code_cure_agent/cca_workspace/pitest/pitest/target/apidocs/org/pitest/coverage/execute/package-use.html...
Generating /workspaces/xxxx/code_cure_agent/cca_workspace/pitest/pitest/target/apidocs/org/pitest/dependency/package-use.html...
Generating /workspaces/xxxx/code_cure_agent/cca_workspace/pitest/pitest/target/apidocs/org/pitest/extension/common/package-use.html...
Generating /workspaces/xxxx/code_cure_agent/cca_workspace/pitest/pitest/target/apidocs/org/pitest/functional/package-use.html...
Generating /workspaces/xxxx/code_cure_agent/cca_workspace/pitest/pitest/target/apidocs/org/pitest/functional/predicate/package-use.html...
Generating /workspaces/xxxx/code_cure_agent/cca_workspace/pitest/pitest/target/apidocs/org/pitest/functional/prelude/package-use.html...
Generating /workspaces/xxxx/code_cure_agent/cca_workspace/pitest/pitest/target/apidocs/org/pitest/help/package-use.html...
Generating /workspaces/xxxx/code_cure_agent/cca_workspace/pitest/pitest/target/apidocs/org/pitest/junit/package-use.html...
Generating /workspaces/xxxx/code_cure_agent/cca_workspace/pitest/pitest/target/apidocs/org/pitest/junit/adapter/package-use.html...
Generating /workspaces/xxxx/code_cure_agent/cca_workspace/pitest/pitest/target/apidocs/org/pitest/mutationtest/package-use.html...
Generating /workspaces/xxxx/code_cure_agent/cca_workspace/pitest/pitest/target/apidocs/org/pitest/mutationtest/build/package-use.html...
Generating /workspaces/xxxx/code_cure_agent/cca_workspace/pitest/pitest/target/apidocs/org/pitest/mutationtest/config/package-use.html...
Generating /workspaces/xxxx/code_cure_agent/cca_workspace/pitest/pitest/target/apidocs/org/pitest/mutationtest/engine/package-use.html...
Generating /workspaces/xxxx/code_cure_agent/cca_workspace/pitest/pitest/target/apidocs/org/pitest/mutationtest/engine/gregor/package-use.html...
Generating /workspaces/xxxx/code_cure_agent/cca_workspace/pitest/pitest/target/apidocs/org/pitest/mutationtest/engine/gregor/analysis/package-use.html...
Generating /workspaces/xxxx/code_cure_agent/cca_workspace/pitest/pitest/target/apidocs/org/pitest/mutationtest/engine/gregor/blocks/package-use.html...
Generating /workspaces/xxxx/code_cure_agent/cca_workspace/pitest/pitest/target/apidocs/org/pitest/mutationtest/engine/gregor/config/package-use.html...
Generating /workspaces/xxxx/code_cure_agent/cca_workspace/pitest/pitest/target/apidocs/org/pitest/mutationtest/engine/gregor/mutators/package-use.html...
Generating /workspaces/xxxx/code_cure_agent/cca_workspace/pitest/pitest/target/apidocs/org/pitest/mutationtest/engine/gregor/mutators/experimental/package-use.html...
Generating /workspaces/xxxx/code_cure_agent/cca_workspace/pitest/pitest/target/apidocs/org/pitest/mutationtest/engine/gregor/mutators/rv/package-use.html...
Generating /workspaces/xxxx/code_cure_agent/cca_workspace/pitest/pitest/target/apidocs/org/pitest/mutationtest/execute/package-use.html...
Generating /workspaces/xxxx/code_cure_agent/cca_workspace/pitest/pitest/target/apidocs/org/pitest/mutationtest/mocksupport/package-use.html...
Generating /workspaces/xxxx/code_cure_agent/cca_workspace/pitest/pitest/target/apidocs/org/pitest/plugin/package-use.html...
Generating /workspaces/xxxx/code_cure_agent/cca_workspace/pitest/pitest/target/apidocs/org/pitest/reflection/package-use.html...
Generating /workspaces/xxxx/code_cure_agent/cca_workspace/pitest/pitest/target/apidocs/org/pitest/sequence/package-use.html...
Generating /workspaces/xxxx/code_cure_agent/cca_workspace/pitest/pitest/target/apidocs/org/pitest/testapi/package-use.html...
Generating /workspaces/xxxx/code_cure_agent/cca_workspace/pitest/pitest/target/apidocs/org/pitest/testapi/execute/package-use.html...
Generating /workspaces/xxxx/code_cure_agent/cca_workspace/pitest/pitest/target/apidocs/org/pitest/testapi/execute/containers/package-use.html...
Generating /workspaces/xxxx/code_cure_agent/cca_workspace/pitest/pitest/target/apidocs/org/pitest/testng/package-use.html...
Generating /workspaces/xxxx/code_cure_agent/cca_workspace/pitest/pitest/target/apidocs/org/pitest/util/package-use.html...
Generating /workspaces/xxxx/code_cure_agent/cca_workspace/pitest/pitest/target/apidocs/sun/pitest/package-use.html...
Building index for all the packages and classes...
Generating /workspaces/xxxx/code_cure_agent/cca_workspace/pitest/pitest/target/apidocs/overview-tree.html...
Generating /workspaces/xxxx/code_cure_agent/cca_workspace/pitest/pitest/target/apidocs/index-all.html...
Building index for all classes...
Generating /workspaces/xxxx/code_cure_agent/cca_workspace/pitest/pitest/target/apidocs/allclasses-index.html...
Generating /workspaces/xxxx/code_cure_agent/cca_workspace/pitest/pitest/target/apidocs/allpackages-index.html...
Generating /workspaces/xxxx/code_cure_agent/cca_workspace/pitest/pitest/target/apidocs/deprecated-list.html...
Building index for all classes...
Generating /workspaces/xxxx/code_cure_agent/cca_workspace/pitest/pitest/target/apidocs/allclasses.html...
Generating /workspaces/xxxx/code_cure_agent/cca_workspace/pitest/pitest/target/apidocs/allclasses.html...
Generating /workspaces/xxxx/code_cure_agent/cca_workspace/pitest/pitest/target/apidocs/index.html...
Generating /workspaces/xxxx/code_cure_agent/cca_workspace/pitest/pitest/target/apidocs/overview-summary.html...
Generating /workspaces/xxxx/code_cure_agent/cca_workspace/pitest/pitest/target/apidocs/help-doc.html...
100 warnings
[WARNING] Javadoc Warnings
[WARNING] javadoc: warning - The code being documented uses modules but the packages defined in https://docs.oracle.com/javase/8/docs/api/ are in the unnamed module.
[WARNING] javadoc: warning - The code being documented uses modules but the packages defined in https://docs.oracle.com/javase/8/docs/api/ are in the unnamed module.
[WARNING] javadoc: warning - The code being documented uses modules but the packages defined in https://docs.oracle.com/javase/8/docs/api/ are in the unnamed module.
[WARNING] javadoc: warning - The code being documented uses modules but the packages defined in https://docs.oracle.com/javase/8/docs/api/ are in the unnamed module.
[WARNING] javadoc: warning - The code being documented uses modules but the packages defined in https://docs.oracle.com/javase/8/docs/api/ are in the unnamed module.
[WARNING] javadoc: warning - The code being documented uses modules but the packages defined in https://docs.oracle.com/javase/8/docs/api/ are in the unnamed module.
[WARNING] javadoc: warning - The code being documented uses modules but the packages defined in https://docs.oracle.com/javase/8/docs/api/ are in the unnamed module.
[WARNING] javadoc: warning - The code being documented uses modules but the packages defined in https://docs.oracle.com/javase/8/docs/api/ are in the unnamed module.
[WARNING] javadoc: warning - The code being documented uses modules but the packages defined in https://docs.oracle.com/javase/8/docs/api/ are in the unnamed module.
[WARNING] javadoc: warning - The code being documented uses modules but the packages defined in https://docs.oracle.com/javase/8/docs/api/ are in the unnamed module.
[WARNING] javadoc: warning - The code being documented uses modules but the packages defined in https://docs.oracle.com/javase/8/docs/api/ are in the unnamed module.
[WARNING] javadoc: warning - The code being documented uses modules but the packages defined in https://docs.oracle.com/javase/8/docs/api/ are in the unnamed module.
[WARNING] javadoc: warning - The code being documented uses modules but the packages defined in https://docs.oracle.com/javase/8/docs/api/ are in the unnamed module.
[WARNING] javadoc: warning - The code being documented uses modules but the packages defined in https://docs.oracle.com/javase/8/docs/api/ are in the unnamed module.
[WARNING] javadoc: warning - The code being documented uses modules but the packages defined in https://docs.oracle.com/javase/8/docs/api/ are in the unnamed module.
[WARNING] javadoc: warning - The code being documented uses modules but the packages defined in https://docs.oracle.com/javase/8/docs/api/ are in the unnamed module.
[WARNING] javadoc: warning - The code being documented uses modules but the packages defined in https://docs.oracle.com/javase/8/docs/api/ are in the unnamed module.
[WARNING] javadoc: warning - The code being documented uses modules but the packages defined in https://docs.oracle.com/javase/8/docs/api/ are in the unnamed module.
[WARNING] javadoc: warning - The code being documented uses modules but the packages defined in https://docs.oracle.com/javase/8/docs/api/ are in the unnamed module.
[WARNING] javadoc: warning - The code being documented uses modules but the packages defined in https://docs.oracle.com/javase/8/docs/api/ are in the unnamed module.
[WARNING] javadoc: warning - The code being documented uses modules but the packages defined in https://docs.oracle.com/javase/8/docs/api/ are in the unnamed module.
[WARNING] javadoc: warning - The code being documented uses modules but the packages defined in https://docs.oracle.com/javase/8/docs/api/ are in the unnamed module.
[WARNING] javadoc: warning - The code being documented uses modules but the packages defined in https://docs.oracle.com/javase/8/docs/api/ are in the unnamed module.
[WARNING] javadoc: warning - The code being documented uses modules but the packages defined in https://docs.oracle.com/javase/8/docs/api/ are in the unnamed module.
[WARNING] javadoc: warning - The code being documented uses modules but the packages defined in https://docs.oracle.com/javase/8/docs/api/ are in the unnamed module.
[WARNING] javadoc: warning - The code being documented uses modules but the packages defined in https://docs.oracle.com/javase/8/docs/api/ are in the unnamed module.
[WARNING] javadoc: warning - The code being documented uses modules but the packages defined in https://docs.oracle.com/javase/8/docs/api/ are in the unnamed module.
[WARNING] javadoc: warning - The code being documented uses modules but the packages defined in https://docs.oracle.com/javase/8/docs/api/ are in the unnamed module.
[WARNING] javadoc: warning - The code being documented uses modules but the packages defined in https://docs.oracle.com/javase/8/docs/api/ are in the unnamed module.
[WARNING] javadoc: warning - The code being documented uses modules but the packages defined in https://docs.oracle.com/javase/8/docs/api/ are in the unnamed module.
[WARNING] javadoc: warning - The code being documented uses modules but the packages defined in https://docs.oracle.com/javase/8/docs/api/ are in the unnamed module.
[WARNING] javadoc: warning - The code being documented uses modules but the packages defined in https://docs.oracle.com/javase/8/docs/api/ are in the unnamed module.
[WARNING] javadoc: warning - The code being documented uses modules but the packages defined in https://docs.oracle.com/javase/8/docs/api/ are in the unnamed module.
[WARNING] javadoc: warning - The code being documented uses modules but the packages defined in https://docs.oracle.com/javase/8/docs/api/ are in the unnamed module.
[WARNING] javadoc: warning - The code being documented uses modules but the packages defined in https://docs.oracle.com/javase/8/docs/api/ are in the unnamed module.
[WARNING] javadoc: warning - The code being documented uses modules but the packages defined in https://docs.oracle.com/javase/8/docs/api/ are in the unnamed module.
[WARNING] javadoc: warning - The code being documented uses modules but the packages defined in https://docs.oracle.com/javase/8/docs/api/ are in the unnamed module.
[WARNING] javadoc: warning - The code being documented uses modules but the packages defined in https://docs.oracle.com/javase/8/docs/api/ are in the unnamed module.
[WARNING] javadoc: warning - The code being documented uses modules but the packages defined in https://docs.oracle.com/javase/8/docs/api/ are in the unnamed module.
[WARNING] javadoc: warning - The code being documented uses modules but the packages defined in https://docs.oracle.com/javase/8/docs/api/ are in the unnamed module.
[WARNING] javadoc: warning - The code being documented uses modules but the packages defined in https://docs.oracle.com/javase/8/docs/api/ are in the unnamed module.
[WARNING] javadoc: warning - The code being documented uses modules but the packages defined in https://docs.oracle.com/javase/8/docs/api/ are in the unnamed module.
[WARNING] javadoc: warning - The code being documented uses modules but the packages defined in https://docs.oracle.com/javase/8/docs/api/ are in the unnamed module.
[WARNING] javadoc: warning - The code being documented uses modules but the packages defined in https://docs.oracle.com/javase/8/docs/api/ are in the unnamed module.
[WARNING] javadoc: warning - The code being documented uses modules but the packages defined in https://docs.oracle.com/javase/8/docs/api/ are in the unnamed module.
[WARNING] javadoc: warning - The code being documented uses modules but the packages defined in https://docs.oracle.com/javase/8/docs/api/ are in the unnamed module.
[WARNING] javadoc: warning - The code being documented uses modules but the packages defined in https://docs.oracle.com/javase/8/docs/api/ are in the unnamed module.
[WARNING] javadoc: warning - The code being documented uses modules but the packages defined in https://docs.oracle.com/javase/8/docs/api/ are in the unnamed module.
[WARNING] javadoc: warning - The code being documented uses modules but the packages defined in https://docs.oracle.com/javase/8/docs/api/ are in the unnamed module.
[WARNING] javadoc: warning - The code being documented uses modules but the packages defined in https://docs.oracle.com/javase/8/docs/api/ are in the unnamed module.
[WARNING] javadoc: warning - The code being documented uses modules but the packages defined in https://docs.oracle.com/javase/8/docs/api/ are in the unnamed module.
[WARNING] javadoc: warning - The code being documented uses modules but the packages defined in https://docs.oracle.com/javase/8/docs/api/ are in the unnamed module.
[WARNING] javadoc: warning - The code being documented uses modules but the packages defined in https://docs.oracle.com/javase/8/docs/api/ are in the unnamed module.
[WARNING] javadoc: warning - The code being documented uses modules but the packages defined in https://docs.oracle.com/javase/8/docs/api/ are in the unnamed module.
[WARNING] javadoc: warning - The code being documented uses modules but the packages defined in https://docs.oracle.com/javase/8/docs/api/ are in the unnamed module.
[WARNING] javadoc: warning - The code being documented uses modules but the packages defined in https://docs.oracle.com/javase/8/docs/api/ are in the unnamed module.
[WARNING] javadoc: warning - The code being documented uses modules but the packages defined in https://docs.oracle.com/javase/8/docs/api/ are in the unnamed module.
[WARNING] javadoc: warning - The code being documented uses modules but the packages defined in https://docs.oracle.com/javase/8/docs/api/ are in the unnamed module.
[WARNING] javadoc: warning - The code being documented uses modules but the packages defined in https://docs.oracle.com/javase/8/docs/api/ are in the unnamed module.
[WARNING] javadoc: warning - The code being documented uses modules but the packages defined in https://docs.oracle.com/javase/8/docs/api/ are in the unnamed module.
[WARNING] javadoc: warning - The code being documented uses modules but the packages defined in https://docs.oracle.com/javase/8/docs/api/ are in the unnamed module.
[WARNING] javadoc: warning - The code being documented uses modules but the packages defined in https://docs.oracle.com/javase/8/docs/api/ are in the unnamed module.
[WARNING] javadoc: warning - The code being documented uses modules but the packages defined in https://docs.oracle.com/javase/8/docs/api/ are in the unnamed module.
[WARNING] javadoc: warning - The code being documented uses modules but the packages defined in https://docs.oracle.com/javase/8/docs/api/ are in the unnamed module.
[WARNING] javadoc: warning - The code being documented uses modules but the packages defined in https://docs.oracle.com/javase/8/docs/api/ are in the unnamed module.
[WARNING] javadoc: warning - The code being documented uses modules but the packages defined in https://docs.oracle.com/javase/8/docs/api/ are in the unnamed module.
[WARNING] javadoc: warning - The code being documented uses modules but the packages defined in https://docs.oracle.com/javase/8/docs/api/ are in the unnamed module.
[WARNING] javadoc: warning - The code being documented uses modules but the packages defined in https://docs.oracle.com/javase/8/docs/api/ are in the unnamed module.
[WARNING] javadoc: warning - The code being documented uses modules but the packages defined in https://docs.oracle.com/javase/8/docs/api/ are in the unnamed module.
[WARNING] javadoc: warning - The code being documented uses modules but the packages defined in https://docs.oracle.com/javase/8/docs/api/ are in the unnamed module.
[WARNING] javadoc: warning - The code being documented uses modules but the packages defined in https://docs.oracle.com/javase/8/docs/api/ are in the unnamed module.
[WARNING] javadoc: warning - The code being documented uses modules but the packages defined in https://docs.oracle.com/javase/8/docs/api/ are in the unnamed module.
[WARNING] javadoc: warning - The code being documented uses modules but the packages defined in https://docs.oracle.com/javase/8/docs/api/ are in the unnamed module.
[WARNING] javadoc: warning - The code being documented uses modules but the packages defined in https://docs.oracle.com/javase/8/docs/api/ are in the unnamed module.
[WARNING] javadoc: warning - The code being documented uses modules but the packages defined in https://docs.oracle.com/javase/8/docs/api/ are in the unnamed module.
[WARNING] javadoc: warning - The code being documented uses modules but the packages defined in https://docs.oracle.com/javase/8/docs/api/ are in the unnamed module.
[WARNING] javadoc: warning - The code being documented uses modules but the packages defined in https://docs.oracle.com/javase/8/docs/api/ are in the unnamed module.
[WARNING] javadoc: warning - The code being documented uses modules but the packages defined in https://docs.oracle.com/javase/8/docs/api/ are in the unnamed module.
[WARNING] javadoc: warning - The code being documented uses modules but the packages defined in https://docs.oracle.com/javase/8/docs/api/ are in the unnamed module.
[WARNING] javadoc: warning - The code being documented uses modules but the packages defined in https://docs.oracle.com/javase/8/docs/api/ are in the unnamed module.
[WARNING] javadoc: warning - The code being documented uses modules but the packages defined in https://docs.oracle.com/javase/8/docs/api/ are in the unnamed module.
[WARNING] javadoc: warning - The code being documented uses modules but the packages defined in https://docs.oracle.com/javase/8/docs/api/ are in the unnamed module.
[WARNING] javadoc: warning - The code being documented uses modules but the packages defined in https://docs.oracle.com/javase/8/docs/api/ are in the unnamed module.
[WARNING] javadoc: warning - The code being documented uses modules but the packages defined in https://docs.oracle.com/javase/8/docs/api/ are in the unnamed module.
[WARNING] javadoc: warning - The code being documented uses modules but the packages defined in https://docs.oracle.com/javase/8/docs/api/ are in the unnamed module.
[WARNING] javadoc: warning - The code being documented uses modules but the packages defined in https://docs.oracle.com/javase/8/docs/api/ are in the unnamed module.
[WARNING] javadoc: warning - The code being documented uses modules but the packages defined in https://docs.oracle.com/javase/8/docs/api/ are in the unnamed module.
[WARNING] javadoc: warning - The code being documented uses modules but the packages defined in https://docs.oracle.com/javase/8/docs/api/ are in the unnamed module.
[WARNING] javadoc: warning - The code being documented uses modules but the packages defined in https://docs.oracle.com/javase/8/docs/api/ are in the unnamed module.
[WARNING] javadoc: warning - The code being documented uses modules but the packages defined in https://docs.oracle.com/javase/8/docs/api/ are in the unnamed module.
[WARNING] javadoc: warning - The code being documented uses modules but the packages defined in https://docs.oracle.com/javase/8/docs/api/ are in the unnamed module.
[WARNING] javadoc: warning - The code being documented uses modules but the packages defined in https://docs.oracle.com/javase/8/docs/api/ are in the unnamed module.
[WARNING] javadoc: warning - The code being documented uses modules but the packages defined in https://docs.oracle.com/javase/8/docs/api/ are in the unnamed module.
[WARNING] javadoc: warning - The code being documented uses modules but the packages defined in https://docs.oracle.com/javase/8/docs/api/ are in the unnamed module.
[WARNING] javadoc: warning - The code being documented uses modules but the packages defined in https://docs.oracle.com/javase/8/docs/api/ are in the unnamed module.
[WARNING] javadoc: warning - The code being documented uses modules but the packages defined in https://docs.oracle.com/javase/8/docs/api/ are in the unnamed module.
[WARNING] javadoc: warning - The code being documented uses modules but the packages defined in https://docs.oracle.com/javase/8/docs/api/ are in the unnamed module.
[WARNING] javadoc: warning - The code being documented uses modules but the packages defined in https://docs.oracle.com/javase/8/docs/api/ are in the unnamed module.
[WARNING] javadoc: warning - The code being documented uses modules but the packages defined in https://docs.oracle.com/javase/8/docs/api/ are in the unnamed module.
[WARNING] javadoc: warning - The code being documented uses modules but the packages defined in https://docs.oracle.com/javase/8/docs/api/ are in the unnamed module.
[INFO] Building jar: /workspaces/xxxx/code_cure_agent/cca_workspace/pitest/pitest/target/pitest-1.5.3-SNAPSHOT-javadoc.jar
[INFO] 
[INFO] ----------------------< org.pitest:pitest-entry >-----------------------
[INFO] Building pitest-entry 1.5.3-SNAPSHOT                              [4/11]
[INFO] --------------------------------[ jar ]---------------------------------
[INFO] 
[INFO] --- maven-clean-plugin:3.1.0:clean (default-clean) @ pitest-entry ---
[INFO] Deleting /workspaces/xxxx/code_cure_agent/cca_workspace/pitest/pitest-entry/target
[INFO] 
[INFO] --- maven-checkstyle-plugin:3.1.0:check (checkstyle) @ pitest-entry ---
[INFO] 
[INFO] --- maven-resources-plugin:3.1.0:resources (default-resources) @ pitest-entry ---
[INFO] Using 'UTF-8' encoding to copy filtered resources.
[INFO] Copying 2 resources
[INFO] 
[INFO] --- maven-compiler-plugin:3.8.1:compile (default-compile) @ pitest-entry ---
[INFO] Changes detected - recompiling the module!
[INFO] Compiling 158 source files to /workspaces/xxxx/code_cure_agent/cca_workspace/pitest/pitest-entry/target/classes
[INFO] 
[INFO] --- maven-resources-plugin:3.1.0:testResources (default-testResources) @ pitest-entry ---
[INFO] Using 'UTF-8' encoding to copy filtered resources.
[INFO] Copying 58 resources
[INFO] 
[INFO] --- maven-compiler-plugin:3.8.1:testCompile (default-testCompile) @ pitest-entry ---
[INFO] Changes detected - recompiling the module!
[INFO] Compiling 142 source files to /workspaces/xxxx/code_cure_agent/cca_workspace/pitest/pitest-entry/target/test-classes
[INFO] -------------------------------------------------------------
[ERROR] COMPILATION ERROR : 
[INFO] -------------------------------------------------------------
[ERROR] /workspaces/xxxx/code_cure_agent/cca_workspace/pitest/pitest-entry/src/test/java/org/pitest/classinfo/RepositoryTest.java:[288,1] illegal character: '`'
[ERROR] /workspaces/xxxx/code_cure_agent/cca_workspace/pitest/pitest-entry/src/test/java/org/pitest/classinfo/RepositoryTest.java:[288,2] illegal character: '`'
[ERROR] /workspaces/xxxx/code_cure_agent/cca_workspace/pitest/pitest-entry/src/test/java/org/pitest/classinfo/RepositoryTest.java:[288,3] illegal character: '`'
[ERROR] /workspaces/xxxx/code_cure_agent/cca_workspace/pitest/pitest-entry/src/test/java/org/pitest/classinfo/RepositoryTest.java:[289,13] class, interface, or enum expected
[ERROR] /workspaces/xxxx/code_cure_agent/cca_workspace/pitest/pitest-entry/src/test/java/org/pitest/classinfo/RepositoryTest.java:[291,1] illegal character: '`'
[ERROR] /workspaces/xxxx/code_cure_agent/cca_workspace/pitest/pitest-entry/src/test/java/org/pitest/classinfo/RepositoryTest.java:[291,2] illegal character: '`'
[ERROR] /workspaces/xxxx/code_cure_agent/cca_workspace/pitest/pitest-entry/src/test/java/org/pitest/classinfo/RepositoryTest.java:[291,3] illegal character: '`'
[ERROR] /workspaces/xxxx/code_cure_agent/cca_workspace/pitest/pitest-entry/src/test/java/org/pitest/classinfo/RepositoryTest.java:[292,7] class, interface, or enum expected
[ERROR] /workspaces/xxxx/code_cure_agent/cca_workspace/pitest/pitest-entry/src/test/java/org/pitest/classinfo/RepositoryTest.java:[295,7] class, interface, or enum expected
[ERROR] /workspaces/xxxx/code_cure_agent/cca_workspace/pitest/pitest-entry/src/test/java/org/pitest/classinfo/RepositoryTest.java:[296,1] illegal character: '`'
[ERROR] /workspaces/xxxx/code_cure_agent/cca_workspace/pitest/pitest-entry/src/test/java/org/pitest/classinfo/RepositoryTest.java:[296,2] illegal character: '`'
[ERROR] /workspaces/xxxx/code_cure_agent/cca_workspace/pitest/pitest-entry/src/test/java/org/pitest/classinfo/RepositoryTest.java:[296,3] illegal character: '`'
[ERROR] /workspaces/xxxx/code_cure_agent/cca_workspace/pitest/pitest-entry/src/test/java/org/pitest/classinfo/RepositoryTest.java:[297,4] class, interface, or enum expected
[ERROR] /workspaces/xxxx/code_cure_agent/cca_workspace/pitest/pitest-entry/src/test/java/org/pitest/classinfo/RepositoryTest.java:[297,81] <identifier> expected
[ERROR] /workspaces/xxxx/code_cure_agent/cca_workspace/pitest/pitest-entry/src/test/java/org/pitest/classinfo/RepositoryTest.java:[297,108] illegal character: '`'
[ERROR] /workspaces/xxxx/code_cure_agent/cca_workspace/pitest/pitest-entry/src/test/java/org/pitest/classinfo/RepositoryTest.java:[297,121] illegal character: '`'
[ERROR] /workspaces/xxxx/code_cure_agent/cca_workspace/pitest/pitest-entry/src/test/java/org/pitest/classinfo/RepositoryTest.java:[297,138] illegal character: '`'
[ERROR] /workspaces/xxxx/code_cure_agent/cca_workspace/pitest/pitest-entry/src/test/java/org/pitest/classinfo/RepositoryTest.java:[297,159] illegal character: '`'
[ERROR] /workspaces/xxxx/code_cure_agent/cca_workspace/pitest/pitest-entry/src/test/java/org/pitest/classinfo/RepositoryTest.java:[297,228] illegal character: '`'
[ERROR] /workspaces/xxxx/code_cure_agent/cca_workspace/pitest/pitest-entry/src/test/java/org/pitest/classinfo/RepositoryTest.java:[297,239] illegal character: '`'
[ERROR] /workspaces/xxxx/code_cure_agent/cca_workspace/pitest/pitest-entry/src/test/java/org/pitest/classinfo/RepositoryTest.java:[297,241] reached end of file while parsing
[INFO] 21 errors 
[INFO] -------------------------------------------------------------
[INFO] ------------------------------------------------------------------------
[INFO] Reactor Summary for pitest-parent 1.5.3-SNAPSHOT:
[INFO] 
[INFO] pitest-parent ...................................... SUCCESS [  0.172 s]
[INFO] Build Config ....................................... SUCCESS [  0.635 s]
[INFO] pitest ............................................. SUCCESS [ 11.370 s]
[INFO] pitest-entry ....................................... FAILURE [  1.012 s]
[INFO] pitest-html-report ................................. SKIPPED
[INFO] pitest-aggregator .................................. SKIPPED
[INFO] pitest-maven ....................................... SKIPPED
[INFO] pitest-command-line ................................ SKIPPED
[INFO] pitest-ant ......................................... SKIPPED
[INFO] pitest-maven-verification .......................... SKIPPED
[INFO] pitest-java8-verification .......................... SKIPPED
[INFO] ------------------------------------------------------------------------
[INFO] BUILD FAILURE
[INFO] ------------------------------------------------------------------------
[INFO] Total time:  13.325 s
[INFO] Finished at: 2025-08-21T14:10:40Z
[INFO] ------------------------------------------------------------------------
[ERROR] Failed to execute goal org.apache.maven.plugins:maven-compiler-plugin:3.8.1:testCompile (default-testCompile) on project pitest-entry: Compilation failure: Compilation failure: 
[ERROR] /workspaces/xxxx/code_cure_agent/cca_workspace/pitest/pitest-entry/src/test/java/org/pitest/classinfo/RepositoryTest.java:[288,1] illegal character: '`'
[ERROR] /workspaces/xxxx/code_cure_agent/cca_workspace/pitest/pitest-entry/src/test/java/org/pitest/classinfo/RepositoryTest.java:[288,2] illegal character: '`'
[ERROR] /workspaces/xxxx/code_cure_agent/cca_workspace/pitest/pitest-entry/src/test/java/org/pitest/classinfo/RepositoryTest.java:[288,3] illegal character: '`'
[ERROR] /workspaces/xxxx/code_cure_agent/cca_workspace/pitest/pitest-entry/src/test/java/org/pitest/classinfo/RepositoryTest.java:[289,13] class, interface, or enum expected
[ERROR] /workspaces/xxxx/code_cure_agent/cca_workspace/pitest/pitest-entry/src/test/java/org/pitest/classinfo/RepositoryTest.java:[291,1] illegal character: '`'
[ERROR] /workspaces/xxxx/code_cure_agent/cca_workspace/pitest/pitest-entry/src/test/java/org/pitest/classinfo/RepositoryTest.java:[291,2] illegal character: '`'
[ERROR] /workspaces/xxxx/code_cure_agent/cca_workspace/pitest/pitest-entry/src/test/java/org/pitest/classinfo/RepositoryTest.java:[291,3] illegal character: '`'
[ERROR] /workspaces/xxxx/code_cure_agent/cca_workspace/pitest/pitest-entry/src/test/java/org/pitest/classinfo/RepositoryTest.java:[292,7] class, interface, or enum expected
[ERROR] /workspaces/xxxx/code_cure_agent/cca_workspace/pitest/pitest-entry/src/test/java/org/pitest/classinfo/RepositoryTest.java:[295,7] class, interface, or enum expected
[ERROR] /workspaces/xxxx/code_cure_agent/cca_workspace/pitest/pitest-entry/src/test/java/org/pitest/classinfo/RepositoryTest.java:[296,1] illegal character: '`'
[ERROR] /workspaces/xxxx/code_cure_agent/cca_workspace/pitest/pitest-entry/src/test/java/org/pitest/classinfo/RepositoryTest.java:[296,2] illegal character: '`'
[ERROR] /workspaces/xxxx/code_cure_agent/cca_workspace/pitest/pitest-entry/src/test/java/org/pitest/classinfo/RepositoryTest.java:[296,3] illegal character: '`'
[ERROR] /workspaces/xxxx/code_cure_agent/cca_workspace/pitest/pitest-entry/src/test/java/org/pitest/classinfo/RepositoryTest.java:[297,4] class, interface, or enum expected
[ERROR] /workspaces/xxxx/code_cure_agent/cca_workspace/pitest/pitest-entry/src/test/java/org/pitest/classinfo/RepositoryTest.java:[297,81] <identifier> expected
[ERROR] /workspaces/xxxx/code_cure_agent/cca_workspace/pitest/pitest-entry/src/test/java/org/pitest/classinfo/RepositoryTest.java:[297,108] illegal character: '`'
[ERROR] /workspaces/xxxx/code_cure_agent/cca_workspace/pitest/pitest-entry/src/test/java/org/pitest/classinfo/RepositoryTest.java:[297,121] illegal character: '`'
[ERROR] /workspaces/xxxx/code_cure_agent/cca_workspace/pitest/pitest-entry/src/test/java/org/pitest/classinfo/RepositoryTest.java:[297,138] illegal character: '`'
[ERROR] /workspaces/xxxx/code_cure_agent/cca_workspace/pitest/pitest-entry/src/test/java/org/pitest/classinfo/RepositoryTest.java:[297,159] illegal character: '`'
[ERROR] /workspaces/xxxx/code_cure_agent/cca_workspace/pitest/pitest-entry/src/test/java/org/pitest/classinfo/RepositoryTest.java:[297,228] illegal character: '`'
[ERROR] /workspaces/xxxx/code_cure_agent/cca_workspace/pitest/pitest-entry/src/test/java/org/pitest/classinfo/RepositoryTest.java:[297,239] illegal character: '`'
[ERROR] /workspaces/xxxx/code_cure_agent/cca_workspace/pitest/pitest-entry/src/test/java/org/pitest/classinfo/RepositoryTest.java:[297,241] reached end of file while parsing
[ERROR] -> [Help 1]
[ERROR] 
[ERROR] To see the full stack trace of the errors, re-run Maven with the -e switch.
[ERROR] Re-run Maven using the -X switch to enable full debug logging.
[ERROR] 
[ERROR] For more information about the errors and possible solutions, please read the following articles:
[ERROR] [Help 1] http://cwiki.apache.org/confluence/display/MAVEN/MojoFailureException
[ERROR] 
[ERROR] After correcting the problems, you can resume the build with the command
[ERROR]   mvn <args> -rf :pitest-entry
