[INFO] Scanning for projects...
[INFO] ------------------------------------------------------------------------
[INFO] Reactor Build Order:
[INFO] 
[INFO] protostuff                                                         [pom]
[INFO] protostuff :: api                                                  [jar]
[INFO] protostuff :: core                                                 [jar]
[INFO] protostuff :: collectionschema                                     [jar]
[INFO] protostuff :: runtime                                              [jar]
[INFO] protostuff :: runtime-md                                           [jar]
[INFO] protostuff :: runtime-registry                                     [jar]
[INFO] protostuff :: runtime-view                                         [jar]
[INFO] protostuff :: json                                                 [jar]
[INFO] protostuff :: msgpack                                              [jar]
[INFO] protostuff :: xml                                                  [jar]
[INFO] protostuff :: yaml                                                 [jar]
[INFO] protostuff :: kvp                                                  [jar]
[INFO] protostuff :: parser                                               [jar]
[INFO] protostuff :: compiler                                             [jar]
[INFO] protostuff :: maven-plugin                                [maven-plugin]
[INFO] protostuff :: uberjar                                              [jar]
[INFO] protostuff :: it                                                   [jar]
[INFO] protostuff :: bom                                                  [pom]
[INFO] protostuff :: benchmarks                                           [jar]
[INFO] 
[INFO] ----------------------< io.protostuff:protostuff >----------------------
[INFO] Building protostuff 1.8.0-SNAPSHOT                                [1/20]
[INFO] --------------------------------[ pom ]---------------------------------
[INFO] 
[INFO] --- maven-clean-plugin:2.5:clean (default-clean) @ protostuff ---
[INFO] 
[INFO] --- maven-enforcer-plugin:1.3.1:enforce (enforce-versions) @ protostuff ---
[INFO] 
[INFO] >>> maven-source-plugin:2.4:jar (attach-sources) > generate-sources @ protostuff >>>
[INFO] 
[INFO] --- maven-enforcer-plugin:1.3.1:enforce (enforce-versions) @ protostuff ---
[INFO] 
[INFO] <<< maven-source-plugin:2.4:jar (attach-sources) < generate-sources @ protostuff <<<
[INFO] 
[INFO] 
[INFO] --- maven-source-plugin:2.4:jar (attach-sources) @ protostuff ---
[INFO] 
[INFO] --- maven-javadoc-plugin:2.10.1:jar (attach-javadocs) @ protostuff ---
[INFO] Not executing Javadoc as the project is not a Java classpath-capable package
[INFO] 
[INFO] --------------------< io.protostuff:protostuff-api >--------------------
[INFO] Building protostuff :: api 1.8.0-SNAPSHOT                         [2/20]
[INFO] --------------------------------[ jar ]---------------------------------
[INFO] 
[INFO] --- maven-clean-plugin:2.5:clean (default-clean) @ protostuff-api ---
[INFO] 
[INFO] --- maven-enforcer-plugin:1.3.1:enforce (enforce-versions) @ protostuff-api ---
[INFO] 
[INFO] --- maven-resources-plugin:2.6:resources (default-resources) @ protostuff-api ---
[INFO] Using 'UTF-8' encoding to copy filtered resources.
[INFO] skip non existing resourceDirectory /workspaces/xxxx/code_cure_agent/cca_workspace/protostuff/protostuff-api/src/main/resources
[INFO] 
[INFO] --- maven-compiler-plugin:3.1:compile (default-compile) @ protostuff-api ---
[INFO] Changes detected - recompiling the module!
[INFO] Compiling 33 source files to /workspaces/xxxx/code_cure_agent/cca_workspace/protostuff/protostuff-api/target/classes
[INFO] 
[INFO] --- maven-resources-plugin:2.6:testResources (default-testResources) @ protostuff-api ---
[INFO] Using 'UTF-8' encoding to copy filtered resources.
[INFO] skip non existing resourceDirectory /workspaces/xxxx/code_cure_agent/cca_workspace/protostuff/protostuff-api/src/test/resources
[INFO] 
[INFO] --- maven-compiler-plugin:3.1:testCompile (default-testCompile) @ protostuff-api ---
[INFO] Changes detected - recompiling the module!
[INFO] Compiling 7 source files to /workspaces/xxxx/code_cure_agent/cca_workspace/protostuff/protostuff-api/target/test-classes
[INFO] 
[INFO] --- maven-surefire-plugin:2.12.4:test (default-test) @ protostuff-api ---
[INFO] Tests are skipped.
[INFO] 
[INFO] --- maven-jar-plugin:2.5:jar (default-jar) @ protostuff-api ---
[INFO] Building jar: /workspaces/xxxx/code_cure_agent/cca_workspace/protostuff/protostuff-api/target/protostuff-api-1.8.0-SNAPSHOT.jar
[INFO] 
[INFO] >>> maven-source-plugin:2.4:jar (attach-sources) > generate-sources @ protostuff-api >>>
[INFO] 
[INFO] --- maven-enforcer-plugin:1.3.1:enforce (enforce-versions) @ protostuff-api ---
[INFO] 
[INFO] <<< maven-source-plugin:2.4:jar (attach-sources) < generate-sources @ protostuff-api <<<
[INFO] 
[INFO] 
[INFO] --- maven-source-plugin:2.4:jar (attach-sources) @ protostuff-api ---
[INFO] Building jar: /workspaces/xxxx/code_cure_agent/cca_workspace/protostuff/protostuff-api/target/protostuff-api-1.8.0-SNAPSHOT-sources.jar
[INFO] 
[INFO] --- maven-javadoc-plugin:2.10.1:jar (attach-javadocs) @ protostuff-api ---
[INFO] 
Loading source files for package io.protostuff...
Constructing Javadoc information...
Standard Doclet version 11.0.27
Building tree for all the packages and classes...
Generating /workspaces/xxxx/code_cure_agent/cca_workspace/protostuff/protostuff-api/target/apidocs/io/protostuff/B64Code.html...
Generating /workspaces/xxxx/code_cure_agent/cca_workspace/protostuff/protostuff-api/target/apidocs/io/protostuff/Builder.html...
Generating /workspaces/xxxx/code_cure_agent/cca_workspace/protostuff/protostuff-api/target/apidocs/io/protostuff/ByteString.html...
Generating /workspaces/xxxx/code_cure_agent/cca_workspace/protostuff/protostuff-api/target/apidocs/io/protostuff/CustomSchema.html...
Generating /workspaces/xxxx/code_cure_agent/cca_workspace/protostuff/protostuff-api/target/apidocs/io/protostuff/EnumLite.html...
Generating /workspaces/xxxx/code_cure_agent/cca_workspace/protostuff/protostuff-api/target/apidocs/io/protostuff/Exclude.html...
Generating /workspaces/xxxx/code_cure_agent/cca_workspace/protostuff/protostuff-api/target/apidocs/io/protostuff/FilterInput.html...
Generating /workspaces/xxxx/code_cure_agent/cca_workspace/protostuff/protostuff-api/target/apidocs/io/protostuff/FilterOutput.html...
Generating /workspaces/xxxx/code_cure_agent/cca_workspace/protostuff/protostuff-api/target/apidocs/io/protostuff/GraphInput.html...
Generating /workspaces/xxxx/code_cure_agent/cca_workspace/protostuff/protostuff-api/target/apidocs/io/protostuff/Input.html...
Generating /workspaces/xxxx/code_cure_agent/cca_workspace/protostuff/protostuff-api/target/apidocs/io/protostuff/IntSerializer.html...
Generating /workspaces/xxxx/code_cure_agent/cca_workspace/protostuff/protostuff-api/target/apidocs/io/protostuff/LinkedBuffer.html...
Generating /workspaces/xxxx/code_cure_agent/cca_workspace/protostuff/protostuff-api/target/apidocs/io/protostuff/ListAdapter.html...
Generating /workspaces/xxxx/code_cure_agent/cca_workspace/protostuff/protostuff-api/target/apidocs/io/protostuff/ListAdapter.Converter.html...
Generating /workspaces/xxxx/code_cure_agent/cca_workspace/protostuff/protostuff-api/target/apidocs/io/protostuff/Message.html...
Generating /workspaces/xxxx/code_cure_agent/cca_workspace/protostuff/protostuff-api/target/apidocs/io/protostuff/Morph.html...
Generating /workspaces/xxxx/code_cure_agent/cca_workspace/protostuff/protostuff-api/target/apidocs/io/protostuff/NumberParser.html...
Generating /workspaces/xxxx/code_cure_agent/cca_workspace/protostuff/protostuff-api/target/apidocs/io/protostuff/Output.html...
Generating /workspaces/xxxx/code_cure_agent/cca_workspace/protostuff/protostuff-api/target/apidocs/io/protostuff/Pipe.html...
Generating /workspaces/xxxx/code_cure_agent/cca_workspace/protostuff/protostuff-api/target/apidocs/io/protostuff/Pipe.Schema.html...
Generating /workspaces/xxxx/code_cure_agent/cca_workspace/protostuff/protostuff-api/target/apidocs/io/protostuff/ProtostuffException.html...
Generating /workspaces/xxxx/code_cure_agent/cca_workspace/protostuff/protostuff-api/target/apidocs/io/protostuff/Request.html...
Generating /workspaces/xxxx/code_cure_agent/cca_workspace/protostuff/protostuff-api/target/apidocs/io/protostuff/Response.html...
Generating /workspaces/xxxx/code_cure_agent/cca_workspace/protostuff/protostuff-api/target/apidocs/io/protostuff/Rpc.html...
Generating /workspaces/xxxx/code_cure_agent/cca_workspace/protostuff/protostuff-api/target/apidocs/io/protostuff/Schema.html...
Generating /workspaces/xxxx/code_cure_agent/cca_workspace/protostuff/protostuff-api/target/apidocs/io/protostuff/Service.html...
Generating /workspaces/xxxx/code_cure_agent/cca_workspace/protostuff/protostuff-api/target/apidocs/io/protostuff/StatefulOutput.html...
Generating /workspaces/xxxx/code_cure_agent/cca_workspace/protostuff/protostuff-api/target/apidocs/io/protostuff/StreamedStringSerializer.html...
Generating /workspaces/xxxx/code_cure_agent/cca_workspace/protostuff/protostuff-api/target/apidocs/io/protostuff/StringSerializer.html...
Generating /workspaces/xxxx/code_cure_agent/cca_workspace/protostuff/protostuff-api/target/apidocs/io/protostuff/StringSerializer.STRING.html...
Generating /workspaces/xxxx/code_cure_agent/cca_workspace/protostuff/protostuff-api/target/apidocs/io/protostuff/Tag.html...
Generating /workspaces/xxxx/code_cure_agent/cca_workspace/protostuff/protostuff-api/target/apidocs/io/protostuff/UninitializedMessageException.html...
Generating /workspaces/xxxx/code_cure_agent/cca_workspace/protostuff/protostuff-api/target/apidocs/io/protostuff/UnsignedNumberUtil.html...
Generating /workspaces/xxxx/code_cure_agent/cca_workspace/protostuff/protostuff-api/target/apidocs/io/protostuff/WireFormat.html...
Generating /workspaces/xxxx/code_cure_agent/cca_workspace/protostuff/protostuff-api/target/apidocs/io/protostuff/WireFormat.FieldType.html...
Generating /workspaces/xxxx/code_cure_agent/cca_workspace/protostuff/protostuff-api/target/apidocs/io/protostuff/WireFormat.JavaType.html...
Generating /workspaces/xxxx/code_cure_agent/cca_workspace/protostuff/protostuff-api/target/apidocs/io/protostuff/WriteSession.html...
Generating /workspaces/xxxx/code_cure_agent/cca_workspace/protostuff/protostuff-api/target/apidocs/io/protostuff/WriteSession.FlushHandler.html...
Generating /workspaces/xxxx/code_cure_agent/cca_workspace/protostuff/protostuff-api/target/apidocs/io/protostuff/WriteSink.html...
Generating /workspaces/xxxx/code_cure_agent/cca_workspace/protostuff/protostuff-api/target/apidocs/io/protostuff/package-summary.html...
Generating /workspaces/xxxx/code_cure_agent/cca_workspace/protostuff/protostuff-api/target/apidocs/io/protostuff/package-tree.html...
Generating /workspaces/xxxx/code_cure_agent/cca_workspace/protostuff/protostuff-api/target/apidocs/constant-values.html...
Generating /workspaces/xxxx/code_cure_agent/cca_workspace/protostuff/protostuff-api/target/apidocs/serialized-form.html...
Generating /workspaces/xxxx/code_cure_agent/cca_workspace/protostuff/protostuff-api/target/apidocs/io/protostuff/class-use/Service.html...
Generating /workspaces/xxxx/code_cure_agent/cca_workspace/protostuff/protostuff-api/target/apidocs/io/protostuff/class-use/Input.html...
Generating /workspaces/xxxx/code_cure_agent/cca_workspace/protostuff/protostuff-api/target/apidocs/io/protostuff/class-use/UninitializedMessageException.html...
Generating /workspaces/xxxx/code_cure_agent/cca_workspace/protostuff/protostuff-api/target/apidocs/io/protostuff/class-use/UnsignedNumberUtil.html...
Generating /workspaces/xxxx/code_cure_agent/cca_workspace/protostuff/protostuff-api/target/apidocs/io/protostuff/class-use/IntSerializer.html...
Generating /workspaces/xxxx/code_cure_agent/cca_workspace/protostuff/protostuff-api/target/apidocs/io/protostuff/class-use/NumberParser.html...
Generating /workspaces/xxxx/code_cure_agent/cca_workspace/protostuff/protostuff-api/target/apidocs/io/protostuff/class-use/Morph.html...
Generating /workspaces/xxxx/code_cure_agent/cca_workspace/protostuff/protostuff-api/target/apidocs/io/protostuff/class-use/Output.html...
Generating /workspaces/xxxx/code_cure_agent/cca_workspace/protostuff/protostuff-api/target/apidocs/io/protostuff/class-use/ListAdapter.html...
Generating /workspaces/xxxx/code_cure_agent/cca_workspace/protostuff/protostuff-api/target/apidocs/io/protostuff/class-use/ListAdapter.Converter.html...
Generating /workspaces/xxxx/code_cure_agent/cca_workspace/protostuff/protostuff-api/target/apidocs/io/protostuff/class-use/Rpc.html...
Generating /workspaces/xxxx/code_cure_agent/cca_workspace/protostuff/protostuff-api/target/apidocs/io/protostuff/class-use/Pipe.html...
Generating /workspaces/xxxx/code_cure_agent/cca_workspace/protostuff/protostuff-api/target/apidocs/io/protostuff/class-use/Pipe.Schema.html...
Generating /workspaces/xxxx/code_cure_agent/cca_workspace/protostuff/protostuff-api/target/apidocs/io/protostuff/class-use/StreamedStringSerializer.html...
Generating /workspaces/xxxx/code_cure_agent/cca_workspace/protostuff/protostuff-api/target/apidocs/io/protostuff/class-use/EnumLite.html...
Generating /workspaces/xxxx/code_cure_agent/cca_workspace/protostuff/protostuff-api/target/apidocs/io/protostuff/class-use/Exclude.html...
Generating /workspaces/xxxx/code_cure_agent/cca_workspace/protostuff/protostuff-api/target/apidocs/io/protostuff/class-use/Schema.html...
Generating /workspaces/xxxx/code_cure_agent/cca_workspace/protostuff/protostuff-api/target/apidocs/io/protostuff/class-use/Response.html...
Generating /workspaces/xxxx/code_cure_agent/cca_workspace/protostuff/protostuff-api/target/apidocs/io/protostuff/class-use/Tag.html...
Generating /workspaces/xxxx/code_cure_agent/cca_workspace/protostuff/protostuff-api/target/apidocs/io/protostuff/class-use/Request.html...
Generating /workspaces/xxxx/code_cure_agent/cca_workspace/protostuff/protostuff-api/target/apidocs/io/protostuff/class-use/WriteSession.html...
Generating /workspaces/xxxx/code_cure_agent/cca_workspace/protostuff/protostuff-api/target/apidocs/io/protostuff/class-use/WriteSession.FlushHandler.html...
Generating /workspaces/xxxx/code_cure_agent/cca_workspace/protostuff/protostuff-api/target/apidocs/io/protostuff/class-use/WriteSink.html...
Generating /workspaces/xxxx/code_cure_agent/cca_workspace/protostuff/protostuff-api/target/apidocs/io/protostuff/class-use/FilterOutput.html...
Generating /workspaces/xxxx/code_cure_agent/cca_workspace/protostuff/protostuff-api/target/apidocs/io/protostuff/class-use/B64Code.html...
Generating /workspaces/xxxx/code_cure_agent/cca_workspace/protostuff/protostuff-api/target/apidocs/io/protostuff/class-use/StringSerializer.html...
Generating /workspaces/xxxx/code_cure_agent/cca_workspace/protostuff/protostuff-api/target/apidocs/io/protostuff/class-use/StringSerializer.STRING.html...
Generating /workspaces/xxxx/code_cure_agent/cca_workspace/protostuff/protostuff-api/target/apidocs/io/protostuff/class-use/ProtostuffException.html...
Generating /workspaces/xxxx/code_cure_agent/cca_workspace/protostuff/protostuff-api/target/apidocs/io/protostuff/class-use/Message.html...
Generating /workspaces/xxxx/code_cure_agent/cca_workspace/protostuff/protostuff-api/target/apidocs/io/protostuff/class-use/Builder.html...
Generating /workspaces/xxxx/code_cure_agent/cca_workspace/protostuff/protostuff-api/target/apidocs/io/protostuff/class-use/ByteString.html...
Generating /workspaces/xxxx/code_cure_agent/cca_workspace/protostuff/protostuff-api/target/apidocs/io/protostuff/class-use/FilterInput.html...
Generating /workspaces/xxxx/code_cure_agent/cca_workspace/protostuff/protostuff-api/target/apidocs/io/protostuff/class-use/GraphInput.html...
Generating /workspaces/xxxx/code_cure_agent/cca_workspace/protostuff/protostuff-api/target/apidocs/io/protostuff/class-use/WireFormat.html...
Generating /workspaces/xxxx/code_cure_agent/cca_workspace/protostuff/protostuff-api/target/apidocs/io/protostuff/class-use/WireFormat.FieldType.html...
Generating /workspaces/xxxx/code_cure_agent/cca_workspace/protostuff/protostuff-api/target/apidocs/io/protostuff/class-use/WireFormat.JavaType.html...
Generating /workspaces/xxxx/code_cure_agent/cca_workspace/protostuff/protostuff-api/target/apidocs/io/protostuff/class-use/StatefulOutput.html...
Generating /workspaces/xxxx/code_cure_agent/cca_workspace/protostuff/protostuff-api/target/apidocs/io/protostuff/class-use/CustomSchema.html...
Generating /workspaces/xxxx/code_cure_agent/cca_workspace/protostuff/protostuff-api/target/apidocs/io/protostuff/class-use/LinkedBuffer.html...
Generating /workspaces/xxxx/code_cure_agent/cca_workspace/protostuff/protostuff-api/target/apidocs/io/protostuff/package-use.html...
Building index for all the packages and classes...
Generating /workspaces/xxxx/code_cure_agent/cca_workspace/protostuff/protostuff-api/target/apidocs/overview-tree.html...
Generating /workspaces/xxxx/code_cure_agent/cca_workspace/protostuff/protostuff-api/target/apidocs/index-all.html...
Building index for all classes...
Generating /workspaces/xxxx/code_cure_agent/cca_workspace/protostuff/protostuff-api/target/apidocs/allclasses-index.html...
Generating /workspaces/xxxx/code_cure_agent/cca_workspace/protostuff/protostuff-api/target/apidocs/allpackages-index.html...
Generating /workspaces/xxxx/code_cure_agent/cca_workspace/protostuff/protostuff-api/target/apidocs/deprecated-list.html...
Building index for all classes...
Generating /workspaces/xxxx/code_cure_agent/cca_workspace/protostuff/protostuff-api/target/apidocs/allclasses.html...
Generating /workspaces/xxxx/code_cure_agent/cca_workspace/protostuff/protostuff-api/target/apidocs/allclasses.html...
Generating /workspaces/xxxx/code_cure_agent/cca_workspace/protostuff/protostuff-api/target/apidocs/index.html...
Generating /workspaces/xxxx/code_cure_agent/cca_workspace/protostuff/protostuff-api/target/apidocs/help-doc.html...
Note: Custom tags that could override future standard tags:  @phase, @component, @configurator, @goal, @readonly, @requiresDependencyResolution, @created, @parameter, @execute, @required. To avoid potential overrides, use at least one period character (.) in custom tag names.
Note: Custom tags that were not seen:  @phase, @component, @configurator, @goal, @readonly, @requiresDependencyResolution, @parameter, @execute, @required
[INFO] Building jar: /workspaces/xxxx/code_cure_agent/cca_workspace/protostuff/protostuff-api/target/protostuff-api-1.8.0-SNAPSHOT-javadoc.jar
[INFO] 
[INFO] --- maven-jar-plugin:2.5:jar (artifact-jar) @ protostuff-api ---
[INFO] 
[INFO] --- maven-jar-plugin:2.5:test-jar (test-jar) @ protostuff-api ---
[INFO] Building jar: /workspaces/xxxx/code_cure_agent/cca_workspace/protostuff/protostuff-api/target/protostuff-api-1.8.0-SNAPSHOT-tests.jar
[INFO] 
[INFO] -------------------< io.protostuff:protostuff-core >--------------------
[INFO] Building protostuff :: core 1.8.0-SNAPSHOT                        [3/20]
[INFO] --------------------------------[ jar ]---------------------------------
[INFO] 
[INFO] --- maven-clean-plugin:2.5:clean (default-clean) @ protostuff-core ---
[INFO] 
[INFO] --- maven-enforcer-plugin:1.3.1:enforce (enforce-versions) @ protostuff-core ---
[INFO] 
[INFO] --- maven-resources-plugin:2.6:resources (default-resources) @ protostuff-core ---
[INFO] Using 'UTF-8' encoding to copy filtered resources.
[INFO] skip non existing resourceDirectory /workspaces/xxxx/code_cure_agent/cca_workspace/protostuff/protostuff-core/src/main/resources
[INFO] 
[INFO] --- maven-compiler-plugin:3.1:compile (default-compile) @ protostuff-core ---
[INFO] Changes detected - recompiling the module!
[INFO] Compiling 17 source files to /workspaces/xxxx/code_cure_agent/cca_workspace/protostuff/protostuff-core/target/classes
[INFO] 
[INFO] --- maven-resources-plugin:2.6:testResources (default-testResources) @ protostuff-core ---
[INFO] Using 'UTF-8' encoding to copy filtered resources.
[INFO] skip non existing resourceDirectory /workspaces/xxxx/code_cure_agent/cca_workspace/protostuff/protostuff-core/src/test/resources
[INFO] 
[INFO] --- maven-compiler-plugin:3.1:testCompile (default-testCompile) @ protostuff-core ---
[INFO] Changes detected - recompiling the module!
[INFO] Compiling 47 source files to /workspaces/xxxx/code_cure_agent/cca_workspace/protostuff/protostuff-core/target/test-classes
[WARNING] /workspaces/xxxx/code_cure_agent/cca_workspace/protostuff/protostuff-core/src/test/java/io/protostuff/SerializableObjects.java: /workspaces/xxxx/code_cure_agent/cca_workspace/protostuff/protostuff-core/src/test/java/io/protostuff/SerializableObjects.java uses or overrides a deprecated API.
[WARNING] /workspaces/xxxx/code_cure_agent/cca_workspace/protostuff/protostuff-core/src/test/java/io/protostuff/SerializableObjects.java: Recompile with -Xlint:deprecation for details.
[WARNING] /workspaces/xxxx/code_cure_agent/cca_workspace/protostuff/protostuff-core/src/test/java/io/protostuff/LowCopyProtobufOutputTest.java: Some input files use unchecked or unsafe operations.
[WARNING] /workspaces/xxxx/code_cure_agent/cca_workspace/protostuff/protostuff-core/src/test/java/io/protostuff/LowCopyProtobufOutputTest.java: Recompile with -Xlint:unchecked for details.
[INFO] 
[INFO] --- maven-surefire-plugin:2.12.4:test (default-test) @ protostuff-core ---
[INFO] Tests are skipped.
[INFO] 
[INFO] --- maven-jar-plugin:2.5:jar (default-jar) @ protostuff-core ---
[INFO] Building jar: /workspaces/xxxx/code_cure_agent/cca_workspace/protostuff/protostuff-core/target/protostuff-core-1.8.0-SNAPSHOT.jar
[INFO] 
[INFO] >>> maven-source-plugin:2.4:jar (attach-sources) > generate-sources @ protostuff-core >>>
[INFO] 
[INFO] --- maven-enforcer-plugin:1.3.1:enforce (enforce-versions) @ protostuff-core ---
[INFO] 
[INFO] <<< maven-source-plugin:2.4:jar (attach-sources) < generate-sources @ protostuff-core <<<
[INFO] 
[INFO] 
[INFO] --- maven-source-plugin:2.4:jar (attach-sources) @ protostuff-core ---
[INFO] Building jar: /workspaces/xxxx/code_cure_agent/cca_workspace/protostuff/protostuff-core/target/protostuff-core-1.8.0-SNAPSHOT-sources.jar
[INFO] 
[INFO] --- maven-javadoc-plugin:2.10.1:jar (attach-javadocs) @ protostuff-core ---
[ERROR] Error fetching link: /workspaces/xxxx/code_cure_agent/cca_workspace/protostuff/protostuff-api/target/apidocs/package-list. Ignored it.
[INFO] 
Loading source files for package io.protostuff...
Constructing Javadoc information...
Standard Doclet version 11.0.27
Building tree for all the packages and classes...
Generating /workspaces/xxxx/code_cure_agent/cca_workspace/protostuff/protostuff-core/target/apidocs/io/protostuff/ByteArrayInput.html...
Generating /workspaces/xxxx/code_cure_agent/cca_workspace/protostuff/protostuff-core/target/apidocs/io/protostuff/ByteBufferInput.html...
Generating /workspaces/xxxx/code_cure_agent/cca_workspace/protostuff/protostuff-core/target/apidocs/io/protostuff/CodedInput.html...
Generating /workspaces/xxxx/code_cure_agent/cca_workspace/protostuff/protostuff-core/target/apidocs/io/protostuff/GraphByteArrayInput.html...
Generating /workspaces/xxxx/code_cure_agent/cca_workspace/protostuff/protostuff-core/target/apidocs/io/protostuff/GraphCodedInput.html...
Generating /workspaces/xxxx/code_cure_agent/cca_workspace/protostuff/protostuff-core/target/apidocs/io/protostuff/GraphIOUtil.html...
Generating /workspaces/xxxx/code_cure_agent/cca_workspace/protostuff/protostuff-core/target/apidocs/io/protostuff/GraphProtostuffOutput.html...
Generating /workspaces/xxxx/code_cure_agent/cca_workspace/protostuff/protostuff-core/target/apidocs/io/protostuff/LimitedInputStream.html...
Generating /workspaces/xxxx/code_cure_agent/cca_workspace/protostuff/protostuff-core/target/apidocs/io/protostuff/LinkBuffer.html...
Generating /workspaces/xxxx/code_cure_agent/cca_workspace/protostuff/protostuff-core/target/apidocs/io/protostuff/LowCopyProtobufOutput.html...
Generating /workspaces/xxxx/code_cure_agent/cca_workspace/protostuff/protostuff-core/target/apidocs/io/protostuff/LowCopyProtostuffOutput.html...
Generating /workspaces/xxxx/code_cure_agent/cca_workspace/protostuff/protostuff-core/target/apidocs/io/protostuff/ProtobufException.html...
Generating /workspaces/xxxx/code_cure_agent/cca_workspace/protostuff/protostuff-core/target/apidocs/io/protostuff/ProtobufIOUtil.html...
Generating /workspaces/xxxx/code_cure_agent/cca_workspace/protostuff/protostuff-core/target/apidocs/io/protostuff/ProtobufOutput.html...
Generating /workspaces/xxxx/code_cure_agent/cca_workspace/protostuff/protostuff-core/target/apidocs/io/protostuff/ProtostuffIOUtil.html...
Generating /workspaces/xxxx/code_cure_agent/cca_workspace/protostuff/protostuff-core/target/apidocs/io/protostuff/ProtostuffOutput.html...
Generating /workspaces/xxxx/code_cure_agent/cca_workspace/protostuff/protostuff-core/target/apidocs/io/protostuff/package-summary.html...
Generating /workspaces/xxxx/code_cure_agent/cca_workspace/protostuff/protostuff-core/target/apidocs/io/protostuff/package-tree.html...
Generating /workspaces/xxxx/code_cure_agent/cca_workspace/protostuff/protostuff-core/target/apidocs/constant-values.html...
Generating /workspaces/xxxx/code_cure_agent/cca_workspace/protostuff/protostuff-core/target/apidocs/serialized-form.html...
Generating /workspaces/xxxx/code_cure_agent/cca_workspace/protostuff/protostuff-core/target/apidocs/io/protostuff/class-use/GraphIOUtil.html...
Generating /workspaces/xxxx/code_cure_agent/cca_workspace/protostuff/protostuff-core/target/apidocs/io/protostuff/class-use/ProtostuffIOUtil.html...
Generating /workspaces/xxxx/code_cure_agent/cca_workspace/protostuff/protostuff-core/target/apidocs/io/protostuff/class-use/LowCopyProtostuffOutput.html...
Generating /workspaces/xxxx/code_cure_agent/cca_workspace/protostuff/protostuff-core/target/apidocs/io/protostuff/class-use/LimitedInputStream.html...
Generating /workspaces/xxxx/code_cure_agent/cca_workspace/protostuff/protostuff-core/target/apidocs/io/protostuff/class-use/ProtobufOutput.html...
Generating /workspaces/xxxx/code_cure_agent/cca_workspace/protostuff/protostuff-core/target/apidocs/io/protostuff/class-use/CodedInput.html...
Generating /workspaces/xxxx/code_cure_agent/cca_workspace/protostuff/protostuff-core/target/apidocs/io/protostuff/class-use/ProtostuffOutput.html...
Generating /workspaces/xxxx/code_cure_agent/cca_workspace/protostuff/protostuff-core/target/apidocs/io/protostuff/class-use/GraphProtostuffOutput.html...
Generating /workspaces/xxxx/code_cure_agent/cca_workspace/protostuff/protostuff-core/target/apidocs/io/protostuff/class-use/ProtobufException.html...
Generating /workspaces/xxxx/code_cure_agent/cca_workspace/protostuff/protostuff-core/target/apidocs/io/protostuff/class-use/LinkBuffer.html...
Generating /workspaces/xxxx/code_cure_agent/cca_workspace/protostuff/protostuff-core/target/apidocs/io/protostuff/class-use/ByteBufferInput.html...
Generating /workspaces/xxxx/code_cure_agent/cca_workspace/protostuff/protostuff-core/target/apidocs/io/protostuff/class-use/LowCopyProtobufOutput.html...
Generating /workspaces/xxxx/code_cure_agent/cca_workspace/protostuff/protostuff-core/target/apidocs/io/protostuff/class-use/GraphByteArrayInput.html...
Generating /workspaces/xxxx/code_cure_agent/cca_workspace/protostuff/protostuff-core/target/apidocs/io/protostuff/class-use/ProtobufIOUtil.html...
Generating /workspaces/xxxx/code_cure_agent/cca_workspace/protostuff/protostuff-core/target/apidocs/io/protostuff/class-use/GraphCodedInput.html...
Generating /workspaces/xxxx/code_cure_agent/cca_workspace/protostuff/protostuff-core/target/apidocs/io/protostuff/class-use/ByteArrayInput.html...
Generating /workspaces/xxxx/code_cure_agent/cca_workspace/protostuff/protostuff-core/target/apidocs/io/protostuff/package-use.html...
Building index for all the packages and classes...
Generating /workspaces/xxxx/code_cure_agent/cca_workspace/protostuff/protostuff-core/target/apidocs/overview-tree.html...
Generating /workspaces/xxxx/code_cure_agent/cca_workspace/protostuff/protostuff-core/target/apidocs/index-all.html...
Building index for all classes...
Generating /workspaces/xxxx/code_cure_agent/cca_workspace/protostuff/protostuff-core/target/apidocs/allclasses-index.html...
Generating /workspaces/xxxx/code_cure_agent/cca_workspace/protostuff/protostuff-core/target/apidocs/allpackages-index.html...
Generating /workspaces/xxxx/code_cure_agent/cca_workspace/protostuff/protostuff-core/target/apidocs/deprecated-list.html...
Building index for all classes...
Generating /workspaces/xxxx/code_cure_agent/cca_workspace/protostuff/protostuff-core/target/apidocs/allclasses.html...
Generating /workspaces/xxxx/code_cure_agent/cca_workspace/protostuff/protostuff-core/target/apidocs/allclasses.html...
Generating /workspaces/xxxx/code_cure_agent/cca_workspace/protostuff/protostuff-core/target/apidocs/index.html...
Generating /workspaces/xxxx/code_cure_agent/cca_workspace/protostuff/protostuff-core/target/apidocs/help-doc.html...
Note: Custom tags that could override future standard tags:  @phase, @component, @configurator, @goal, @readonly, @requiresDependencyResolution, @created, @parameter, @execute, @required. To avoid potential overrides, use at least one period character (.) in custom tag names.
Note: Custom tags that were not seen:  @phase, @component, @configurator, @goal, @readonly, @requiresDependencyResolution, @parameter, @execute, @required
[INFO] Building jar: /workspaces/xxxx/code_cure_agent/cca_workspace/protostuff/protostuff-core/target/protostuff-core-1.8.0-SNAPSHOT-javadoc.jar
[INFO] 
[INFO] --- maven-jar-plugin:2.5:jar (artifact-jar) @ protostuff-core ---
[INFO] 
[INFO] --- maven-jar-plugin:2.5:test-jar (test-jar) @ protostuff-core ---
[INFO] Building jar: /workspaces/xxxx/code_cure_agent/cca_workspace/protostuff/protostuff-core/target/protostuff-core-1.8.0-SNAPSHOT-tests.jar
[INFO] 
[INFO] -------------< io.protostuff:protostuff-collectionschema >--------------
[INFO] Building protostuff :: collectionschema 1.8.0-SNAPSHOT            [4/20]
[INFO] --------------------------------[ jar ]---------------------------------
[INFO] 
[INFO] --- maven-clean-plugin:2.5:clean (default-clean) @ protostuff-collectionschema ---
[INFO] 
[INFO] --- maven-enforcer-plugin:1.3.1:enforce (enforce-versions) @ protostuff-collectionschema ---
[INFO] 
[INFO] --- maven-resources-plugin:2.6:resources (default-resources) @ protostuff-collectionschema ---
[INFO] Using 'UTF-8' encoding to copy filtered resources.
[INFO] skip non existing resourceDirectory /workspaces/xxxx/code_cure_agent/cca_workspace/protostuff/protostuff-collectionschema/src/main/resources
[INFO] 
[INFO] --- maven-compiler-plugin:3.1:compile (default-compile) @ protostuff-collectionschema ---
[INFO] Changes detected - recompiling the module!
[INFO] Compiling 5 source files to /workspaces/xxxx/code_cure_agent/cca_workspace/protostuff/protostuff-collectionschema/target/classes
[INFO] 
[INFO] --- maven-resources-plugin:2.6:testResources (default-testResources) @ protostuff-collectionschema ---
[INFO] Using 'UTF-8' encoding to copy filtered resources.
[INFO] skip non existing resourceDirectory /workspaces/xxxx/code_cure_agent/cca_workspace/protostuff/protostuff-collectionschema/src/test/resources
[INFO] 
[INFO] --- maven-compiler-plugin:3.1:testCompile (default-testCompile) @ protostuff-collectionschema ---
[INFO] Changes detected - recompiling the module!
[INFO] Compiling 4 source files to /workspaces/xxxx/code_cure_agent/cca_workspace/protostuff/protostuff-collectionschema/target/test-classes
[INFO] 
[INFO] --- maven-surefire-plugin:2.12.4:test (default-test) @ protostuff-collectionschema ---
[INFO] Tests are skipped.
[INFO] 
[INFO] --- maven-jar-plugin:2.5:jar (default-jar) @ protostuff-collectionschema ---
[INFO] Building jar: /workspaces/xxxx/code_cure_agent/cca_workspace/protostuff/protostuff-collectionschema/target/protostuff-collectionschema-1.8.0-SNAPSHOT.jar
[INFO] 
[INFO] >>> maven-source-plugin:2.4:jar (attach-sources) > generate-sources @ protostuff-collectionschema >>>
[INFO] 
[INFO] --- maven-enforcer-plugin:1.3.1:enforce (enforce-versions) @ protostuff-collectionschema ---
[INFO] 
[INFO] <<< maven-source-plugin:2.4:jar (attach-sources) < generate-sources @ protostuff-collectionschema <<<
[INFO] 
[INFO] 
[INFO] --- maven-source-plugin:2.4:jar (attach-sources) @ protostuff-collectionschema ---
[INFO] Building jar: /workspaces/xxxx/code_cure_agent/cca_workspace/protostuff/protostuff-collectionschema/target/protostuff-collectionschema-1.8.0-SNAPSHOT-sources.jar
[INFO] 
[INFO] --- maven-javadoc-plugin:2.10.1:jar (attach-javadocs) @ protostuff-collectionschema ---
[ERROR] Error fetching link: /workspaces/xxxx/code_cure_agent/cca_workspace/protostuff/protostuff-api/target/apidocs/package-list. Ignored it.
[ERROR] Error fetching link: /workspaces/xxxx/code_cure_agent/cca_workspace/protostuff/protostuff-core/target/apidocs/package-list. Ignored it.
[INFO] 
Loading source files for package io.protostuff...
Constructing Javadoc information...
Standard Doclet version 11.0.27
Building tree for all the packages and classes...
Generating /workspaces/xxxx/code_cure_agent/cca_workspace/protostuff/protostuff-collectionschema/target/apidocs/io/protostuff/CollectionSchema.html...
Generating /workspaces/xxxx/code_cure_agent/cca_workspace/protostuff/protostuff-collectionschema/target/apidocs/io/protostuff/CollectionSchema.MessageFactories.html...
Generating /workspaces/xxxx/code_cure_agent/cca_workspace/protostuff/protostuff-collectionschema/target/apidocs/io/protostuff/CollectionSchema.MessageFactory.html...
Generating /workspaces/xxxx/code_cure_agent/cca_workspace/protostuff/protostuff-collectionschema/target/apidocs/io/protostuff/MapSchema.html...
Generating /workspaces/xxxx/code_cure_agent/cca_workspace/protostuff/protostuff-collectionschema/target/apidocs/io/protostuff/MapSchema.MapWrapper.html...
Generating /workspaces/xxxx/code_cure_agent/cca_workspace/protostuff/protostuff-collectionschema/target/apidocs/io/protostuff/MapSchema.MessageFactories.html...
Generating /workspaces/xxxx/code_cure_agent/cca_workspace/protostuff/protostuff-collectionschema/target/apidocs/io/protostuff/MapSchema.MessageFactory.html...
Generating /workspaces/xxxx/code_cure_agent/cca_workspace/protostuff/protostuff-collectionschema/target/apidocs/io/protostuff/MessageCollectionSchema.html...
Generating /workspaces/xxxx/code_cure_agent/cca_workspace/protostuff/protostuff-collectionschema/target/apidocs/io/protostuff/MessageMapSchema.html...
Generating /workspaces/xxxx/code_cure_agent/cca_workspace/protostuff/protostuff-collectionschema/target/apidocs/io/protostuff/StringMapSchema.html...
Generating /workspaces/xxxx/code_cure_agent/cca_workspace/protostuff/protostuff-collectionschema/target/apidocs/io/protostuff/package-summary.html...
Generating /workspaces/xxxx/code_cure_agent/cca_workspace/protostuff/protostuff-collectionschema/target/apidocs/io/protostuff/package-tree.html...
Generating /workspaces/xxxx/code_cure_agent/cca_workspace/protostuff/protostuff-collectionschema/target/apidocs/constant-values.html...
Generating /workspaces/xxxx/code_cure_agent/cca_workspace/protostuff/protostuff-collectionschema/target/apidocs/io/protostuff/class-use/StringMapSchema.html...
Generating /workspaces/xxxx/code_cure_agent/cca_workspace/protostuff/protostuff-collectionschema/target/apidocs/io/protostuff/class-use/MessageCollectionSchema.html...
Generating /workspaces/xxxx/code_cure_agent/cca_workspace/protostuff/protostuff-collectionschema/target/apidocs/io/protostuff/class-use/MessageMapSchema.html...
Generating /workspaces/xxxx/code_cure_agent/cca_workspace/protostuff/protostuff-collectionschema/target/apidocs/io/protostuff/class-use/CollectionSchema.html...
Generating /workspaces/xxxx/code_cure_agent/cca_workspace/protostuff/protostuff-collectionschema/target/apidocs/io/protostuff/class-use/CollectionSchema.MessageFactories.html...
Generating /workspaces/xxxx/code_cure_agent/cca_workspace/protostuff/protostuff-collectionschema/target/apidocs/io/protostuff/class-use/CollectionSchema.MessageFactory.html...
Generating /workspaces/xxxx/code_cure_agent/cca_workspace/protostuff/protostuff-collectionschema/target/apidocs/io/protostuff/class-use/MapSchema.html...
Generating /workspaces/xxxx/code_cure_agent/cca_workspace/protostuff/protostuff-collectionschema/target/apidocs/io/protostuff/class-use/MapSchema.MapWrapper.html...
Generating /workspaces/xxxx/code_cure_agent/cca_workspace/protostuff/protostuff-collectionschema/target/apidocs/io/protostuff/class-use/MapSchema.MessageFactories.html...
Generating /workspaces/xxxx/code_cure_agent/cca_workspace/protostuff/protostuff-collectionschema/target/apidocs/io/protostuff/class-use/MapSchema.MessageFactory.html...
Generating /workspaces/xxxx/code_cure_agent/cca_workspace/protostuff/protostuff-collectionschema/target/apidocs/io/protostuff/package-use.html...
Building index for all the packages and classes...
Generating /workspaces/xxxx/code_cure_agent/cca_workspace/protostuff/protostuff-collectionschema/target/apidocs/overview-tree.html...
Generating /workspaces/xxxx/code_cure_agent/cca_workspace/protostuff/protostuff-collectionschema/target/apidocs/index-all.html...
Building index for all classes...
Generating /workspaces/xxxx/code_cure_agent/cca_workspace/protostuff/protostuff-collectionschema/target/apidocs/allclasses-index.html...
Generating /workspaces/xxxx/code_cure_agent/cca_workspace/protostuff/protostuff-collectionschema/target/apidocs/allpackages-index.html...
Generating /workspaces/xxxx/code_cure_agent/cca_workspace/protostuff/protostuff-collectionschema/target/apidocs/deprecated-list.html...
Building index for all classes...
Generating /workspaces/xxxx/code_cure_agent/cca_workspace/protostuff/protostuff-collectionschema/target/apidocs/allclasses.html...
Generating /workspaces/xxxx/code_cure_agent/cca_workspace/protostuff/protostuff-collectionschema/target/apidocs/allclasses.html...
Generating /workspaces/xxxx/code_cure_agent/cca_workspace/protostuff/protostuff-collectionschema/target/apidocs/index.html...
Generating /workspaces/xxxx/code_cure_agent/cca_workspace/protostuff/protostuff-collectionschema/target/apidocs/help-doc.html...
Note: Custom tags that could override future standard tags:  @phase, @component, @configurator, @goal, @readonly, @requiresDependencyResolution, @created, @parameter, @execute, @required. To avoid potential overrides, use at least one period character (.) in custom tag names.
Note: Custom tags that were not seen:  @phase, @component, @configurator, @goal, @readonly, @requiresDependencyResolution, @parameter, @execute, @required
[INFO] Building jar: /workspaces/xxxx/code_cure_agent/cca_workspace/protostuff/protostuff-collectionschema/target/protostuff-collectionschema-1.8.0-SNAPSHOT-javadoc.jar
[INFO] 
[INFO] --- maven-jar-plugin:2.5:jar (artifact-jar) @ protostuff-collectionschema ---
[INFO] 
[INFO] --- maven-jar-plugin:2.5:test-jar (test-jar) @ protostuff-collectionschema ---
[INFO] Building jar: /workspaces/xxxx/code_cure_agent/cca_workspace/protostuff/protostuff-collectionschema/target/protostuff-collectionschema-1.8.0-SNAPSHOT-tests.jar
[INFO] 
[INFO] ------------------< io.protostuff:protostuff-runtime >------------------
[INFO] Building protostuff :: runtime 1.8.0-SNAPSHOT                     [5/20]
[INFO] --------------------------------[ jar ]---------------------------------
[INFO] 
[INFO] --- maven-clean-plugin:2.5:clean (default-clean) @ protostuff-runtime ---
[INFO] 
[INFO] --- maven-enforcer-plugin:1.3.1:enforce (enforce-versions) @ protostuff-runtime ---
[INFO] 
[INFO] --- maven-resources-plugin:2.6:resources (default-resources) @ protostuff-runtime ---
[INFO] Using 'UTF-8' encoding to copy filtered resources.
[INFO] skip non existing resourceDirectory /workspaces/xxxx/code_cure_agent/cca_workspace/protostuff/protostuff-runtime/src/main/resources
[INFO] 
[INFO] --- maven-compiler-plugin:3.1:compile (default-compile) @ protostuff-runtime ---
[INFO] Changes detected - recompiling the module!
[INFO] Compiling 43 source files to /workspaces/xxxx/code_cure_agent/cca_workspace/protostuff/protostuff-runtime/target/classes
[WARNING] /workspaces/xxxx/code_cure_agent/cca_workspace/protostuff/protostuff-runtime/src/main/java/io/protostuff/runtime/OnDemandSunReflectionFactory.java:[40,44] sun.reflect.ReflectionFactory is internal proprietary API and may be removed in a future release
[WARNING] /workspaces/xxxx/code_cure_agent/cca_workspace/protostuff/protostuff-runtime/src/main/java/io/protostuff/runtime/RuntimeUnsafeFieldFactory.java:[60,26] sun.misc.Unsafe is internal proprietary API and may be removed in a future release
[WARNING] /workspaces/xxxx/code_cure_agent/cca_workspace/protostuff/protostuff-runtime/src/main/java/io/protostuff/runtime/RuntimeUnsafeFieldFactory.java:[62,28] sun.misc.Unsafe is internal proprietary API and may be removed in a future release
[WARNING] /workspaces/xxxx/code_cure_agent/cca_workspace/protostuff/protostuff-runtime/src/main/java/io/protostuff/runtime/RuntimeUnsafeFieldFactory.java:[66,49] sun.misc.Unsafe is internal proprietary API and may be removed in a future release
[WARNING] /workspaces/xxxx/code_cure_agent/cca_workspace/protostuff/protostuff-runtime/src/main/java/io/protostuff/runtime/RuntimeUnsafeFieldFactory.java:[71,29] sun.misc.Unsafe is internal proprietary API and may be removed in a future release
[WARNING] /workspaces/xxxx/code_cure_agent/cca_workspace/protostuff/protostuff-runtime/src/main/java/io/protostuff/runtime/RuntimeUnsafeFieldFactory.java:[86,24] sun.misc.Unsafe is internal proprietary API and may be removed in a future release
[WARNING] /workspaces/xxxx/code_cure_agent/cca_workspace/protostuff/protostuff-runtime/src/main/java/io/protostuff/runtime/IdStrategy.java: Some input files use or override a deprecated API.
[WARNING] /workspaces/xxxx/code_cure_agent/cca_workspace/protostuff/protostuff-runtime/src/main/java/io/protostuff/runtime/IdStrategy.java: Recompile with -Xlint:deprecation for details.
[INFO] 
[INFO] --- maven-resources-plugin:2.6:testResources (default-testResources) @ protostuff-runtime ---
[INFO] Using 'UTF-8' encoding to copy filtered resources.
[INFO] skip non existing resourceDirectory /workspaces/xxxx/code_cure_agent/cca_workspace/protostuff/protostuff-runtime/src/test/resources
[INFO] 
[INFO] --- maven-compiler-plugin:3.1:testCompile (default-testCompile) @ protostuff-runtime ---
[INFO] Changes detected - recompiling the module!
[INFO] Compiling 49 source files to /workspaces/xxxx/code_cure_agent/cca_workspace/protostuff/protostuff-runtime/target/test-classes
[WARNING] /workspaces/xxxx/code_cure_agent/cca_workspace/protostuff/protostuff-runtime/src/test/java/io/protostuff/runtime/CollectionTest.java: Some input files use or override a deprecated API.
[WARNING] /workspaces/xxxx/code_cure_agent/cca_workspace/protostuff/protostuff-runtime/src/test/java/io/protostuff/runtime/CollectionTest.java: Recompile with -Xlint:deprecation for details.
[WARNING] /workspaces/xxxx/code_cure_agent/cca_workspace/protostuff/protostuff-runtime/src/test/java/io/protostuff/runtime/ObjectSchemaTest.java: Some input files use unchecked or unsafe operations.
[WARNING] /workspaces/xxxx/code_cure_agent/cca_workspace/protostuff/protostuff-runtime/src/test/java/io/protostuff/runtime/ObjectSchemaTest.java: Recompile with -Xlint:unchecked for details.
[INFO] 
[INFO] --- maven-surefire-plugin:2.18.1:test (default-test) @ protostuff-runtime ---
[INFO] Tests are skipped.
[INFO] 
[INFO] --- maven-jar-plugin:2.5:jar (default-jar) @ protostuff-runtime ---
[INFO] Building jar: /workspaces/xxxx/code_cure_agent/cca_workspace/protostuff/protostuff-runtime/target/protostuff-runtime-1.8.0-SNAPSHOT.jar
[INFO] 
[INFO] >>> maven-source-plugin:2.4:jar (attach-sources) > generate-sources @ protostuff-runtime >>>
[INFO] 
[INFO] --- maven-enforcer-plugin:1.3.1:enforce (enforce-versions) @ protostuff-runtime ---
[INFO] 
[INFO] <<< maven-source-plugin:2.4:jar (attach-sources) < generate-sources @ protostuff-runtime <<<
[INFO] 
[INFO] 
[INFO] --- maven-source-plugin:2.4:jar (attach-sources) @ protostuff-runtime ---
[INFO] Building jar: /workspaces/xxxx/code_cure_agent/cca_workspace/protostuff/protostuff-runtime/target/protostuff-runtime-1.8.0-SNAPSHOT-sources.jar
[INFO] 
[INFO] --- maven-javadoc-plugin:2.10.1:jar (attach-javadocs) @ protostuff-runtime ---
[ERROR] Error fetching link: /workspaces/xxxx/code_cure_agent/cca_workspace/protostuff/protostuff-api/target/apidocs/package-list. Ignored it.
[ERROR] Error fetching link: /workspaces/xxxx/code_cure_agent/cca_workspace/protostuff/protostuff-core/target/apidocs/package-list. Ignored it.
[ERROR] Error fetching link: /workspaces/xxxx/code_cure_agent/cca_workspace/protostuff/protostuff-collectionschema/target/apidocs/package-list. Ignored it.
[INFO] 
Loading source files for package io.protostuff.runtime...
Constructing Javadoc information...
Standard Doclet version 11.0.27
Building tree for all the packages and classes...
Generating /workspaces/xxxx/code_cure_agent/cca_workspace/protostuff/protostuff-runtime/target/apidocs/io/protostuff/runtime/Accessor.html...
Generating /workspaces/xxxx/code_cure_agent/cca_workspace/protostuff/protostuff-runtime/target/apidocs/io/protostuff/runtime/Accessor.Factory.html...
Generating /workspaces/xxxx/code_cure_agent/cca_workspace/protostuff/protostuff-runtime/target/apidocs/io/protostuff/runtime/ArraySchema.html...
Generating /workspaces/xxxx/code_cure_agent/cca_workspace/protostuff/protostuff-runtime/target/apidocs/io/protostuff/runtime/ArraySchemas.html...
Generating /workspaces/xxxx/code_cure_agent/cca_workspace/protostuff/protostuff-runtime/target/apidocs/io/protostuff/runtime/ArraySchemas.Base.html...
Generating /workspaces/xxxx/code_cure_agent/cca_workspace/protostuff/protostuff-runtime/target/apidocs/io/protostuff/runtime/ArraySchemas.BigDecimalArray.html...
Generating /workspaces/xxxx/code_cure_agent/cca_workspace/protostuff/protostuff-runtime/target/apidocs/io/protostuff/runtime/ArraySchemas.BigIntegerArray.html...
Generating /workspaces/xxxx/code_cure_agent/cca_workspace/protostuff/protostuff-runtime/target/apidocs/io/protostuff/runtime/ArraySchemas.BoolArray.html...
Generating /workspaces/xxxx/code_cure_agent/cca_workspace/protostuff/protostuff-runtime/target/apidocs/io/protostuff/runtime/ArraySchemas.ByteArrayArray.html...
Generating /workspaces/xxxx/code_cure_agent/cca_workspace/protostuff/protostuff-runtime/target/apidocs/io/protostuff/runtime/ArraySchemas.ByteStringArray.html...
Generating /workspaces/xxxx/code_cure_agent/cca_workspace/protostuff/protostuff-runtime/target/apidocs/io/protostuff/runtime/ArraySchemas.CharArray.html...
Generating /workspaces/xxxx/code_cure_agent/cca_workspace/protostuff/protostuff-runtime/target/apidocs/io/protostuff/runtime/ArraySchemas.DateArray.html...
Generating /workspaces/xxxx/code_cure_agent/cca_workspace/protostuff/protostuff-runtime/target/apidocs/io/protostuff/runtime/ArraySchemas.DelegateArray.html...
Generating /workspaces/xxxx/code_cure_agent/cca_workspace/protostuff/protostuff-runtime/target/apidocs/io/protostuff/runtime/ArraySchemas.DoubleArray.html...
Generating /workspaces/xxxx/code_cure_agent/cca_workspace/protostuff/protostuff-runtime/target/apidocs/io/protostuff/runtime/ArraySchemas.EnumArray.html...
Generating /workspaces/xxxx/code_cure_agent/cca_workspace/protostuff/protostuff-runtime/target/apidocs/io/protostuff/runtime/ArraySchemas.FloatArray.html...
Generating /workspaces/xxxx/code_cure_agent/cca_workspace/protostuff/protostuff-runtime/target/apidocs/io/protostuff/runtime/ArraySchemas.Int32Array.html...
Generating /workspaces/xxxx/code_cure_agent/cca_workspace/protostuff/protostuff-runtime/target/apidocs/io/protostuff/runtime/ArraySchemas.Int64Array.html...
Generating /workspaces/xxxx/code_cure_agent/cca_workspace/protostuff/protostuff-runtime/target/apidocs/io/protostuff/runtime/ArraySchemas.PojoArray.html...
Generating /workspaces/xxxx/code_cure_agent/cca_workspace/protostuff/protostuff-runtime/target/apidocs/io/protostuff/runtime/ArraySchemas.ShortArray.html...
Generating /workspaces/xxxx/code_cure_agent/cca_workspace/protostuff/protostuff-runtime/target/apidocs/io/protostuff/runtime/ArraySchemas.StringArray.html...
Generating /workspaces/xxxx/code_cure_agent/cca_workspace/protostuff/protostuff-runtime/target/apidocs/io/protostuff/runtime/ClassSchema.html...
Generating /workspaces/xxxx/code_cure_agent/cca_workspace/protostuff/protostuff-runtime/target/apidocs/io/protostuff/runtime/DefaultIdStrategy.html...
Generating /workspaces/xxxx/code_cure_agent/cca_workspace/protostuff/protostuff-runtime/target/apidocs/io/protostuff/runtime/Delegate.html...
Generating /workspaces/xxxx/code_cure_agent/cca_workspace/protostuff/protostuff-runtime/target/apidocs/io/protostuff/runtime/DerivativeSchema.html...
Generating /workspaces/xxxx/code_cure_agent/cca_workspace/protostuff/protostuff-runtime/target/apidocs/io/protostuff/runtime/EnumIO.html...
Generating /workspaces/xxxx/code_cure_agent/cca_workspace/protostuff/protostuff-runtime/target/apidocs/io/protostuff/runtime/EnumIO.ByName.html...
Generating /workspaces/xxxx/code_cure_agent/cca_workspace/protostuff/protostuff-runtime/target/apidocs/io/protostuff/runtime/EnumIO.ByNumber.html...
Generating /workspaces/xxxx/code_cure_agent/cca_workspace/protostuff/protostuff-runtime/target/apidocs/io/protostuff/runtime/Field.html...
Generating /workspaces/xxxx/code_cure_agent/cca_workspace/protostuff/protostuff-runtime/target/apidocs/io/protostuff/runtime/HasDelegate.html...
Generating /workspaces/xxxx/code_cure_agent/cca_workspace/protostuff/protostuff-runtime/target/apidocs/io/protostuff/runtime/HasSchema.html...
Generating /workspaces/xxxx/code_cure_agent/cca_workspace/protostuff/protostuff-runtime/target/apidocs/io/protostuff/runtime/IdStrategy.html...
Generating /workspaces/xxxx/code_cure_agent/cca_workspace/protostuff/protostuff-runtime/target/apidocs/io/protostuff/runtime/IdStrategy.Factory.html...
Generating /workspaces/xxxx/code_cure_agent/cca_workspace/protostuff/protostuff-runtime/target/apidocs/io/protostuff/runtime/IdStrategy.UnknownTypeException.html...
Generating /workspaces/xxxx/code_cure_agent/cca_workspace/protostuff/protostuff-runtime/target/apidocs/io/protostuff/runtime/NumberSchema.html...
Generating /workspaces/xxxx/code_cure_agent/cca_workspace/protostuff/protostuff-runtime/target/apidocs/io/protostuff/runtime/ObjectSchema.html...
Generating /workspaces/xxxx/code_cure_agent/cca_workspace/protostuff/protostuff-runtime/target/apidocs/io/protostuff/runtime/PolymorphicCollectionSchema.html...
Generating /workspaces/xxxx/code_cure_agent/cca_workspace/protostuff/protostuff-runtime/target/apidocs/io/protostuff/runtime/PolymorphicEnumSchema.html...
Generating /workspaces/xxxx/code_cure_agent/cca_workspace/protostuff/protostuff-runtime/target/apidocs/io/protostuff/runtime/PolymorphicMapSchema.html...
Generating /workspaces/xxxx/code_cure_agent/cca_workspace/protostuff/protostuff-runtime/target/apidocs/io/protostuff/runtime/PolymorphicPojoCollectionSchema.html...
Generating /workspaces/xxxx/code_cure_agent/cca_workspace/protostuff/protostuff-runtime/target/apidocs/io/protostuff/runtime/PolymorphicPojoMapSchema.html...
Generating /workspaces/xxxx/code_cure_agent/cca_workspace/protostuff/protostuff-runtime/target/apidocs/io/protostuff/runtime/PolymorphicPojoSchema.html...
Generating /workspaces/xxxx/code_cure_agent/cca_workspace/protostuff/protostuff-runtime/target/apidocs/io/protostuff/runtime/PolymorphicSchema.html...
Generating /workspaces/xxxx/code_cure_agent/cca_workspace/protostuff/protostuff-runtime/target/apidocs/io/protostuff/runtime/PolymorphicSchema.Factory.html...
Generating /workspaces/xxxx/code_cure_agent/cca_workspace/protostuff/protostuff-runtime/target/apidocs/io/protostuff/runtime/PolymorphicSchema.Handler.html...
Generating /workspaces/xxxx/code_cure_agent/cca_workspace/protostuff/protostuff-runtime/target/apidocs/io/protostuff/runtime/PolymorphicSchemaFactories.html...
Generating /workspaces/xxxx/code_cure_agent/cca_workspace/protostuff/protostuff-runtime/target/apidocs/io/protostuff/runtime/PolymorphicThrowableSchema.html...
Generating /workspaces/xxxx/code_cure_agent/cca_workspace/protostuff/protostuff-runtime/target/apidocs/io/protostuff/runtime/ReflectAccessor.html...
Generating /workspaces/xxxx/code_cure_agent/cca_workspace/protostuff/protostuff-runtime/target/apidocs/io/protostuff/runtime/RuntimeEnv.html...
Generating /workspaces/xxxx/code_cure_agent/cca_workspace/protostuff/protostuff-runtime/target/apidocs/io/protostuff/runtime/RuntimeEnv.Instantiator.html...
Generating /workspaces/xxxx/code_cure_agent/cca_workspace/protostuff/protostuff-runtime/target/apidocs/io/protostuff/runtime/RuntimeFieldFactory.html...
Generating /workspaces/xxxx/code_cure_agent/cca_workspace/protostuff/protostuff-runtime/target/apidocs/io/protostuff/runtime/RuntimePipeSchema.html...
Generating /workspaces/xxxx/code_cure_agent/cca_workspace/protostuff/protostuff-runtime/target/apidocs/io/protostuff/runtime/RuntimeReflectionFieldFactory.html...
Generating /workspaces/xxxx/code_cure_agent/cca_workspace/protostuff/protostuff-runtime/target/apidocs/io/protostuff/runtime/RuntimeSchema.html...
Generating /workspaces/xxxx/code_cure_agent/cca_workspace/protostuff/protostuff-runtime/target/apidocs/io/protostuff/runtime/RuntimeUnsafeFieldFactory.html...
Generating /workspaces/xxxx/code_cure_agent/cca_workspace/protostuff/protostuff-runtime/target/apidocs/io/protostuff/runtime/UnsafeAccessor.html...
Generating /workspaces/xxxx/code_cure_agent/cca_workspace/protostuff/protostuff-runtime/target/apidocs/io/protostuff/runtime/package-summary.html...
Generating /workspaces/xxxx/code_cure_agent/cca_workspace/protostuff/protostuff-runtime/target/apidocs/io/protostuff/runtime/package-tree.html...
Generating /workspaces/xxxx/code_cure_agent/cca_workspace/protostuff/protostuff-runtime/target/apidocs/constant-values.html...
Generating /workspaces/xxxx/code_cure_agent/cca_workspace/protostuff/protostuff-runtime/target/apidocs/serialized-form.html...
Generating /workspaces/xxxx/code_cure_agent/cca_workspace/protostuff/protostuff-runtime/target/apidocs/io/protostuff/runtime/class-use/Field.html...
Generating /workspaces/xxxx/code_cure_agent/cca_workspace/protostuff/protostuff-runtime/target/apidocs/io/protostuff/runtime/class-use/PolymorphicEnumSchema.html...
Generating /workspaces/xxxx/code_cure_agent/cca_workspace/protostuff/protostuff-runtime/target/apidocs/io/protostuff/runtime/class-use/HasSchema.html...
Generating /workspaces/xxxx/code_cure_agent/cca_workspace/protostuff/protostuff-runtime/target/apidocs/io/protostuff/runtime/class-use/Delegate.html...
Generating /workspaces/xxxx/code_cure_agent/cca_workspace/protostuff/protostuff-runtime/target/apidocs/io/protostuff/runtime/class-use/PolymorphicCollectionSchema.html...
Generating /workspaces/xxxx/code_cure_agent/cca_workspace/protostuff/protostuff-runtime/target/apidocs/io/protostuff/runtime/class-use/ClassSchema.html...
Generating /workspaces/xxxx/code_cure_agent/cca_workspace/protostuff/protostuff-runtime/target/apidocs/io/protostuff/runtime/class-use/IdStrategy.html...
Generating /workspaces/xxxx/code_cure_agent/cca_workspace/protostuff/protostuff-runtime/target/apidocs/io/protostuff/runtime/class-use/IdStrategy.Factory.html...
Generating /workspaces/xxxx/code_cure_agent/cca_workspace/protostuff/protostuff-runtime/target/apidocs/io/protostuff/runtime/class-use/IdStrategy.UnknownTypeException.html...
Generating /workspaces/xxxx/code_cure_agent/cca_workspace/protostuff/protostuff-runtime/target/apidocs/io/protostuff/runtime/class-use/PolymorphicPojoCollectionSchema.html...
Generating /workspaces/xxxx/code_cure_agent/cca_workspace/protostuff/protostuff-runtime/target/apidocs/io/protostuff/runtime/class-use/PolymorphicThrowableSchema.html...
Generating /workspaces/xxxx/code_cure_agent/cca_workspace/protostuff/protostuff-runtime/target/apidocs/io/protostuff/runtime/class-use/RuntimeUnsafeFieldFactory.html...
Generating /workspaces/xxxx/code_cure_agent/cca_workspace/protostuff/protostuff-runtime/target/apidocs/io/protostuff/runtime/class-use/PolymorphicSchema.html...
Generating /workspaces/xxxx/code_cure_agent/cca_workspace/protostuff/protostuff-runtime/target/apidocs/io/protostuff/runtime/class-use/PolymorphicSchema.Factory.html...
Generating /workspaces/xxxx/code_cure_agent/cca_workspace/protostuff/protostuff-runtime/target/apidocs/io/protostuff/runtime/class-use/PolymorphicSchema.Handler.html...
Generating /workspaces/xxxx/code_cure_agent/cca_workspace/protostuff/protostuff-runtime/target/apidocs/io/protostuff/runtime/class-use/ObjectSchema.html...
Generating /workspaces/xxxx/code_cure_agent/cca_workspace/protostuff/protostuff-runtime/target/apidocs/io/protostuff/runtime/class-use/ReflectAccessor.html...
Generating /workspaces/xxxx/code_cure_agent/cca_workspace/protostuff/protostuff-runtime/target/apidocs/io/protostuff/runtime/class-use/PolymorphicPojoSchema.html...
Generating /workspaces/xxxx/code_cure_agent/cca_workspace/protostuff/protostuff-runtime/target/apidocs/io/protostuff/runtime/class-use/HasDelegate.html...
Generating /workspaces/xxxx/code_cure_agent/cca_workspace/protostuff/protostuff-runtime/target/apidocs/io/protostuff/runtime/class-use/RuntimeSchema.html...
Generating /workspaces/xxxx/code_cure_agent/cca_workspace/protostuff/protostuff-runtime/target/apidocs/io/protostuff/runtime/class-use/DefaultIdStrategy.html...
Generating /workspaces/xxxx/code_cure_agent/cca_workspace/protostuff/protostuff-runtime/target/apidocs/io/protostuff/runtime/class-use/PolymorphicPojoMapSchema.html...
Generating /workspaces/xxxx/code_cure_agent/cca_workspace/protostuff/protostuff-runtime/target/apidocs/io/protostuff/runtime/class-use/PolymorphicMapSchema.html...
Generating /workspaces/xxxx/code_cure_agent/cca_workspace/protostuff/protostuff-runtime/target/apidocs/io/protostuff/runtime/class-use/EnumIO.html...
Generating /workspaces/xxxx/code_cure_agent/cca_workspace/protostuff/protostuff-runtime/target/apidocs/io/protostuff/runtime/class-use/EnumIO.ByNumber.html...
Generating /workspaces/xxxx/code_cure_agent/cca_workspace/protostuff/protostuff-runtime/target/apidocs/io/protostuff/runtime/class-use/EnumIO.ByName.html...
Generating /workspaces/xxxx/code_cure_agent/cca_workspace/protostuff/protostuff-runtime/target/apidocs/io/protostuff/runtime/class-use/ArraySchemas.html...
Generating /workspaces/xxxx/code_cure_agent/cca_workspace/protostuff/protostuff-runtime/target/apidocs/io/protostuff/runtime/class-use/ArraySchemas.PojoArray.html...
Generating /workspaces/xxxx/code_cure_agent/cca_workspace/protostuff/protostuff-runtime/target/apidocs/io/protostuff/runtime/class-use/ArraySchemas.EnumArray.html...
Generating /workspaces/xxxx/code_cure_agent/cca_workspace/protostuff/protostuff-runtime/target/apidocs/io/protostuff/runtime/class-use/ArraySchemas.DelegateArray.html...
Generating /workspaces/xxxx/code_cure_agent/cca_workspace/protostuff/protostuff-runtime/target/apidocs/io/protostuff/runtime/class-use/ArraySchemas.DateArray.html...
Generating /workspaces/xxxx/code_cure_agent/cca_workspace/protostuff/protostuff-runtime/target/apidocs/io/protostuff/runtime/class-use/ArraySchemas.BigIntegerArray.html...
Generating /workspaces/xxxx/code_cure_agent/cca_workspace/protostuff/protostuff-runtime/target/apidocs/io/protostuff/runtime/class-use/ArraySchemas.BigDecimalArray.html...
Generating /workspaces/xxxx/code_cure_agent/cca_workspace/protostuff/protostuff-runtime/target/apidocs/io/protostuff/runtime/class-use/ArraySchemas.ByteArrayArray.html...
Generating /workspaces/xxxx/code_cure_agent/cca_workspace/protostuff/protostuff-runtime/target/apidocs/io/protostuff/runtime/class-use/ArraySchemas.ByteStringArray.html...
Generating /workspaces/xxxx/code_cure_agent/cca_workspace/protostuff/protostuff-runtime/target/apidocs/io/protostuff/runtime/class-use/ArraySchemas.StringArray.html...
Generating /workspaces/xxxx/code_cure_agent/cca_workspace/protostuff/protostuff-runtime/target/apidocs/io/protostuff/runtime/class-use/ArraySchemas.DoubleArray.html...
Generating /workspaces/xxxx/code_cure_agent/cca_workspace/protostuff/protostuff-runtime/target/apidocs/io/protostuff/runtime/class-use/ArraySchemas.FloatArray.html...
Generating /workspaces/xxxx/code_cure_agent/cca_workspace/protostuff/protostuff-runtime/target/apidocs/io/protostuff/runtime/class-use/ArraySchemas.Int64Array.html...
Generating /workspaces/xxxx/code_cure_agent/cca_workspace/protostuff/protostuff-runtime/target/apidocs/io/protostuff/runtime/class-use/ArraySchemas.Int32Array.html...
Generating /workspaces/xxxx/code_cure_agent/cca_workspace/protostuff/protostuff-runtime/target/apidocs/io/protostuff/runtime/class-use/ArraySchemas.ShortArray.html...
Generating /workspaces/xxxx/code_cure_agent/cca_workspace/protostuff/protostuff-runtime/target/apidocs/io/protostuff/runtime/class-use/ArraySchemas.CharArray.html...
Generating /workspaces/xxxx/code_cure_agent/cca_workspace/protostuff/protostuff-runtime/target/apidocs/io/protostuff/runtime/class-use/ArraySchemas.BoolArray.html...
Generating /workspaces/xxxx/code_cure_agent/cca_workspace/protostuff/protostuff-runtime/target/apidocs/io/protostuff/runtime/class-use/ArraySchemas.Base.html...
Generating /workspaces/xxxx/code_cure_agent/cca_workspace/protostuff/protostuff-runtime/target/apidocs/io/protostuff/runtime/class-use/ArraySchema.html...
Generating /workspaces/xxxx/code_cure_agent/cca_workspace/protostuff/protostuff-runtime/target/apidocs/io/protostuff/runtime/class-use/RuntimeFieldFactory.html...
Generating /workspaces/xxxx/code_cure_agent/cca_workspace/protostuff/protostuff-runtime/target/apidocs/io/protostuff/runtime/class-use/UnsafeAccessor.html...
Generating /workspaces/xxxx/code_cure_agent/cca_workspace/protostuff/protostuff-runtime/target/apidocs/io/protostuff/runtime/class-use/Accessor.html...
Generating /workspaces/xxxx/code_cure_agent/cca_workspace/protostuff/protostuff-runtime/target/apidocs/io/protostuff/runtime/class-use/Accessor.Factory.html...
Generating /workspaces/xxxx/code_cure_agent/cca_workspace/protostuff/protostuff-runtime/target/apidocs/io/protostuff/runtime/class-use/RuntimePipeSchema.html...
Generating /workspaces/xxxx/code_cure_agent/cca_workspace/protostuff/protostuff-runtime/target/apidocs/io/protostuff/runtime/class-use/NumberSchema.html...
Generating /workspaces/xxxx/code_cure_agent/cca_workspace/protostuff/protostuff-runtime/target/apidocs/io/protostuff/runtime/class-use/RuntimeReflectionFieldFactory.html...
Generating /workspaces/xxxx/code_cure_agent/cca_workspace/protostuff/protostuff-runtime/target/apidocs/io/protostuff/runtime/class-use/DerivativeSchema.html...
Generating /workspaces/xxxx/code_cure_agent/cca_workspace/protostuff/protostuff-runtime/target/apidocs/io/protostuff/runtime/class-use/PolymorphicSchemaFactories.html...
Generating /workspaces/xxxx/code_cure_agent/cca_workspace/protostuff/protostuff-runtime/target/apidocs/io/protostuff/runtime/class-use/RuntimeEnv.html...
Generating /workspaces/xxxx/code_cure_agent/cca_workspace/protostuff/protostuff-runtime/target/apidocs/io/protostuff/runtime/class-use/RuntimeEnv.Instantiator.html...
Generating /workspaces/xxxx/code_cure_agent/cca_workspace/protostuff/protostuff-runtime/target/apidocs/io/protostuff/runtime/package-use.html...
Building index for all the packages and classes...
Generating /workspaces/xxxx/code_cure_agent/cca_workspace/protostuff/protostuff-runtime/target/apidocs/overview-tree.html...
Generating /workspaces/xxxx/code_cure_agent/cca_workspace/protostuff/protostuff-runtime/target/apidocs/index-all.html...
Building index for all classes...
Generating /workspaces/xxxx/code_cure_agent/cca_workspace/protostuff/protostuff-runtime/target/apidocs/allclasses-index.html...
Generating /workspaces/xxxx/code_cure_agent/cca_workspace/protostuff/protostuff-runtime/target/apidocs/allpackages-index.html...
Generating /workspaces/xxxx/code_cure_agent/cca_workspace/protostuff/protostuff-runtime/target/apidocs/deprecated-list.html...
Building index for all classes...
Generating /workspaces/xxxx/code_cure_agent/cca_workspace/protostuff/protostuff-runtime/target/apidocs/allclasses.html...
Generating /workspaces/xxxx/code_cure_agent/cca_workspace/protostuff/protostuff-runtime/target/apidocs/allclasses.html...
Generating /workspaces/xxxx/code_cure_agent/cca_workspace/protostuff/protostuff-runtime/target/apidocs/index.html...
Generating /workspaces/xxxx/code_cure_agent/cca_workspace/protostuff/protostuff-runtime/target/apidocs/help-doc.html...
Note: Custom tags that could override future standard tags:  @phase, @component, @configurator, @goal, @readonly, @requiresDependencyResolution, @created, @parameter, @execute, @required. To avoid potential overrides, use at least one period character (.) in custom tag names.
Note: Custom tags that were not seen:  @phase, @component, @configurator, @goal, @readonly, @requiresDependencyResolution, @parameter, @execute, @required
[INFO] Building jar: /workspaces/xxxx/code_cure_agent/cca_workspace/protostuff/protostuff-runtime/target/protostuff-runtime-1.8.0-SNAPSHOT-javadoc.jar
[INFO] 
[INFO] --- maven-jar-plugin:2.5:jar (artifact-jar) @ protostuff-runtime ---
[INFO] 
[INFO] --- maven-jar-plugin:2.5:test-jar (test-jar) @ protostuff-runtime ---
[INFO] Building jar: /workspaces/xxxx/code_cure_agent/cca_workspace/protostuff/protostuff-runtime/target/protostuff-runtime-1.8.0-SNAPSHOT-tests.jar
[INFO] 
[INFO] ----------------< io.protostuff:protostuff-runtime-md >-----------------
[INFO] Building protostuff :: runtime-md 1.8.0-SNAPSHOT                  [6/20]
[INFO] --------------------------------[ jar ]---------------------------------
[INFO] 
[INFO] --- maven-clean-plugin:2.5:clean (default-clean) @ protostuff-runtime-md ---
[INFO] 
[INFO] --- maven-enforcer-plugin:1.3.1:enforce (enforce-versions) @ protostuff-runtime-md ---
[INFO] 
[INFO] --- maven-antrun-plugin:1.3:run (copy-sources) @ protostuff-runtime-md ---
[INFO] Executing tasks
     [copy] Copying 38 files to /workspaces/xxxx/code_cure_agent/cca_workspace/protostuff/protostuff-runtime-md/target/extra-sources
     [copy] Copying 43 files to /workspaces/xxxx/code_cure_agent/cca_workspace/protostuff/protostuff-runtime-md/target/extra-test-sources
[INFO] Executed tasks
[INFO] 
[INFO] --- build-helper-maven-plugin:1.9.1:add-source (add-source) @ protostuff-runtime-md ---
[INFO] Source directory: /workspaces/xxxx/code_cure_agent/cca_workspace/protostuff/protostuff-runtime-md/target/extra-sources added.
[INFO] 
[INFO] --- maven-resources-plugin:2.6:resources (default-resources) @ protostuff-runtime-md ---
[INFO] Using 'UTF-8' encoding to copy filtered resources.
[INFO] skip non existing resourceDirectory /workspaces/xxxx/code_cure_agent/cca_workspace/protostuff/protostuff-runtime-md/src/main/resources
[INFO] 
[INFO] --- maven-compiler-plugin:3.1:compile (default-compile) @ protostuff-runtime-md ---
[INFO] Changes detected - recompiling the module!
[INFO] Compiling 40 source files to /workspaces/xxxx/code_cure_agent/cca_workspace/protostuff/protostuff-runtime-md/target/classes
[WARNING] /workspaces/xxxx/code_cure_agent/cca_workspace/protostuff/protostuff-runtime-md/target/extra-sources/io/protostuff/runtime/IdStrategy.java: Some input files use or override a deprecated API.
[WARNING] /workspaces/xxxx/code_cure_agent/cca_workspace/protostuff/protostuff-runtime-md/target/extra-sources/io/protostuff/runtime/IdStrategy.java: Recompile with -Xlint:deprecation for details.
[INFO] 
[INFO] --- build-helper-maven-plugin:1.9.1:add-test-source (add-test-source) @ protostuff-runtime-md ---
[INFO] Test Source directory: /workspaces/xxxx/code_cure_agent/cca_workspace/protostuff/protostuff-runtime-md/target/extra-test-sources added.
[INFO] 
[INFO] --- maven-resources-plugin:2.6:testResources (default-testResources) @ protostuff-runtime-md ---
[INFO] Using 'UTF-8' encoding to copy filtered resources.
[INFO] skip non existing resourceDirectory /workspaces/xxxx/code_cure_agent/cca_workspace/protostuff/protostuff-runtime-md/src/test/resources
[INFO] 
[INFO] --- maven-compiler-plugin:3.1:testCompile (default-testCompile) @ protostuff-runtime-md ---
[INFO] Changes detected - recompiling the module!
[INFO] Compiling 43 source files to /workspaces/xxxx/code_cure_agent/cca_workspace/protostuff/protostuff-runtime-md/target/test-classes
[WARNING] /workspaces/xxxx/code_cure_agent/cca_workspace/protostuff/protostuff-runtime-md/target/extra-test-sources/io/protostuff/runtime/SerializableObjects.java: Some input files use or override a deprecated API.
[WARNING] /workspaces/xxxx/code_cure_agent/cca_workspace/protostuff/protostuff-runtime-md/target/extra-test-sources/io/protostuff/runtime/SerializableObjects.java: Recompile with -Xlint:deprecation for details.
[WARNING] /workspaces/xxxx/code_cure_agent/cca_workspace/protostuff/protostuff-runtime-md/target/extra-test-sources/io/protostuff/runtime/DefaultIdStrategyTest.java: Some input files use unchecked or unsafe operations.
[WARNING] /workspaces/xxxx/code_cure_agent/cca_workspace/protostuff/protostuff-runtime-md/target/extra-test-sources/io/protostuff/runtime/DefaultIdStrategyTest.java: Recompile with -Xlint:unchecked for details.
[INFO] 
[INFO] --- maven-surefire-plugin:2.18.1:test (default-test) @ protostuff-runtime-md ---
[INFO] Tests are skipped.
[INFO] 
[INFO] --- maven-jar-plugin:2.5:jar (default-jar) @ protostuff-runtime-md ---
[INFO] Building jar: /workspaces/xxxx/code_cure_agent/cca_workspace/protostuff/protostuff-runtime-md/target/protostuff-runtime-md-1.8.0-SNAPSHOT.jar
[INFO] 
[INFO] >>> maven-source-plugin:2.4:jar (attach-sources) > generate-sources @ protostuff-runtime-md >>>
[INFO] 
[INFO] --- maven-enforcer-plugin:1.3.1:enforce (enforce-versions) @ protostuff-runtime-md ---
[INFO] 
[INFO] --- maven-antrun-plugin:1.3:run (copy-sources) @ protostuff-runtime-md ---
[INFO] Executing tasks
[INFO] Executed tasks
[INFO] 
[INFO] --- build-helper-maven-plugin:1.9.1:add-source (add-source) @ protostuff-runtime-md ---
[INFO] Source directory: /workspaces/xxxx/code_cure_agent/cca_workspace/protostuff/protostuff-runtime-md/target/extra-sources added.
[INFO] 
[INFO] <<< maven-source-plugin:2.4:jar (attach-sources) < generate-sources @ protostuff-runtime-md <<<
[INFO] 
[INFO] 
[INFO] --- maven-source-plugin:2.4:jar (attach-sources) @ protostuff-runtime-md ---
[INFO] Building jar: /workspaces/xxxx/code_cure_agent/cca_workspace/protostuff/protostuff-runtime-md/target/protostuff-runtime-md-1.8.0-SNAPSHOT-sources.jar
[INFO] 
[INFO] --- maven-javadoc-plugin:2.10.1:jar (attach-javadocs) @ protostuff-runtime-md ---
[ERROR] Error fetching link: /workspaces/xxxx/code_cure_agent/cca_workspace/protostuff/protostuff-api/target/apidocs/package-list. Ignored it.
[ERROR] Error fetching link: /workspaces/xxxx/code_cure_agent/cca_workspace/protostuff/protostuff-core/target/apidocs/package-list. Ignored it.
[ERROR] Error fetching link: /workspaces/xxxx/code_cure_agent/cca_workspace/protostuff/protostuff-collectionschema/target/apidocs/package-list. Ignored it.
[INFO] 
Loading source files for package io.protostuff.runtime...
Constructing Javadoc information...
Standard Doclet version 11.0.27
Building tree for all the packages and classes...
Generating /workspaces/xxxx/code_cure_agent/cca_workspace/protostuff/protostuff-runtime-md/target/apidocs/io/protostuff/runtime/Accessor.html...
Generating /workspaces/xxxx/code_cure_agent/cca_workspace/protostuff/protostuff-runtime-md/target/apidocs/io/protostuff/runtime/Accessor.Factory.html...
Generating /workspaces/xxxx/code_cure_agent/cca_workspace/protostuff/protostuff-runtime-md/target/apidocs/io/protostuff/runtime/ArraySchema.html...
Generating /workspaces/xxxx/code_cure_agent/cca_workspace/protostuff/protostuff-runtime-md/target/apidocs/io/protostuff/runtime/ArraySchemas.html...
Generating /workspaces/xxxx/code_cure_agent/cca_workspace/protostuff/protostuff-runtime-md/target/apidocs/io/protostuff/runtime/ArraySchemas.Base.html...
Generating /workspaces/xxxx/code_cure_agent/cca_workspace/protostuff/protostuff-runtime-md/target/apidocs/io/protostuff/runtime/ArraySchemas.BigDecimalArray.html...
Generating /workspaces/xxxx/code_cure_agent/cca_workspace/protostuff/protostuff-runtime-md/target/apidocs/io/protostuff/runtime/ArraySchemas.BigIntegerArray.html...
Generating /workspaces/xxxx/code_cure_agent/cca_workspace/protostuff/protostuff-runtime-md/target/apidocs/io/protostuff/runtime/ArraySchemas.BoolArray.html...
Generating /workspaces/xxxx/code_cure_agent/cca_workspace/protostuff/protostuff-runtime-md/target/apidocs/io/protostuff/runtime/ArraySchemas.ByteArrayArray.html...
Generating /workspaces/xxxx/code_cure_agent/cca_workspace/protostuff/protostuff-runtime-md/target/apidocs/io/protostuff/runtime/ArraySchemas.ByteStringArray.html...
Generating /workspaces/xxxx/code_cure_agent/cca_workspace/protostuff/protostuff-runtime-md/target/apidocs/io/protostuff/runtime/ArraySchemas.CharArray.html...
Generating /workspaces/xxxx/code_cure_agent/cca_workspace/protostuff/protostuff-runtime-md/target/apidocs/io/protostuff/runtime/ArraySchemas.DateArray.html...
Generating /workspaces/xxxx/code_cure_agent/cca_workspace/protostuff/protostuff-runtime-md/target/apidocs/io/protostuff/runtime/ArraySchemas.DelegateArray.html...
Generating /workspaces/xxxx/code_cure_agent/cca_workspace/protostuff/protostuff-runtime-md/target/apidocs/io/protostuff/runtime/ArraySchemas.DoubleArray.html...
Generating /workspaces/xxxx/code_cure_agent/cca_workspace/protostuff/protostuff-runtime-md/target/apidocs/io/protostuff/runtime/ArraySchemas.EnumArray.html...
Generating /workspaces/xxxx/code_cure_agent/cca_workspace/protostuff/protostuff-runtime-md/target/apidocs/io/protostuff/runtime/ArraySchemas.FloatArray.html...
Generating /workspaces/xxxx/code_cure_agent/cca_workspace/protostuff/protostuff-runtime-md/target/apidocs/io/protostuff/runtime/ArraySchemas.Int32Array.html...
Generating /workspaces/xxxx/code_cure_agent/cca_workspace/protostuff/protostuff-runtime-md/target/apidocs/io/protostuff/runtime/ArraySchemas.Int64Array.html...
Generating /workspaces/xxxx/code_cure_agent/cca_workspace/protostuff/protostuff-runtime-md/target/apidocs/io/protostuff/runtime/ArraySchemas.PojoArray.html...
Generating /workspaces/xxxx/code_cure_agent/cca_workspace/protostuff/protostuff-runtime-md/target/apidocs/io/protostuff/runtime/ArraySchemas.ShortArray.html...
Generating /workspaces/xxxx/code_cure_agent/cca_workspace/protostuff/protostuff-runtime-md/target/apidocs/io/protostuff/runtime/ArraySchemas.StringArray.html...
Generating /workspaces/xxxx/code_cure_agent/cca_workspace/protostuff/protostuff-runtime-md/target/apidocs/io/protostuff/runtime/ClassSchema.html...
Generating /workspaces/xxxx/code_cure_agent/cca_workspace/protostuff/protostuff-runtime-md/target/apidocs/io/protostuff/runtime/DefaultIdStrategy.html...
Generating /workspaces/xxxx/code_cure_agent/cca_workspace/protostuff/protostuff-runtime-md/target/apidocs/io/protostuff/runtime/Delegate.html...
Generating /workspaces/xxxx/code_cure_agent/cca_workspace/protostuff/protostuff-runtime-md/target/apidocs/io/protostuff/runtime/DerivativeSchema.html...
Generating /workspaces/xxxx/code_cure_agent/cca_workspace/protostuff/protostuff-runtime-md/target/apidocs/io/protostuff/runtime/EnumIO.html...
Generating /workspaces/xxxx/code_cure_agent/cca_workspace/protostuff/protostuff-runtime-md/target/apidocs/io/protostuff/runtime/EnumIO.ByName.html...
Generating /workspaces/xxxx/code_cure_agent/cca_workspace/protostuff/protostuff-runtime-md/target/apidocs/io/protostuff/runtime/EnumIO.ByNumber.html...
Generating /workspaces/xxxx/code_cure_agent/cca_workspace/protostuff/protostuff-runtime-md/target/apidocs/io/protostuff/runtime/Field.html...
Generating /workspaces/xxxx/code_cure_agent/cca_workspace/protostuff/protostuff-runtime-md/target/apidocs/io/protostuff/runtime/HasDelegate.html...
Generating /workspaces/xxxx/code_cure_agent/cca_workspace/protostuff/protostuff-runtime-md/target/apidocs/io/protostuff/runtime/HasSchema.html...
Generating /workspaces/xxxx/code_cure_agent/cca_workspace/protostuff/protostuff-runtime-md/target/apidocs/io/protostuff/runtime/IdStrategy.html...
Generating /workspaces/xxxx/code_cure_agent/cca_workspace/protostuff/protostuff-runtime-md/target/apidocs/io/protostuff/runtime/IdStrategy.Factory.html...
Generating /workspaces/xxxx/code_cure_agent/cca_workspace/protostuff/protostuff-runtime-md/target/apidocs/io/protostuff/runtime/IdStrategy.UnknownTypeException.html...
Generating /workspaces/xxxx/code_cure_agent/cca_workspace/protostuff/protostuff-runtime-md/target/apidocs/io/protostuff/runtime/NumberSchema.html...
Generating /workspaces/xxxx/code_cure_agent/cca_workspace/protostuff/protostuff-runtime-md/target/apidocs/io/protostuff/runtime/ObjectSchema.html...
Generating /workspaces/xxxx/code_cure_agent/cca_workspace/protostuff/protostuff-runtime-md/target/apidocs/io/protostuff/runtime/PolymorphicCollectionSchema.html...
Generating /workspaces/xxxx/code_cure_agent/cca_workspace/protostuff/protostuff-runtime-md/target/apidocs/io/protostuff/runtime/PolymorphicEnumSchema.html...
Generating /workspaces/xxxx/code_cure_agent/cca_workspace/protostuff/protostuff-runtime-md/target/apidocs/io/protostuff/runtime/PolymorphicMapSchema.html...
Generating /workspaces/xxxx/code_cure_agent/cca_workspace/protostuff/protostuff-runtime-md/target/apidocs/io/protostuff/runtime/PolymorphicPojoCollectionSchema.html...
Generating /workspaces/xxxx/code_cure_agent/cca_workspace/protostuff/protostuff-runtime-md/target/apidocs/io/protostuff/runtime/PolymorphicPojoMapSchema.html...
Generating /workspaces/xxxx/code_cure_agent/cca_workspace/protostuff/protostuff-runtime-md/target/apidocs/io/protostuff/runtime/PolymorphicPojoSchema.html...
Generating /workspaces/xxxx/code_cure_agent/cca_workspace/protostuff/protostuff-runtime-md/target/apidocs/io/protostuff/runtime/PolymorphicSchema.html...
Generating /workspaces/xxxx/code_cure_agent/cca_workspace/protostuff/protostuff-runtime-md/target/apidocs/io/protostuff/runtime/PolymorphicSchema.Factory.html...
Generating /workspaces/xxxx/code_cure_agent/cca_workspace/protostuff/protostuff-runtime-md/target/apidocs/io/protostuff/runtime/PolymorphicSchema.Handler.html...
Generating /workspaces/xxxx/code_cure_agent/cca_workspace/protostuff/protostuff-runtime-md/target/apidocs/io/protostuff/runtime/PolymorphicSchemaFactories.html...
Generating /workspaces/xxxx/code_cure_agent/cca_workspace/protostuff/protostuff-runtime-md/target/apidocs/io/protostuff/runtime/PolymorphicThrowableSchema.html...
Generating /workspaces/xxxx/code_cure_agent/cca_workspace/protostuff/protostuff-runtime-md/target/apidocs/io/protostuff/runtime/ReflectAccessor.html...
Generating /workspaces/xxxx/code_cure_agent/cca_workspace/protostuff/protostuff-runtime-md/target/apidocs/io/protostuff/runtime/RuntimeEnv.html...
Generating /workspaces/xxxx/code_cure_agent/cca_workspace/protostuff/protostuff-runtime-md/target/apidocs/io/protostuff/runtime/RuntimeEnv.Instantiator.html...
Generating /workspaces/xxxx/code_cure_agent/cca_workspace/protostuff/protostuff-runtime-md/target/apidocs/io/protostuff/runtime/RuntimeFieldFactory.html...
Generating /workspaces/xxxx/code_cure_agent/cca_workspace/protostuff/protostuff-runtime-md/target/apidocs/io/protostuff/runtime/RuntimePipeSchema.html...
Generating /workspaces/xxxx/code_cure_agent/cca_workspace/protostuff/protostuff-runtime-md/target/apidocs/io/protostuff/runtime/RuntimeReflectionFieldFactory.html...
Generating /workspaces/xxxx/code_cure_agent/cca_workspace/protostuff/protostuff-runtime-md/target/apidocs/io/protostuff/runtime/RuntimeSchema.html...
Generating /workspaces/xxxx/code_cure_agent/cca_workspace/protostuff/protostuff-runtime-md/target/apidocs/io/protostuff/runtime/package-summary.html...
Generating /workspaces/xxxx/code_cure_agent/cca_workspace/protostuff/protostuff-runtime-md/target/apidocs/io/protostuff/runtime/package-tree.html...
Generating /workspaces/xxxx/code_cure_agent/cca_workspace/protostuff/protostuff-runtime-md/target/apidocs/constant-values.html...
Generating /workspaces/xxxx/code_cure_agent/cca_workspace/protostuff/protostuff-runtime-md/target/apidocs/serialized-form.html...
Generating /workspaces/xxxx/code_cure_agent/cca_workspace/protostuff/protostuff-runtime-md/target/apidocs/io/protostuff/runtime/class-use/RuntimeFieldFactory.html...
Generating /workspaces/xxxx/code_cure_agent/cca_workspace/protostuff/protostuff-runtime-md/target/apidocs/io/protostuff/runtime/class-use/RuntimeEnv.html...
Generating /workspaces/xxxx/code_cure_agent/cca_workspace/protostuff/protostuff-runtime-md/target/apidocs/io/protostuff/runtime/class-use/RuntimeEnv.Instantiator.html...
Generating /workspaces/xxxx/code_cure_agent/cca_workspace/protostuff/protostuff-runtime-md/target/apidocs/io/protostuff/runtime/class-use/Field.html...
Generating /workspaces/xxxx/code_cure_agent/cca_workspace/protostuff/protostuff-runtime-md/target/apidocs/io/protostuff/runtime/class-use/PolymorphicEnumSchema.html...
Generating /workspaces/xxxx/code_cure_agent/cca_workspace/protostuff/protostuff-runtime-md/target/apidocs/io/protostuff/runtime/class-use/HasSchema.html...
Generating /workspaces/xxxx/code_cure_agent/cca_workspace/protostuff/protostuff-runtime-md/target/apidocs/io/protostuff/runtime/class-use/Delegate.html...
Generating /workspaces/xxxx/code_cure_agent/cca_workspace/protostuff/protostuff-runtime-md/target/apidocs/io/protostuff/runtime/class-use/PolymorphicCollectionSchema.html...
Generating /workspaces/xxxx/code_cure_agent/cca_workspace/protostuff/protostuff-runtime-md/target/apidocs/io/protostuff/runtime/class-use/ClassSchema.html...
Generating /workspaces/xxxx/code_cure_agent/cca_workspace/protostuff/protostuff-runtime-md/target/apidocs/io/protostuff/runtime/class-use/IdStrategy.html...
Generating /workspaces/xxxx/code_cure_agent/cca_workspace/protostuff/protostuff-runtime-md/target/apidocs/io/protostuff/runtime/class-use/IdStrategy.Factory.html...
Generating /workspaces/xxxx/code_cure_agent/cca_workspace/protostuff/protostuff-runtime-md/target/apidocs/io/protostuff/runtime/class-use/IdStrategy.UnknownTypeException.html...
Generating /workspaces/xxxx/code_cure_agent/cca_workspace/protostuff/protostuff-runtime-md/target/apidocs/io/protostuff/runtime/class-use/PolymorphicPojoCollectionSchema.html...
Generating /workspaces/xxxx/code_cure_agent/cca_workspace/protostuff/protostuff-runtime-md/target/apidocs/io/protostuff/runtime/class-use/PolymorphicThrowableSchema.html...
Generating /workspaces/xxxx/code_cure_agent/cca_workspace/protostuff/protostuff-runtime-md/target/apidocs/io/protostuff/runtime/class-use/PolymorphicSchema.html...
Generating /workspaces/xxxx/code_cure_agent/cca_workspace/protostuff/protostuff-runtime-md/target/apidocs/io/protostuff/runtime/class-use/PolymorphicSchema.Factory.html...
Generating /workspaces/xxxx/code_cure_agent/cca_workspace/protostuff/protostuff-runtime-md/target/apidocs/io/protostuff/runtime/class-use/PolymorphicSchema.Handler.html...
Generating /workspaces/xxxx/code_cure_agent/cca_workspace/protostuff/protostuff-runtime-md/target/apidocs/io/protostuff/runtime/class-use/ObjectSchema.html...
Generating /workspaces/xxxx/code_cure_agent/cca_workspace/protostuff/protostuff-runtime-md/target/apidocs/io/protostuff/runtime/class-use/ReflectAccessor.html...
Generating /workspaces/xxxx/code_cure_agent/cca_workspace/protostuff/protostuff-runtime-md/target/apidocs/io/protostuff/runtime/class-use/PolymorphicPojoSchema.html...
Generating /workspaces/xxxx/code_cure_agent/cca_workspace/protostuff/protostuff-runtime-md/target/apidocs/io/protostuff/runtime/class-use/HasDelegate.html...
Generating /workspaces/xxxx/code_cure_agent/cca_workspace/protostuff/protostuff-runtime-md/target/apidocs/io/protostuff/runtime/class-use/RuntimeSchema.html...
Generating /workspaces/xxxx/code_cure_agent/cca_workspace/protostuff/protostuff-runtime-md/target/apidocs/io/protostuff/runtime/class-use/DefaultIdStrategy.html...
Generating /workspaces/xxxx/code_cure_agent/cca_workspace/protostuff/protostuff-runtime-md/target/apidocs/io/protostuff/runtime/class-use/PolymorphicPojoMapSchema.html...
Generating /workspaces/xxxx/code_cure_agent/cca_workspace/protostuff/protostuff-runtime-md/target/apidocs/io/protostuff/runtime/class-use/PolymorphicMapSchema.html...
Generating /workspaces/xxxx/code_cure_agent/cca_workspace/protostuff/protostuff-runtime-md/target/apidocs/io/protostuff/runtime/class-use/EnumIO.html...
Generating /workspaces/xxxx/code_cure_agent/cca_workspace/protostuff/protostuff-runtime-md/target/apidocs/io/protostuff/runtime/class-use/EnumIO.ByNumber.html...
Generating /workspaces/xxxx/code_cure_agent/cca_workspace/protostuff/protostuff-runtime-md/target/apidocs/io/protostuff/runtime/class-use/EnumIO.ByName.html...
Generating /workspaces/xxxx/code_cure_agent/cca_workspace/protostuff/protostuff-runtime-md/target/apidocs/io/protostuff/runtime/class-use/ArraySchemas.html...
Generating /workspaces/xxxx/code_cure_agent/cca_workspace/protostuff/protostuff-runtime-md/target/apidocs/io/protostuff/runtime/class-use/ArraySchemas.PojoArray.html...
Generating /workspaces/xxxx/code_cure_agent/cca_workspace/protostuff/protostuff-runtime-md/target/apidocs/io/protostuff/runtime/class-use/ArraySchemas.EnumArray.html...
Generating /workspaces/xxxx/code_cure_agent/cca_workspace/protostuff/protostuff-runtime-md/target/apidocs/io/protostuff/runtime/class-use/ArraySchemas.DelegateArray.html...
Generating /workspaces/xxxx/code_cure_agent/cca_workspace/protostuff/protostuff-runtime-md/target/apidocs/io/protostuff/runtime/class-use/ArraySchemas.DateArray.html...
Generating /workspaces/xxxx/code_cure_agent/cca_workspace/protostuff/protostuff-runtime-md/target/apidocs/io/protostuff/runtime/class-use/ArraySchemas.BigIntegerArray.html...
Generating /workspaces/xxxx/code_cure_agent/cca_workspace/protostuff/protostuff-runtime-md/target/apidocs/io/protostuff/runtime/class-use/ArraySchemas.BigDecimalArray.html...
Generating /workspaces/xxxx/code_cure_agent/cca_workspace/protostuff/protostuff-runtime-md/target/apidocs/io/protostuff/runtime/class-use/ArraySchemas.ByteArrayArray.html...
Generating /workspaces/xxxx/code_cure_agent/cca_workspace/protostuff/protostuff-runtime-md/target/apidocs/io/protostuff/runtime/class-use/ArraySchemas.ByteStringArray.html...
Generating /workspaces/xxxx/code_cure_agent/cca_workspace/protostuff/protostuff-runtime-md/target/apidocs/io/protostuff/runtime/class-use/ArraySchemas.StringArray.html...
Generating /workspaces/xxxx/code_cure_agent/cca_workspace/protostuff/protostuff-runtime-md/target/apidocs/io/protostuff/runtime/class-use/ArraySchemas.DoubleArray.html...
Generating /workspaces/xxxx/code_cure_agent/cca_workspace/protostuff/protostuff-runtime-md/target/apidocs/io/protostuff/runtime/class-use/ArraySchemas.FloatArray.html...
Generating /workspaces/xxxx/code_cure_agent/cca_workspace/protostuff/protostuff-runtime-md/target/apidocs/io/protostuff/runtime/class-use/ArraySchemas.Int64Array.html...
Generating /workspaces/xxxx/code_cure_agent/cca_workspace/protostuff/protostuff-runtime-md/target/apidocs/io/protostuff/runtime/class-use/ArraySchemas.Int32Array.html...
Generating /workspaces/xxxx/code_cure_agent/cca_workspace/protostuff/protostuff-runtime-md/target/apidocs/io/protostuff/runtime/class-use/ArraySchemas.ShortArray.html...
Generating /workspaces/xxxx/code_cure_agent/cca_workspace/protostuff/protostuff-runtime-md/target/apidocs/io/protostuff/runtime/class-use/ArraySchemas.CharArray.html...
Generating /workspaces/xxxx/code_cure_agent/cca_workspace/protostuff/protostuff-runtime-md/target/apidocs/io/protostuff/runtime/class-use/ArraySchemas.BoolArray.html...
Generating /workspaces/xxxx/code_cure_agent/cca_workspace/protostuff/protostuff-runtime-md/target/apidocs/io/protostuff/runtime/class-use/ArraySchemas.Base.html...
Generating /workspaces/xxxx/code_cure_agent/cca_workspace/protostuff/protostuff-runtime-md/target/apidocs/io/protostuff/runtime/class-use/ArraySchema.html...
Generating /workspaces/xxxx/code_cure_agent/cca_workspace/protostuff/protostuff-runtime-md/target/apidocs/io/protostuff/runtime/class-use/Accessor.html...
Generating /workspaces/xxxx/code_cure_agent/cca_workspace/protostuff/protostuff-runtime-md/target/apidocs/io/protostuff/runtime/class-use/Accessor.Factory.html...
Generating /workspaces/xxxx/code_cure_agent/cca_workspace/protostuff/protostuff-runtime-md/target/apidocs/io/protostuff/runtime/class-use/RuntimePipeSchema.html...
Generating /workspaces/xxxx/code_cure_agent/cca_workspace/protostuff/protostuff-runtime-md/target/apidocs/io/protostuff/runtime/class-use/NumberSchema.html...
Generating /workspaces/xxxx/code_cure_agent/cca_workspace/protostuff/protostuff-runtime-md/target/apidocs/io/protostuff/runtime/class-use/RuntimeReflectionFieldFactory.html...
Generating /workspaces/xxxx/code_cure_agent/cca_workspace/protostuff/protostuff-runtime-md/target/apidocs/io/protostuff/runtime/class-use/DerivativeSchema.html...
Generating /workspaces/xxxx/code_cure_agent/cca_workspace/protostuff/protostuff-runtime-md/target/apidocs/io/protostuff/runtime/class-use/PolymorphicSchemaFactories.html...
Generating /workspaces/xxxx/code_cure_agent/cca_workspace/protostuff/protostuff-runtime-md/target/apidocs/io/protostuff/runtime/package-use.html...
Building index for all the packages and classes...
Generating /workspaces/xxxx/code_cure_agent/cca_workspace/protostuff/protostuff-runtime-md/target/apidocs/overview-tree.html...
Generating /workspaces/xxxx/code_cure_agent/cca_workspace/protostuff/protostuff-runtime-md/target/apidocs/index-all.html...
Building index for all classes...
Generating /workspaces/xxxx/code_cure_agent/cca_workspace/protostuff/protostuff-runtime-md/target/apidocs/allclasses-index.html...
Generating /workspaces/xxxx/code_cure_agent/cca_workspace/protostuff/protostuff-runtime-md/target/apidocs/allpackages-index.html...
Generating /workspaces/xxxx/code_cure_agent/cca_workspace/protostuff/protostuff-runtime-md/target/apidocs/deprecated-list.html...
Building index for all classes...
Generating /workspaces/xxxx/code_cure_agent/cca_workspace/protostuff/protostuff-runtime-md/target/apidocs/allclasses.html...
Generating /workspaces/xxxx/code_cure_agent/cca_workspace/protostuff/protostuff-runtime-md/target/apidocs/allclasses.html...
Generating /workspaces/xxxx/code_cure_agent/cca_workspace/protostuff/protostuff-runtime-md/target/apidocs/index.html...
Generating /workspaces/xxxx/code_cure_agent/cca_workspace/protostuff/protostuff-runtime-md/target/apidocs/help-doc.html...
Note: Custom tags that could override future standard tags:  @phase, @component, @configurator, @goal, @readonly, @requiresDependencyResolution, @created, @parameter, @execute, @required. To avoid potential overrides, use at least one period character (.) in custom tag names.
Note: Custom tags that were not seen:  @phase, @component, @configurator, @goal, @readonly, @requiresDependencyResolution, @parameter, @execute, @required
[INFO] Building jar: /workspaces/xxxx/code_cure_agent/cca_workspace/protostuff/protostuff-runtime-md/target/protostuff-runtime-md-1.8.0-SNAPSHOT-javadoc.jar
[INFO] 
[INFO] --- maven-jar-plugin:2.5:jar (artifact-jar) @ protostuff-runtime-md ---
[INFO] 
[INFO] --- maven-jar-plugin:2.5:test-jar (test-jar) @ protostuff-runtime-md ---
[INFO] Building jar: /workspaces/xxxx/code_cure_agent/cca_workspace/protostuff/protostuff-runtime-md/target/protostuff-runtime-md-1.8.0-SNAPSHOT-tests.jar
[INFO] 
[INFO] -------------< io.protostuff:protostuff-runtime-registry >--------------
[INFO] Building protostuff :: runtime-registry 1.8.0-SNAPSHOT            [7/20]
[INFO] --------------------------------[ jar ]---------------------------------
[INFO] 
[INFO] --- maven-clean-plugin:2.5:clean (default-clean) @ protostuff-runtime-registry ---
[INFO] 
[INFO] --- maven-enforcer-plugin:1.3.1:enforce (enforce-versions) @ protostuff-runtime-registry ---
[INFO] 
[INFO] --- maven-resources-plugin:2.6:resources (default-resources) @ protostuff-runtime-registry ---
[INFO] Using 'UTF-8' encoding to copy filtered resources.
[INFO] skip non existing resourceDirectory /workspaces/xxxx/code_cure_agent/cca_workspace/protostuff/protostuff-runtime-registry/src/main/resources
[INFO] 
[INFO] --- maven-compiler-plugin:3.1:compile (default-compile) @ protostuff-runtime-registry ---
[INFO] Changes detected - recompiling the module!
[INFO] Compiling 3 source files to /workspaces/xxxx/code_cure_agent/cca_workspace/protostuff/protostuff-runtime-registry/target/classes
[INFO] 
[INFO] --- maven-resources-plugin:2.6:testResources (default-testResources) @ protostuff-runtime-registry ---
[INFO] Using 'UTF-8' encoding to copy filtered resources.
[INFO] skip non existing resourceDirectory /workspaces/xxxx/code_cure_agent/cca_workspace/protostuff/protostuff-runtime-registry/src/test/resources
[INFO] 
[INFO] --- maven-compiler-plugin:3.1:testCompile (default-testCompile) @ protostuff-runtime-registry ---
[INFO] Changes detected - recompiling the module!
[INFO] Compiling 3 source files to /workspaces/xxxx/code_cure_agent/cca_workspace/protostuff/protostuff-runtime-registry/target/test-classes
[INFO] 
[INFO] --- maven-surefire-plugin:2.12.4:test (default-test) @ protostuff-runtime-registry ---
[INFO] Tests are skipped.
[INFO] 
[INFO] --- maven-jar-plugin:2.5:jar (default-jar) @ protostuff-runtime-registry ---
[INFO] Building jar: /workspaces/xxxx/code_cure_agent/cca_workspace/protostuff/protostuff-runtime-registry/target/protostuff-runtime-registry-1.8.0-SNAPSHOT.jar
[INFO] 
[INFO] >>> maven-source-plugin:2.4:jar (attach-sources) > generate-sources @ protostuff-runtime-registry >>>
[INFO] 
[INFO] --- maven-enforcer-plugin:1.3.1:enforce (enforce-versions) @ protostuff-runtime-registry ---
[INFO] 
[INFO] <<< maven-source-plugin:2.4:jar (attach-sources) < generate-sources @ protostuff-runtime-registry <<<
[INFO] 
[INFO] 
[INFO] --- maven-source-plugin:2.4:jar (attach-sources) @ protostuff-runtime-registry ---
[INFO] Building jar: /workspaces/xxxx/code_cure_agent/cca_workspace/protostuff/protostuff-runtime-registry/target/protostuff-runtime-registry-1.8.0-SNAPSHOT-sources.jar
[INFO] 
[INFO] --- maven-javadoc-plugin:2.10.1:jar (attach-javadocs) @ protostuff-runtime-registry ---
[ERROR] Error fetching link: /workspaces/xxxx/code_cure_agent/cca_workspace/protostuff/protostuff-core/target/apidocs/package-list. Ignored it.
[ERROR] Error fetching link: /workspaces/xxxx/code_cure_agent/cca_workspace/protostuff/protostuff-collectionschema/target/apidocs/package-list. Ignored it.
[ERROR] Error fetching link: /workspaces/xxxx/code_cure_agent/cca_workspace/protostuff/protostuff-runtime/target/apidocs/package-list. Ignored it.
[INFO] 
Loading source files for package io.protostuff.runtime...
Constructing Javadoc information...
Standard Doclet version 11.0.27
Building tree for all the packages and classes...
Generating /workspaces/xxxx/code_cure_agent/cca_workspace/protostuff/protostuff-runtime-registry/target/apidocs/io/protostuff/runtime/ExplicitIdStrategy.html...
Generating /workspaces/xxxx/code_cure_agent/cca_workspace/protostuff/protostuff-runtime-registry/target/apidocs/io/protostuff/runtime/ExplicitIdStrategy.Registry.html...
Generating /workspaces/xxxx/code_cure_agent/cca_workspace/protostuff/protostuff-runtime-registry/target/apidocs/io/protostuff/runtime/IncrementalIdStrategy.html...
Generating /workspaces/xxxx/code_cure_agent/cca_workspace/protostuff/protostuff-runtime-registry/target/apidocs/io/protostuff/runtime/IncrementalIdStrategy.Factory.html...
Generating /workspaces/xxxx/code_cure_agent/cca_workspace/protostuff/protostuff-runtime-registry/target/apidocs/io/protostuff/runtime/IncrementalIdStrategy.Registry.html...
Generating /workspaces/xxxx/code_cure_agent/cca_workspace/protostuff/protostuff-runtime-registry/target/apidocs/io/protostuff/runtime/NumericIdStrategy.html...
Generating /workspaces/xxxx/code_cure_agent/cca_workspace/protostuff/protostuff-runtime-registry/target/apidocs/io/protostuff/runtime/NumericIdStrategy.RegisteredDelegate.html...
Generating /workspaces/xxxx/code_cure_agent/cca_workspace/protostuff/protostuff-runtime-registry/target/apidocs/io/protostuff/runtime/NumericIdStrategy.Registry.html...
Generating /workspaces/xxxx/code_cure_agent/cca_workspace/protostuff/protostuff-runtime-registry/target/apidocs/io/protostuff/runtime/package-summary.html...
Generating /workspaces/xxxx/code_cure_agent/cca_workspace/protostuff/protostuff-runtime-registry/target/apidocs/io/protostuff/runtime/package-tree.html...
Generating /workspaces/xxxx/code_cure_agent/cca_workspace/protostuff/protostuff-runtime-registry/target/apidocs/constant-values.html...
Generating /workspaces/xxxx/code_cure_agent/cca_workspace/protostuff/protostuff-runtime-registry/target/apidocs/io/protostuff/runtime/class-use/ExplicitIdStrategy.html...
Generating /workspaces/xxxx/code_cure_agent/cca_workspace/protostuff/protostuff-runtime-registry/target/apidocs/io/protostuff/runtime/class-use/ExplicitIdStrategy.Registry.html...
Generating /workspaces/xxxx/code_cure_agent/cca_workspace/protostuff/protostuff-runtime-registry/target/apidocs/io/protostuff/runtime/class-use/IncrementalIdStrategy.html...
Generating /workspaces/xxxx/code_cure_agent/cca_workspace/protostuff/protostuff-runtime-registry/target/apidocs/io/protostuff/runtime/class-use/IncrementalIdStrategy.Registry.html...
Generating /workspaces/xxxx/code_cure_agent/cca_workspace/protostuff/protostuff-runtime-registry/target/apidocs/io/protostuff/runtime/class-use/IncrementalIdStrategy.Factory.html...
Generating /workspaces/xxxx/code_cure_agent/cca_workspace/protostuff/protostuff-runtime-registry/target/apidocs/io/protostuff/runtime/class-use/NumericIdStrategy.html...
Generating /workspaces/xxxx/code_cure_agent/cca_workspace/protostuff/protostuff-runtime-registry/target/apidocs/io/protostuff/runtime/class-use/NumericIdStrategy.Registry.html...
Generating /workspaces/xxxx/code_cure_agent/cca_workspace/protostuff/protostuff-runtime-registry/target/apidocs/io/protostuff/runtime/class-use/NumericIdStrategy.RegisteredDelegate.html...
Generating /workspaces/xxxx/code_cure_agent/cca_workspace/protostuff/protostuff-runtime-registry/target/apidocs/io/protostuff/runtime/package-use.html...
Building index for all the packages and classes...
Generating /workspaces/xxxx/code_cure_agent/cca_workspace/protostuff/protostuff-runtime-registry/target/apidocs/overview-tree.html...
Generating /workspaces/xxxx/code_cure_agent/cca_workspace/protostuff/protostuff-runtime-registry/target/apidocs/index-all.html...
Building index for all classes...
Generating /workspaces/xxxx/code_cure_agent/cca_workspace/protostuff/protostuff-runtime-registry/target/apidocs/allclasses-index.html...
Generating /workspaces/xxxx/code_cure_agent/cca_workspace/protostuff/protostuff-runtime-registry/target/apidocs/allpackages-index.html...
Generating /workspaces/xxxx/code_cure_agent/cca_workspace/protostuff/protostuff-runtime-registry/target/apidocs/deprecated-list.html...
Building index for all classes...
Generating /workspaces/xxxx/code_cure_agent/cca_workspace/protostuff/protostuff-runtime-registry/target/apidocs/allclasses.html...
Generating /workspaces/xxxx/code_cure_agent/cca_workspace/protostuff/protostuff-runtime-registry/target/apidocs/allclasses.html...
Generating /workspaces/xxxx/code_cure_agent/cca_workspace/protostuff/protostuff-runtime-registry/target/apidocs/index.html...
Generating /workspaces/xxxx/code_cure_agent/cca_workspace/protostuff/protostuff-runtime-registry/target/apidocs/help-doc.html...
Note: Custom tags that could override future standard tags:  @phase, @component, @configurator, @goal, @readonly, @requiresDependencyResolution, @created, @parameter, @execute, @required. To avoid potential overrides, use at least one period character (.) in custom tag names.
Note: Custom tags that were not seen:  @phase, @component, @configurator, @goal, @readonly, @requiresDependencyResolution, @parameter, @execute, @required
[INFO] Building jar: /workspaces/xxxx/code_cure_agent/cca_workspace/protostuff/protostuff-runtime-registry/target/protostuff-runtime-registry-1.8.0-SNAPSHOT-javadoc.jar
[INFO] 
[INFO] --- maven-jar-plugin:2.5:jar (artifact-jar) @ protostuff-runtime-registry ---
[INFO] 
[INFO] --- maven-jar-plugin:2.5:test-jar (test-jar) @ protostuff-runtime-registry ---
[INFO] Building jar: /workspaces/xxxx/code_cure_agent/cca_workspace/protostuff/protostuff-runtime-registry/target/protostuff-runtime-registry-1.8.0-SNAPSHOT-tests.jar
[INFO] 
[INFO] ---------------< io.protostuff:protostuff-runtime-view >----------------
[INFO] Building protostuff :: runtime-view 1.8.0-SNAPSHOT                [8/20]
[INFO] --------------------------------[ jar ]---------------------------------
[INFO] 
[INFO] --- maven-clean-plugin:2.5:clean (default-clean) @ protostuff-runtime-view ---
[INFO] 
[INFO] --- maven-enforcer-plugin:1.3.1:enforce (enforce-versions) @ protostuff-runtime-view ---
[INFO] 
[INFO] --- maven-resources-plugin:2.6:resources (default-resources) @ protostuff-runtime-view ---
[INFO] Using 'UTF-8' encoding to copy filtered resources.
[INFO] skip non existing resourceDirectory /workspaces/xxxx/code_cure_agent/cca_workspace/protostuff/protostuff-runtime-view/src/main/resources
[INFO] 
[INFO] --- maven-compiler-plugin:3.1:compile (default-compile) @ protostuff-runtime-view ---
[INFO] Changes detected - recompiling the module!
[INFO] Compiling 2 source files to /workspaces/xxxx/code_cure_agent/cca_workspace/protostuff/protostuff-runtime-view/target/classes
[INFO] 
[INFO] --- maven-resources-plugin:2.6:testResources (default-testResources) @ protostuff-runtime-view ---
[INFO] Using 'UTF-8' encoding to copy filtered resources.
[INFO] skip non existing resourceDirectory /workspaces/xxxx/code_cure_agent/cca_workspace/protostuff/protostuff-runtime-view/src/test/resources
[INFO] 
[INFO] --- maven-compiler-plugin:3.1:testCompile (default-testCompile) @ protostuff-runtime-view ---
[INFO] Changes detected - recompiling the module!
[INFO] Compiling 1 source file to /workspaces/xxxx/code_cure_agent/cca_workspace/protostuff/protostuff-runtime-view/target/test-classes
[INFO] 
[INFO] --- maven-surefire-plugin:2.12.4:test (default-test) @ protostuff-runtime-view ---
[INFO] Tests are skipped.
[INFO] 
[INFO] --- maven-jar-plugin:2.5:jar (default-jar) @ protostuff-runtime-view ---
[INFO] Building jar: /workspaces/xxxx/code_cure_agent/cca_workspace/protostuff/protostuff-runtime-view/target/protostuff-runtime-view-1.8.0-SNAPSHOT.jar
[INFO] 
[INFO] >>> maven-source-plugin:2.4:jar (attach-sources) > generate-sources @ protostuff-runtime-view >>>
[INFO] 
[INFO] --- maven-enforcer-plugin:1.3.1:enforce (enforce-versions) @ protostuff-runtime-view ---
[INFO] 
[INFO] <<< maven-source-plugin:2.4:jar (attach-sources) < generate-sources @ protostuff-runtime-view <<<
[INFO] 
[INFO] 
[INFO] --- maven-source-plugin:2.4:jar (attach-sources) @ protostuff-runtime-view ---
[INFO] Building jar: /workspaces/xxxx/code_cure_agent/cca_workspace/protostuff/protostuff-runtime-view/target/protostuff-runtime-view-1.8.0-SNAPSHOT-sources.jar
[INFO] 
[INFO] --- maven-javadoc-plugin:2.10.1:jar (attach-javadocs) @ protostuff-runtime-view ---
[ERROR] Error fetching link: /workspaces/xxxx/code_cure_agent/cca_workspace/protostuff/protostuff-core/target/apidocs/package-list. Ignored it.
[ERROR] Error fetching link: /workspaces/xxxx/code_cure_agent/cca_workspace/protostuff/protostuff-collectionschema/target/apidocs/package-list. Ignored it.
[ERROR] Error fetching link: /workspaces/xxxx/code_cure_agent/cca_workspace/protostuff/protostuff-runtime/target/apidocs/package-list. Ignored it.
[INFO] 
Loading source files for package io.protostuff.runtime...
Constructing Javadoc information...
Standard Doclet version 11.0.27
Building tree for all the packages and classes...
Generating /workspaces/xxxx/code_cure_agent/cca_workspace/protostuff/protostuff-runtime-view/target/apidocs/io/protostuff/runtime/Predicate.html...
Generating /workspaces/xxxx/code_cure_agent/cca_workspace/protostuff/protostuff-runtime-view/target/apidocs/io/protostuff/runtime/Predicate.EQ.html...
Generating /workspaces/xxxx/code_cure_agent/cca_workspace/protostuff/protostuff-runtime-view/target/apidocs/io/protostuff/runtime/Predicate.Factories.html...
Generating /workspaces/xxxx/code_cure_agent/cca_workspace/protostuff/protostuff-runtime-view/target/apidocs/io/protostuff/runtime/Predicate.Factory.html...
Generating /workspaces/xxxx/code_cure_agent/cca_workspace/protostuff/protostuff-runtime-view/target/apidocs/io/protostuff/runtime/Predicate.GT.html...
Generating /workspaces/xxxx/code_cure_agent/cca_workspace/protostuff/protostuff-runtime-view/target/apidocs/io/protostuff/runtime/Predicate.LT.html...
Generating /workspaces/xxxx/code_cure_agent/cca_workspace/protostuff/protostuff-runtime-view/target/apidocs/io/protostuff/runtime/Predicate.NOTEQ.html...
Generating /workspaces/xxxx/code_cure_agent/cca_workspace/protostuff/protostuff-runtime-view/target/apidocs/io/protostuff/runtime/Predicate.NOTRANGE.html...
Generating /workspaces/xxxx/code_cure_agent/cca_workspace/protostuff/protostuff-runtime-view/target/apidocs/io/protostuff/runtime/Predicate.RANGE.html...
Generating /workspaces/xxxx/code_cure_agent/cca_workspace/protostuff/protostuff-runtime-view/target/apidocs/io/protostuff/runtime/RuntimeView.html...
Generating /workspaces/xxxx/code_cure_agent/cca_workspace/protostuff/protostuff-runtime-view/target/apidocs/io/protostuff/runtime/RuntimeView.BaseSchema.html...
Generating /workspaces/xxxx/code_cure_agent/cca_workspace/protostuff/protostuff-runtime-view/target/apidocs/io/protostuff/runtime/RuntimeView.Factories.html...
Generating /workspaces/xxxx/code_cure_agent/cca_workspace/protostuff/protostuff-runtime-view/target/apidocs/io/protostuff/runtime/RuntimeView.Factory.html...
Generating /workspaces/xxxx/code_cure_agent/cca_workspace/protostuff/protostuff-runtime-view/target/apidocs/io/protostuff/runtime/RuntimeView.PostFilteredSchema.html...
Generating /workspaces/xxxx/code_cure_agent/cca_workspace/protostuff/protostuff-runtime-view/target/apidocs/io/protostuff/runtime/package-summary.html...
Generating /workspaces/xxxx/code_cure_agent/cca_workspace/protostuff/protostuff-runtime-view/target/apidocs/io/protostuff/runtime/package-tree.html...
Generating /workspaces/xxxx/code_cure_agent/cca_workspace/protostuff/protostuff-runtime-view/target/apidocs/constant-values.html...
Generating /workspaces/xxxx/code_cure_agent/cca_workspace/protostuff/protostuff-runtime-view/target/apidocs/io/protostuff/runtime/class-use/RuntimeView.html...
Generating /workspaces/xxxx/code_cure_agent/cca_workspace/protostuff/protostuff-runtime-view/target/apidocs/io/protostuff/runtime/class-use/RuntimeView.Factories.html...
Generating /workspaces/xxxx/code_cure_agent/cca_workspace/protostuff/protostuff-runtime-view/target/apidocs/io/protostuff/runtime/class-use/RuntimeView.PostFilteredSchema.html...
Generating /workspaces/xxxx/code_cure_agent/cca_workspace/protostuff/protostuff-runtime-view/target/apidocs/io/protostuff/runtime/class-use/RuntimeView.BaseSchema.html...
Generating /workspaces/xxxx/code_cure_agent/cca_workspace/protostuff/protostuff-runtime-view/target/apidocs/io/protostuff/runtime/class-use/RuntimeView.Factory.html...
Generating /workspaces/xxxx/code_cure_agent/cca_workspace/protostuff/protostuff-runtime-view/target/apidocs/io/protostuff/runtime/class-use/Predicate.html...
Generating /workspaces/xxxx/code_cure_agent/cca_workspace/protostuff/protostuff-runtime-view/target/apidocs/io/protostuff/runtime/class-use/Predicate.Factories.html...
Generating /workspaces/xxxx/code_cure_agent/cca_workspace/protostuff/protostuff-runtime-view/target/apidocs/io/protostuff/runtime/class-use/Predicate.NOTRANGE.html...
Generating /workspaces/xxxx/code_cure_agent/cca_workspace/protostuff/protostuff-runtime-view/target/apidocs/io/protostuff/runtime/class-use/Predicate.RANGE.html...
Generating /workspaces/xxxx/code_cure_agent/cca_workspace/protostuff/protostuff-runtime-view/target/apidocs/io/protostuff/runtime/class-use/Predicate.LT.html...
Generating /workspaces/xxxx/code_cure_agent/cca_workspace/protostuff/protostuff-runtime-view/target/apidocs/io/protostuff/runtime/class-use/Predicate.GT.html...
Generating /workspaces/xxxx/code_cure_agent/cca_workspace/protostuff/protostuff-runtime-view/target/apidocs/io/protostuff/runtime/class-use/Predicate.NOTEQ.html...
Generating /workspaces/xxxx/code_cure_agent/cca_workspace/protostuff/protostuff-runtime-view/target/apidocs/io/protostuff/runtime/class-use/Predicate.EQ.html...
Generating /workspaces/xxxx/code_cure_agent/cca_workspace/protostuff/protostuff-runtime-view/target/apidocs/io/protostuff/runtime/class-use/Predicate.Factory.html...
Generating /workspaces/xxxx/code_cure_agent/cca_workspace/protostuff/protostuff-runtime-view/target/apidocs/io/protostuff/runtime/package-use.html...
Building index for all the packages and classes...
Generating /workspaces/xxxx/code_cure_agent/cca_workspace/protostuff/protostuff-runtime-view/target/apidocs/overview-tree.html...
Generating /workspaces/xxxx/code_cure_agent/cca_workspace/protostuff/protostuff-runtime-view/target/apidocs/index-all.html...
Building index for all classes...
Generating /workspaces/xxxx/code_cure_agent/cca_workspace/protostuff/protostuff-runtime-view/target/apidocs/allclasses-index.html...
Generating /workspaces/xxxx/code_cure_agent/cca_workspace/protostuff/protostuff-runtime-view/target/apidocs/allpackages-index.html...
Generating /workspaces/xxxx/code_cure_agent/cca_workspace/protostuff/protostuff-runtime-view/target/apidocs/deprecated-list.html...
Building index for all classes...
Generating /workspaces/xxxx/code_cure_agent/cca_workspace/protostuff/protostuff-runtime-view/target/apidocs/allclasses.html...
Generating /workspaces/xxxx/code_cure_agent/cca_workspace/protostuff/protostuff-runtime-view/target/apidocs/allclasses.html...
Generating /workspaces/xxxx/code_cure_agent/cca_workspace/protostuff/protostuff-runtime-view/target/apidocs/index.html...
Generating /workspaces/xxxx/code_cure_agent/cca_workspace/protostuff/protostuff-runtime-view/target/apidocs/help-doc.html...
Note: Custom tags that could override future standard tags:  @phase, @component, @configurator, @goal, @readonly, @requiresDependencyResolution, @created, @parameter, @execute, @required. To avoid potential overrides, use at least one period character (.) in custom tag names.
Note: Custom tags that were not seen:  @phase, @component, @configurator, @goal, @readonly, @requiresDependencyResolution, @parameter, @execute, @required
[INFO] Building jar: /workspaces/xxxx/code_cure_agent/cca_workspace/protostuff/protostuff-runtime-view/target/protostuff-runtime-view-1.8.0-SNAPSHOT-javadoc.jar
[INFO] 
[INFO] --- maven-jar-plugin:2.5:jar (artifact-jar) @ protostuff-runtime-view ---
[INFO] 
[INFO] --- maven-jar-plugin:2.5:test-jar (test-jar) @ protostuff-runtime-view ---
[INFO] Building jar: /workspaces/xxxx/code_cure_agent/cca_workspace/protostuff/protostuff-runtime-view/target/protostuff-runtime-view-1.8.0-SNAPSHOT-tests.jar
[INFO] 
[INFO] -------------------< io.protostuff:protostuff-json >--------------------
[INFO] Building protostuff :: json 1.8.0-SNAPSHOT                        [9/20]
[INFO] --------------------------------[ jar ]---------------------------------
[INFO] 
[INFO] --- maven-clean-plugin:2.5:clean (default-clean) @ protostuff-json ---
[INFO] 
[INFO] --- maven-enforcer-plugin:1.3.1:enforce (enforce-versions) @ protostuff-json ---
[INFO] 
[INFO] --- maven-resources-plugin:2.6:resources (default-resources) @ protostuff-json ---
[INFO] Using 'UTF-8' encoding to copy filtered resources.
[INFO] skip non existing resourceDirectory /workspaces/xxxx/code_cure_agent/cca_workspace/protostuff/protostuff-json/src/main/resources
[INFO] 
[INFO] --- maven-compiler-plugin:3.1:compile (default-compile) @ protostuff-json ---
[INFO] Changes detected - recompiling the module!
[INFO] Compiling 7 source files to /workspaces/xxxx/code_cure_agent/cca_workspace/protostuff/protostuff-json/target/classes
[WARNING] /workspaces/xxxx/code_cure_agent/cca_workspace/protostuff/protostuff-json/src/main/java/io/protostuff/JsonIOUtil.java: /workspaces/xxxx/code_cure_agent/cca_workspace/protostuff/protostuff-json/src/main/java/io/protostuff/JsonIOUtil.java uses or overrides a deprecated API.
[WARNING] /workspaces/xxxx/code_cure_agent/cca_workspace/protostuff/protostuff-json/src/main/java/io/protostuff/JsonIOUtil.java: Recompile with -Xlint:deprecation for details.
[INFO] 
[INFO] --- maven-resources-plugin:2.6:testResources (default-testResources) @ protostuff-json ---
[INFO] Using 'UTF-8' encoding to copy filtered resources.
[INFO] skip non existing resourceDirectory /workspaces/xxxx/code_cure_agent/cca_workspace/protostuff/protostuff-json/src/test/resources
[INFO] 
[INFO] --- maven-compiler-plugin:3.1:testCompile (default-testCompile) @ protostuff-json ---
[INFO] Changes detected - recompiling the module!
[INFO] Compiling 47 source files to /workspaces/xxxx/code_cure_agent/cca_workspace/protostuff/protostuff-json/target/test-classes
[WARNING] /workspaces/xxxx/code_cure_agent/cca_workspace/protostuff/protostuff-json/src/test/java/io/protostuff/JsonCoreSerDeserTest.java: /workspaces/xxxx/code_cure_agent/cca_workspace/protostuff/protostuff-json/src/test/java/io/protostuff/JsonCoreSerDeserTest.java uses or overrides a deprecated API.
[WARNING] /workspaces/xxxx/code_cure_agent/cca_workspace/protostuff/protostuff-json/src/test/java/io/protostuff/JsonCoreSerDeserTest.java: Recompile with -Xlint:deprecation for details.
[INFO] 
[INFO] --- maven-surefire-plugin:2.12.4:test (default-test) @ protostuff-json ---
[INFO] Tests are skipped.
[INFO] 
[INFO] --- maven-jar-plugin:2.5:jar (default-jar) @ protostuff-json ---
[INFO] Building jar: /workspaces/xxxx/code_cure_agent/cca_workspace/protostuff/protostuff-json/target/protostuff-json-1.8.0-SNAPSHOT.jar
[INFO] 
[INFO] >>> maven-source-plugin:2.4:jar (attach-sources) > generate-sources @ protostuff-json >>>
[INFO] 
[INFO] --- maven-enforcer-plugin:1.3.1:enforce (enforce-versions) @ protostuff-json ---
[INFO] 
[INFO] <<< maven-source-plugin:2.4:jar (attach-sources) < generate-sources @ protostuff-json <<<
[INFO] 
[INFO] 
[INFO] --- maven-source-plugin:2.4:jar (attach-sources) @ protostuff-json ---
[INFO] Building jar: /workspaces/xxxx/code_cure_agent/cca_workspace/protostuff/protostuff-json/target/protostuff-json-1.8.0-SNAPSHOT-sources.jar
[INFO] 
[INFO] --- maven-javadoc-plugin:2.10.1:jar (attach-javadocs) @ protostuff-json ---
[ERROR] Error fetching link: /workspaces/xxxx/code_cure_agent/cca_workspace/protostuff/protostuff-api/target/apidocs/package-list. Ignored it.
[ERROR] Error fetching link: /workspaces/xxxx/code_cure_agent/cca_workspace/protostuff/protostuff-core/target/apidocs/package-list. Ignored it.
[ERROR] Error fetching link: /workspaces/xxxx/code_cure_agent/cca_workspace/protostuff/protostuff-collectionschema/target/apidocs/package-list. Ignored it.
[ERROR] Error fetching link: /workspaces/xxxx/code_cure_agent/cca_workspace/protostuff/protostuff-runtime/target/apidocs/package-list. Ignored it.
[ERROR] Error fetching link: /workspaces/xxxx/code_cure_agent/cca_workspace/protostuff/protostuff-runtime-registry/target/apidocs/package-list. Ignored it.
[INFO] 
Loading source files for package io.protostuff...
Constructing Javadoc information...
Standard Doclet version 11.0.27
Building tree for all the packages and classes...
Generating /workspaces/xxxx/code_cure_agent/cca_workspace/protostuff/protostuff-json/target/apidocs/io/protostuff/JsonInput.html...
Generating /workspaces/xxxx/code_cure_agent/cca_workspace/protostuff/protostuff-json/target/apidocs/io/protostuff/JsonInputException.html...
Generating /workspaces/xxxx/code_cure_agent/cca_workspace/protostuff/protostuff-json/target/apidocs/io/protostuff/JsonIOUtil.html...
Generating /workspaces/xxxx/code_cure_agent/cca_workspace/protostuff/protostuff-json/target/apidocs/io/protostuff/JsonIOUtil.Factory.html...
Generating /workspaces/xxxx/code_cure_agent/cca_workspace/protostuff/protostuff-json/target/apidocs/io/protostuff/JsonOutput.html...
Generating /workspaces/xxxx/code_cure_agent/cca_workspace/protostuff/protostuff-json/target/apidocs/io/protostuff/JsonXIOUtil.html...
Generating /workspaces/xxxx/code_cure_agent/cca_workspace/protostuff/protostuff-json/target/apidocs/io/protostuff/JsonXOutput.html...
Generating /workspaces/xxxx/code_cure_agent/cca_workspace/protostuff/protostuff-json/target/apidocs/io/protostuff/SmileIOUtil.html...
Generating /workspaces/xxxx/code_cure_agent/cca_workspace/protostuff/protostuff-json/target/apidocs/io/protostuff/SmileIOUtil.Factory.html...
Generating /workspaces/xxxx/code_cure_agent/cca_workspace/protostuff/protostuff-json/target/apidocs/io/protostuff/package-summary.html...
Generating /workspaces/xxxx/code_cure_agent/cca_workspace/protostuff/protostuff-json/target/apidocs/io/protostuff/package-tree.html...
Generating /workspaces/xxxx/code_cure_agent/cca_workspace/protostuff/protostuff-json/target/apidocs/constant-values.html...
Generating /workspaces/xxxx/code_cure_agent/cca_workspace/protostuff/protostuff-json/target/apidocs/serialized-form.html...
Generating /workspaces/xxxx/code_cure_agent/cca_workspace/protostuff/protostuff-json/target/apidocs/io/protostuff/class-use/JsonInputException.html...
Generating /workspaces/xxxx/code_cure_agent/cca_workspace/protostuff/protostuff-json/target/apidocs/io/protostuff/class-use/SmileIOUtil.html...
Generating /workspaces/xxxx/code_cure_agent/cca_workspace/protostuff/protostuff-json/target/apidocs/io/protostuff/class-use/SmileIOUtil.Factory.html...
Generating /workspaces/xxxx/code_cure_agent/cca_workspace/protostuff/protostuff-json/target/apidocs/io/protostuff/class-use/JsonXOutput.html...
Generating /workspaces/xxxx/code_cure_agent/cca_workspace/protostuff/protostuff-json/target/apidocs/io/protostuff/class-use/JsonIOUtil.html...
Generating /workspaces/xxxx/code_cure_agent/cca_workspace/protostuff/protostuff-json/target/apidocs/io/protostuff/class-use/JsonIOUtil.Factory.html...
Generating /workspaces/xxxx/code_cure_agent/cca_workspace/protostuff/protostuff-json/target/apidocs/io/protostuff/class-use/JsonOutput.html...
Generating /workspaces/xxxx/code_cure_agent/cca_workspace/protostuff/protostuff-json/target/apidocs/io/protostuff/class-use/JsonXIOUtil.html...
Generating /workspaces/xxxx/code_cure_agent/cca_workspace/protostuff/protostuff-json/target/apidocs/io/protostuff/class-use/JsonInput.html...
Generating /workspaces/xxxx/code_cure_agent/cca_workspace/protostuff/protostuff-json/target/apidocs/io/protostuff/package-use.html...
Building index for all the packages and classes...
Generating /workspaces/xxxx/code_cure_agent/cca_workspace/protostuff/protostuff-json/target/apidocs/overview-tree.html...
Generating /workspaces/xxxx/code_cure_agent/cca_workspace/protostuff/protostuff-json/target/apidocs/index-all.html...
Building index for all classes...
Generating /workspaces/xxxx/code_cure_agent/cca_workspace/protostuff/protostuff-json/target/apidocs/allclasses-index.html...
Generating /workspaces/xxxx/code_cure_agent/cca_workspace/protostuff/protostuff-json/target/apidocs/allpackages-index.html...
Generating /workspaces/xxxx/code_cure_agent/cca_workspace/protostuff/protostuff-json/target/apidocs/deprecated-list.html...
Building index for all classes...
Generating /workspaces/xxxx/code_cure_agent/cca_workspace/protostuff/protostuff-json/target/apidocs/allclasses.html...
Generating /workspaces/xxxx/code_cure_agent/cca_workspace/protostuff/protostuff-json/target/apidocs/allclasses.html...
Generating /workspaces/xxxx/code_cure_agent/cca_workspace/protostuff/protostuff-json/target/apidocs/index.html...
Generating /workspaces/xxxx/code_cure_agent/cca_workspace/protostuff/protostuff-json/target/apidocs/help-doc.html...
Note: Custom tags that could override future standard tags:  @phase, @component, @configurator, @goal, @readonly, @requiresDependencyResolution, @created, @parameter, @execute, @required. To avoid potential overrides, use at least one period character (.) in custom tag names.
Note: Custom tags that were not seen:  @phase, @component, @configurator, @goal, @readonly, @requiresDependencyResolution, @parameter, @execute, @required
[INFO] Building jar: /workspaces/xxxx/code_cure_agent/cca_workspace/protostuff/protostuff-json/target/protostuff-json-1.8.0-SNAPSHOT-javadoc.jar
[INFO] 
[INFO] --- maven-jar-plugin:2.5:jar (artifact-jar) @ protostuff-json ---
[INFO] 
[INFO] --- maven-jar-plugin:2.5:test-jar (test-jar) @ protostuff-json ---
[INFO] Building jar: /workspaces/xxxx/code_cure_agent/cca_workspace/protostuff/protostuff-json/target/protostuff-json-1.8.0-SNAPSHOT-tests.jar
[INFO] 
[INFO] ------------------< io.protostuff:protostuff-msgpack >------------------
[INFO] Building protostuff :: msgpack 1.8.0-SNAPSHOT                    [10/20]
[INFO] --------------------------------[ jar ]---------------------------------
[INFO] 
[INFO] --- maven-clean-plugin:2.5:clean (default-clean) @ protostuff-msgpack ---
[INFO] 
[INFO] --- maven-enforcer-plugin:1.3.1:enforce (enforce-versions) @ protostuff-msgpack ---
[INFO] 
[INFO] --- maven-resources-plugin:2.6:resources (default-resources) @ protostuff-msgpack ---
[INFO] Using 'UTF-8' encoding to copy filtered resources.
[INFO] skip non existing resourceDirectory /workspaces/xxxx/code_cure_agent/cca_workspace/protostuff/protostuff-msgpack/src/main/resources
[INFO] 
[INFO] --- maven-compiler-plugin:3.1:compile (default-compile) @ protostuff-msgpack ---
[INFO] Changes detected - recompiling the module!
[INFO] Compiling 9 source files to /workspaces/xxxx/code_cure_agent/cca_workspace/protostuff/protostuff-msgpack/target/classes
[INFO] 
[INFO] --- maven-resources-plugin:2.6:testResources (default-testResources) @ protostuff-msgpack ---
[INFO] Using 'UTF-8' encoding to copy filtered resources.
[INFO] skip non existing resourceDirectory /workspaces/xxxx/code_cure_agent/cca_workspace/protostuff/protostuff-msgpack/src/test/resources
[INFO] 
[INFO] --- maven-compiler-plugin:3.1:testCompile (default-testCompile) @ protostuff-msgpack ---
[INFO] Changes detected - recompiling the module!
[INFO] Compiling 19 source files to /workspaces/xxxx/code_cure_agent/cca_workspace/protostuff/protostuff-msgpack/target/test-classes
[INFO] -------------------------------------------------------------
[ERROR] COMPILATION ERROR : 
[INFO] -------------------------------------------------------------
[ERROR] /workspaces/xxxx/code_cure_agent/cca_workspace/protostuff/protostuff-msgpack/src/test/java/io/protostuff/MsgpackRuntimeMapTest.java:[88,42] variable protostuffStream might not have been initialized
[INFO] 1 error
[INFO] -------------------------------------------------------------
[INFO] ------------------------------------------------------------------------
[INFO] Reactor Summary for protostuff 1.8.0-SNAPSHOT:
[INFO] 
[INFO] protostuff ......................................... SUCCESS [  0.582 s]
[INFO] protostuff :: api .................................. SUCCESS [  3.374 s]
[INFO] protostuff :: core ................................. SUCCESS [  2.656 s]
[INFO] protostuff :: collectionschema ..................... SUCCESS [  1.709 s]
[INFO] protostuff :: runtime .............................. SUCCESS [  4.148 s]
[INFO] protostuff :: runtime-md ........................... SUCCESS [  3.390 s]
[INFO] protostuff :: runtime-registry ..................... SUCCESS [  1.792 s]
[INFO] protostuff :: runtime-view ......................... SUCCESS [  1.538 s]
[INFO] protostuff :: json ................................. SUCCESS [  1.899 s]
[INFO] protostuff :: msgpack .............................. FAILURE [  0.137 s]
[INFO] protostuff :: xml .................................. SKIPPED
[INFO] protostuff :: yaml ................................. SKIPPED
[INFO] protostuff :: kvp .................................. SKIPPED
[INFO] protostuff :: parser ............................... SKIPPED
[INFO] protostuff :: compiler ............................. SKIPPED
[INFO] protostuff :: maven-plugin ......................... SKIPPED
[INFO] protostuff :: uberjar .............................. SKIPPED
[INFO] protostuff :: it ................................... SKIPPED
[INFO] protostuff :: bom .................................. SKIPPED
[INFO] protostuff :: benchmarks ........................... SKIPPED
[INFO] ------------------------------------------------------------------------
[INFO] BUILD FAILURE
[INFO] ------------------------------------------------------------------------
[INFO] Total time:  21.825 s
[INFO] Finished at: 2025-08-11T18:07:18Z
[INFO] ------------------------------------------------------------------------
[ERROR] Failed to execute goal org.apache.maven.plugins:maven-compiler-plugin:3.1:testCompile (default-testCompile) on project protostuff-msgpack: Compilation failure
[ERROR] /workspaces/xxxx/code_cure_agent/cca_workspace/protostuff/protostuff-msgpack/src/test/java/io/protostuff/MsgpackRuntimeMapTest.java:[88,42] variable protostuffStream might not have been initialized
[ERROR] -> [Help 1]
[ERROR] 
[ERROR] To see the full stack trace of the errors, re-run Maven with the -e switch.
[ERROR] Re-run Maven using the -X switch to enable full debug logging.
[ERROR] 
[ERROR] For more information about the errors and possible solutions, please read the following articles:
[ERROR] [Help 1] http://cwiki.apache.org/confluence/display/MAVEN/MojoFailureException
[ERROR] 
[ERROR] After correcting the problems, you can resume the build with the command
[ERROR]   mvn <args> -rf :protostuff-msgpack
