[INFO] Scanning for projects...
[WARNING] 
[WARNING] Some problems were encountered while building the effective model for org.locationtech.jts.io:jts-io-common:jar:1.18.0-SNAPSHOT
[WARNING] 'build.plugins.plugin.version' for org.apache.maven.plugins:maven-jar-plugin is missing. @ line 15, column 21
[WARNING] 
[WARNING] It is highly recommended to fix these problems because they threaten the stability of your build.
[WARNING] 
[WARNING] For this reason, future Maven versions might no longer support building such malformed projects.
[WARNING] 
[INFO] ------------------------------------------------------------------------
[INFO] Reactor Build Order:
[INFO] 
[INFO] JTS Topology Suite                                                 [pom]
[INFO] org.locationtech.jts:jts-modules                                   [pom]
[INFO] org.locationtech.jts:jts-core                                   [bundle]
[INFO] org.locationtech.jts:jts-io                                        [pom]
[INFO] org.locationtech.jts.io:jts-io-common                              [jar]
[INFO] org.locationtech.jts:jts-example                                   [jar]
[INFO] org.locationtech.jts:jts-tests                                     [jar]
[INFO] org.locationtech.jts:jts-app                                       [jar]
[INFO] org.locationtech.jts:jts-lab                                       [jar]
[INFO] 
[INFO] ----------------------< org.locationtech.jts:jts >----------------------
[INFO] Building JTS Topology Suite 1.18.0-SNAPSHOT                        [1/9]
[INFO] --------------------------------[ pom ]---------------------------------
[INFO] 
[INFO] --- maven-clean-plugin:2.5:clean (default-clean) @ jts ---
[INFO] 
[INFO] --- maven-javadoc-plugin:3.0.0-M1:jar (attach-javadocs) @ jts ---
[INFO] Not executing Javadoc as the project is not a Java classpath-capable package
[INFO] 
[INFO] --- maven-source-plugin:2.2.1:jar-no-fork (attach-sources) @ jts ---
[INFO] 
[INFO] ------------------< org.locationtech.jts:jts-modules >------------------
[INFO] Building org.locationtech.jts:jts-modules 1.18.0-SNAPSHOT          [2/9]
[INFO] --------------------------------[ pom ]---------------------------------
[INFO] 
[INFO] --- maven-clean-plugin:2.5:clean (default-clean) @ jts-modules ---
[INFO] 
[INFO] --- maven-javadoc-plugin:3.0.0-M1:jar (attach-javadocs) @ jts-modules ---
[INFO] Not executing Javadoc as the project is not a Java classpath-capable package
[INFO] 
[INFO] --- maven-source-plugin:2.2.1:jar-no-fork (attach-sources) @ jts-modules ---
[INFO] 
[INFO] -------------------< org.locationtech.jts:jts-core >--------------------
[INFO] Building org.locationtech.jts:jts-core 1.18.0-SNAPSHOT             [3/9]
[INFO] -------------------------------[ bundle ]-------------------------------
[INFO] 
[INFO] --- maven-clean-plugin:2.5:clean (default-clean) @ jts-core ---
[INFO] 
[INFO] --- maven-resources-plugin:3.3.1:resources (default-resources) @ jts-core ---
[INFO] skip non existing resourceDirectory /workspaces/master-thesis-pascal-joos/code_cure_agent/cca_workspace/jts/modules/core/src/main/resources
[INFO] 
[INFO] --- maven-compiler-plugin:3.14.0:compile (default-compile) @ jts-core ---
[INFO] Recompiling the module because of changed source code.
[INFO] Compiling 479 source files with javac [debug target 1.8] to target/classes
[WARNING] bootstrap class path not set in conjunction with -source 8
[INFO] /workspaces/master-thesis-pascal-joos/code_cure_agent/cca_workspace/jts/modules/core/src/main/java/org/locationtech/jts/operation/distance3d/AxisPlaneCoordinateSequence.java: /workspaces/master-thesis-pascal-joos/code_cure_agent/cca_workspace/jts/modules/core/src/main/java/org/locationtech/jts/operation/distance3d/AxisPlaneCoordinateSequence.java uses or overrides a deprecated API.
[INFO] /workspaces/master-thesis-pascal-joos/code_cure_agent/cca_workspace/jts/modules/core/src/main/java/org/locationtech/jts/operation/distance3d/AxisPlaneCoordinateSequence.java: Recompile with -Xlint:deprecation for details.
[INFO] /workspaces/master-thesis-pascal-joos/code_cure_agent/cca_workspace/jts/modules/core/src/main/java/org/locationtech/jts/geom/Geometry.java: Some input files use unchecked or unsafe operations.
[INFO] /workspaces/master-thesis-pascal-joos/code_cure_agent/cca_workspace/jts/modules/core/src/main/java/org/locationtech/jts/geom/Geometry.java: Recompile with -Xlint:unchecked for details.
[INFO] 
[INFO] --- maven-resources-plugin:3.3.1:testResources (default-testResources) @ jts-core ---
[INFO] Copying 11 resources from src/test/resources to target/test-classes
[INFO] 
[INFO] --- maven-compiler-plugin:3.14.0:testCompile (default-testCompile) @ jts-core ---
[INFO] Recompiling the module because of changed dependency.
[INFO] Compiling 302 source files with javac [debug target 1.8] to target/test-classes
[WARNING] bootstrap class path not set in conjunction with -source 8
[INFO] /workspaces/master-thesis-pascal-joos/code_cure_agent/cca_workspace/jts/modules/core/src/test/java/org/locationtech/jts/geom/GeometryCopyTest.java: Some input files use or override a deprecated API.
[INFO] /workspaces/master-thesis-pascal-joos/code_cure_agent/cca_workspace/jts/modules/core/src/test/java/org/locationtech/jts/geom/GeometryCopyTest.java: Recompile with -Xlint:deprecation for details.
[INFO] /workspaces/master-thesis-pascal-joos/code_cure_agent/cca_workspace/jts/modules/core/src/test/java/test/jts/GeometryTestCase.java: Some input files use unchecked or unsafe operations.
[INFO] /workspaces/master-thesis-pascal-joos/code_cure_agent/cca_workspace/jts/modules/core/src/test/java/test/jts/GeometryTestCase.java: Recompile with -Xlint:unchecked for details.
[INFO] 
[INFO] --- maven-surefire-plugin:2.15:test (default-test) @ jts-core ---
[INFO] Tests are skipped.
[INFO] 
[INFO] --- maven-bundle-plugin:3.3.0:bundle (default-bundle) @ jts-core ---
[INFO] 
[INFO] --- maven-javadoc-plugin:3.0.0-M1:jar (attach-javadocs) @ jts-core ---
[INFO] 
Loading source files for package org.locationtech.jts.algorithm...
Loading source files for package org.locationtech.jts.algorithm.construct...
Loading source files for package org.locationtech.jts.algorithm.distance...
Loading source files for package org.locationtech.jts.algorithm.match...
Loading source files for package org.locationtech.jts.algorithm.locate...
Loading source files for package org.locationtech.jts.precision...
Loading source files for package org.locationtech.jts.shape...
Loading source files for package org.locationtech.jts.shape.fractal...
Loading source files for package org.locationtech.jts.shape.random...
Loading source files for package org.locationtech.jts.operation...
Loading source files for package org.locationtech.jts.operation.distance3d...
Loading source files for package org.locationtech.jts.operation.polygonize...
Loading source files for package org.locationtech.jts.operation.buffer...
Loading source files for package org.locationtech.jts.operation.buffer.validate...
Loading source files for package org.locationtech.jts.operation.predicate...
Loading source files for package org.locationtech.jts.operation.linemerge...
Loading source files for package org.locationtech.jts.operation.valid...
Loading source files for package org.locationtech.jts.operation.overlayng...
Loading source files for package org.locationtech.jts.operation.relate...
Loading source files for package org.locationtech.jts.operation.distance...
Loading source files for package org.locationtech.jts.operation.union...
Loading source files for package org.locationtech.jts.operation.overlay...
Loading source files for package org.locationtech.jts.operation.overlay.validate...
Loading source files for package org.locationtech.jts.operation.overlay.snap...
Loading source files for package org.locationtech.jts.awt...
Loading source files for package org.locationtech.jts.triangulate...
Loading source files for package org.locationtech.jts.triangulate.quadedge...
Loading source files for package org.locationtech.jts.edgegraph...
Loading source files for package org.locationtech.jts.geom...
Loading source files for package org.locationtech.jts.geom.impl...
Loading source files for package org.locationtech.jts.geom.prep...
Loading source files for package org.locationtech.jts.geom.util...
Loading source files for package org.locationtech.jts.index...
Loading source files for package org.locationtech.jts.index.chain...
Loading source files for package org.locationtech.jts.index.intervalrtree...
Loading source files for package org.locationtech.jts.index.kdtree...
Loading source files for package org.locationtech.jts.index.quadtree...
Loading source files for package org.locationtech.jts.index.strtree...
Loading source files for package org.locationtech.jts.index.sweepline...
Loading source files for package org.locationtech.jts.index.bintree...
Loading source files for package org.locationtech.jts.index.hprtree...
Loading source files for package org.locationtech.jts...
Loading source files for package org.locationtech.jts.noding...
Loading source files for package org.locationtech.jts.noding.snap...
Loading source files for package org.locationtech.jts.noding.snapround...
Loading source files for package org.locationtech.jts.math...
Loading source files for package org.locationtech.jts.simplify...
Loading source files for package org.locationtech.jts.densify...
Loading source files for package org.locationtech.jts.geomgraph...
Loading source files for package org.locationtech.jts.geomgraph.index...
Loading source files for package org.locationtech.jts.linearref...
Loading source files for package org.locationtech.jts.dissolve...
Loading source files for package org.locationtech.jts.planargraph.algorithm...
Loading source files for package org.locationtech.jts.planargraph...
Loading source files for package org.locationtech.jts.io...
Loading source files for package org.locationtech.jts.io.gml2...
Loading source files for package org.locationtech.jts.io.kml...
Loading source files for package org.locationtech.jts.util...
Constructing Javadoc information...
Standard Doclet version 11.0.27
Building tree for all the packages and classes...
Generating /workspaces/master-thesis-pascal-joos/code_cure_agent/cca_workspace/jts/modules/core/target/apidocs/org/locationtech/jts/JTSVersion.html...
Generating /workspaces/master-thesis-pascal-joos/code_cure_agent/cca_workspace/jts/modules/core/target/apidocs/org/locationtech/jts/algorithm/Angle.html...
Generating /workspaces/master-thesis-pascal-joos/code_cure_agent/cca_workspace/jts/modules/core/target/apidocs/org/locationtech/jts/algorithm/Area.html...
Generating /workspaces/master-thesis-pascal-joos/code_cure_agent/cca_workspace/jts/modules/core/target/apidocs/org/locationtech/jts/algorithm/BoundaryNodeRule.html...
Generating /workspaces/master-thesis-pascal-joos/code_cure_agent/cca_workspace/jts/modules/core/target/apidocs/org/locationtech/jts/algorithm/BoundaryNodeRule.EndPointBoundaryNodeRule.html...
Generating /workspaces/master-thesis-pascal-joos/code_cure_agent/cca_workspace/jts/modules/core/target/apidocs/org/locationtech/jts/algorithm/BoundaryNodeRule.Mod2BoundaryNodeRule.html...
Generating /workspaces/master-thesis-pascal-joos/code_cure_agent/cca_workspace/jts/modules/core/target/apidocs/org/locationtech/jts/algorithm/BoundaryNodeRule.MonoValentEndPointBoundaryNodeRule.html...
Generating /workspaces/master-thesis-pascal-joos/code_cure_agent/cca_workspace/jts/modules/core/target/apidocs/org/locationtech/jts/algorithm/BoundaryNodeRule.MultiValentEndPointBoundaryNodeRule.html...
Generating /workspaces/master-thesis-pascal-joos/code_cure_agent/cca_workspace/jts/modules/core/target/apidocs/org/locationtech/jts/algorithm/Centroid.html...
Generating /workspaces/master-thesis-pascal-joos/code_cure_agent/cca_workspace/jts/modules/core/target/apidocs/org/locationtech/jts/algorithm/CGAlgorithms.html...
Generating /workspaces/master-thesis-pascal-joos/code_cure_agent/cca_workspace/jts/modules/core/target/apidocs/org/locationtech/jts/algorithm/CGAlgorithms3D.html...
Generating /workspaces/master-thesis-pascal-joos/code_cure_agent/cca_workspace/jts/modules/core/target/apidocs/org/locationtech/jts/algorithm/CGAlgorithmsDD.html...
Generating /workspaces/master-thesis-pascal-joos/code_cure_agent/cca_workspace/jts/modules/core/target/apidocs/org/locationtech/jts/algorithm/ConvexHull.html...
Generating /workspaces/master-thesis-pascal-joos/code_cure_agent/cca_workspace/jts/modules/core/target/apidocs/org/locationtech/jts/algorithm/Distance.html...
Generating /workspaces/master-thesis-pascal-joos/code_cure_agent/cca_workspace/jts/modules/core/target/apidocs/org/locationtech/jts/algorithm/HCoordinate.html...
Generating /workspaces/master-thesis-pascal-joos/code_cure_agent/cca_workspace/jts/modules/core/target/apidocs/org/locationtech/jts/algorithm/InteriorPoint.html...
Generating /workspaces/master-thesis-pascal-joos/code_cure_agent/cca_workspace/jts/modules/core/target/apidocs/org/locationtech/jts/algorithm/InteriorPointArea.html...
Generating /workspaces/master-thesis-pascal-joos/code_cure_agent/cca_workspace/jts/modules/core/target/apidocs/org/locationtech/jts/algorithm/InteriorPointLine.html...
Generating /workspaces/master-thesis-pascal-joos/code_cure_agent/cca_workspace/jts/modules/core/target/apidocs/org/locationtech/jts/algorithm/InteriorPointPoint.html...
Generating /workspaces/master-thesis-pascal-joos/code_cure_agent/cca_workspace/jts/modules/core/target/apidocs/org/locationtech/jts/algorithm/Intersection.html...
Generating /workspaces/master-thesis-pascal-joos/code_cure_agent/cca_workspace/jts/modules/core/target/apidocs/org/locationtech/jts/algorithm/Length.html...
Generating /workspaces/master-thesis-pascal-joos/code_cure_agent/cca_workspace/jts/modules/core/target/apidocs/org/locationtech/jts/algorithm/LineIntersector.html...
Generating /workspaces/master-thesis-pascal-joos/code_cure_agent/cca_workspace/jts/modules/core/target/apidocs/org/locationtech/jts/algorithm/MinimumBoundingCircle.html...
Generating /workspaces/master-thesis-pascal-joos/code_cure_agent/cca_workspace/jts/modules/core/target/apidocs/org/locationtech/jts/algorithm/MinimumDiameter.html...
Generating /workspaces/master-thesis-pascal-joos/code_cure_agent/cca_workspace/jts/modules/core/target/apidocs/org/locationtech/jts/algorithm/NotRepresentableException.html...
Generating /workspaces/master-thesis-pascal-joos/code_cure_agent/cca_workspace/jts/modules/core/target/apidocs/org/locationtech/jts/algorithm/Orientation.html...
Generating /workspaces/master-thesis-pascal-joos/code_cure_agent/cca_workspace/jts/modules/core/target/apidocs/org/locationtech/jts/algorithm/PointLocation.html...
Generating /workspaces/master-thesis-pascal-joos/code_cure_agent/cca_workspace/jts/modules/core/target/apidocs/org/locationtech/jts/algorithm/PointLocator.html...
Generating /workspaces/master-thesis-pascal-joos/code_cure_agent/cca_workspace/jts/modules/core/target/apidocs/org/locationtech/jts/algorithm/RayCrossingCounter.html...
Generating /workspaces/master-thesis-pascal-joos/code_cure_agent/cca_workspace/jts/modules/core/target/apidocs/org/locationtech/jts/algorithm/RectangleLineIntersector.html...
Generating /workspaces/master-thesis-pascal-joos/code_cure_agent/cca_workspace/jts/modules/core/target/apidocs/org/locationtech/jts/algorithm/RobustDeterminant.html...
Generating /workspaces/master-thesis-pascal-joos/code_cure_agent/cca_workspace/jts/modules/core/target/apidocs/org/locationtech/jts/algorithm/RobustLineIntersector.html...
Generating /workspaces/master-thesis-pascal-joos/code_cure_agent/cca_workspace/jts/modules/core/target/apidocs/org/locationtech/jts/algorithm/construct/LargestEmptyCircle.html...
Generating /workspaces/master-thesis-pascal-joos/code_cure_agent/cca_workspace/jts/modules/core/target/apidocs/org/locationtech/jts/algorithm/construct/MaximumInscribedCircle.html...
Generating /workspaces/master-thesis-pascal-joos/code_cure_agent/cca_workspace/jts/modules/core/target/apidocs/org/locationtech/jts/algorithm/distance/DiscreteHausdorffDistance.html...
Generating /workspaces/master-thesis-pascal-joos/code_cure_agent/cca_workspace/jts/modules/core/target/apidocs/org/locationtech/jts/algorithm/distance/DiscreteHausdorffDistance.MaxDensifiedByFractionDistanceFilter.html...
Generating /workspaces/master-thesis-pascal-joos/code_cure_agent/cca_workspace/jts/modules/core/target/apidocs/org/locationtech/jts/algorithm/distance/DiscreteHausdorffDistance.MaxPointDistanceFilter.html...
Generating /workspaces/master-thesis-pascal-joos/code_cure_agent/cca_workspace/jts/modules/core/target/apidocs/org/locationtech/jts/algorithm/distance/DistanceToPoint.html...
Generating /workspaces/master-thesis-pascal-joos/code_cure_agent/cca_workspace/jts/modules/core/target/apidocs/org/locationtech/jts/algorithm/distance/PointPairDistance.html...
Generating /workspaces/master-thesis-pascal-joos/code_cure_agent/cca_workspace/jts/modules/core/target/apidocs/org/locationtech/jts/algorithm/locate/IndexedPointInAreaLocator.html...
Generating /workspaces/master-thesis-pascal-joos/code_cure_agent/cca_workspace/jts/modules/core/target/apidocs/org/locationtech/jts/algorithm/locate/PointOnGeometryLocator.html...
Generating /workspaces/master-thesis-pascal-joos/code_cure_agent/cca_workspace/jts/modules/core/target/apidocs/org/locationtech/jts/algorithm/locate/SimplePointInAreaLocator.html...
Generating /workspaces/master-thesis-pascal-joos/code_cure_agent/cca_workspace/jts/modules/core/target/apidocs/org/locationtech/jts/algorithm/match/AreaSimilarityMeasure.html...
Generating /workspaces/master-thesis-pascal-joos/code_cure_agent/cca_workspace/jts/modules/core/target/apidocs/org/locationtech/jts/algorithm/match/HausdorffSimilarityMeasure.html...
Generating /workspaces/master-thesis-pascal-joos/code_cure_agent/cca_workspace/jts/modules/core/target/apidocs/org/locationtech/jts/algorithm/match/SimilarityMeasure.html...
Generating /workspaces/master-thesis-pascal-joos/code_cure_agent/cca_workspace/jts/modules/core/target/apidocs/org/locationtech/jts/algorithm/match/SimilarityMeasureCombiner.html...
Generating /workspaces/master-thesis-pascal-joos/code_cure_agent/cca_workspace/jts/modules/core/target/apidocs/org/locationtech/jts/awt/FontGlyphReader.html...
Generating /workspaces/master-thesis-pascal-joos/code_cure_agent/cca_workspace/jts/modules/core/target/apidocs/org/locationtech/jts/awt/GeometryCollectionShape.html...
Generating /workspaces/master-thesis-pascal-joos/code_cure_agent/cca_workspace/jts/modules/core/target/apidocs/org/locationtech/jts/awt/IdentityPointTransformation.html...
Generating /workspaces/master-thesis-pascal-joos/code_cure_agent/cca_workspace/jts/modules/core/target/apidocs/org/locationtech/jts/awt/PointShapeFactory.html...
Generating /workspaces/master-thesis-pascal-joos/code_cure_agent/cca_workspace/jts/modules/core/target/apidocs/org/locationtech/jts/awt/PointShapeFactory.BasePointShapeFactory.html...
Generating /workspaces/master-thesis-pascal-joos/code_cure_agent/cca_workspace/jts/modules/core/target/apidocs/org/locationtech/jts/awt/PointShapeFactory.Circle.html...
Generating /workspaces/master-thesis-pascal-joos/code_cure_agent/cca_workspace/jts/modules/core/target/apidocs/org/locationtech/jts/awt/PointShapeFactory.Cross.html...
Generating /workspaces/master-thesis-pascal-joos/code_cure_agent/cca_workspace/jts/modules/core/target/apidocs/org/locationtech/jts/awt/PointShapeFactory.Point.html...
Generating /workspaces/master-thesis-pascal-joos/code_cure_agent/cca_workspace/jts/modules/core/target/apidocs/org/locationtech/jts/awt/PointShapeFactory.Square.html...
Generating /workspaces/master-thesis-pascal-joos/code_cure_agent/cca_workspace/jts/modules/core/target/apidocs/org/locationtech/jts/awt/PointShapeFactory.Star.html...
Generating /workspaces/master-thesis-pascal-joos/code_cure_agent/cca_workspace/jts/modules/core/target/apidocs/org/locationtech/jts/awt/PointShapeFactory.Triangle.html...
Generating /workspaces/master-thesis-pascal-joos/code_cure_agent/cca_workspace/jts/modules/core/target/apidocs/org/locationtech/jts/awt/PointShapeFactory.X.html...
Generating /workspaces/master-thesis-pascal-joos/code_cure_agent/cca_workspace/jts/modules/core/target/apidocs/org/locationtech/jts/awt/PointTransformation.html...
Generating /workspaces/master-thesis-pascal-joos/code_cure_agent/cca_workspace/jts/modules/core/target/apidocs/org/locationtech/jts/awt/PolygonShape.html...
Generating /workspaces/master-thesis-pascal-joos/code_cure_agent/cca_workspace/jts/modules/core/target/apidocs/org/locationtech/jts/awt/ShapeCollectionPathIterator.html...
Generating /workspaces/master-thesis-pascal-joos/code_cure_agent/cca_workspace/jts/modules/core/target/apidocs/org/locationtech/jts/awt/ShapeReader.html...
Generating /workspaces/master-thesis-pascal-joos/code_cure_agent/cca_workspace/jts/modules/core/target/apidocs/org/locationtech/jts/awt/ShapeWriter.html...
Generating /workspaces/master-thesis-pascal-joos/code_cure_agent/cca_workspace/jts/modules/core/target/apidocs/org/locationtech/jts/densify/Densifier.html...
Generating /workspaces/master-thesis-pascal-joos/code_cure_agent/cca_workspace/jts/modules/core/target/apidocs/org/locationtech/jts/dissolve/LineDissolver.html...
Generating /workspaces/master-thesis-pascal-joos/code_cure_agent/cca_workspace/jts/modules/core/target/apidocs/org/locationtech/jts/edgegraph/EdgeGraph.html...
Generating /workspaces/master-thesis-pascal-joos/code_cure_agent/cca_workspace/jts/modules/core/target/apidocs/org/locationtech/jts/edgegraph/EdgeGraphBuilder.html...
Generating /workspaces/master-thesis-pascal-joos/code_cure_agent/cca_workspace/jts/modules/core/target/apidocs/org/locationtech/jts/edgegraph/HalfEdge.html...
Generating /workspaces/master-thesis-pascal-joos/code_cure_agent/cca_workspace/jts/modules/core/target/apidocs/org/locationtech/jts/edgegraph/MarkHalfEdge.html...
Generating /workspaces/master-thesis-pascal-joos/code_cure_agent/cca_workspace/jts/modules/core/target/apidocs/org/locationtech/jts/geom/Coordinate.html...
Generating /workspaces/master-thesis-pascal-joos/code_cure_agent/cca_workspace/jts/modules/core/target/apidocs/org/locationtech/jts/geom/Coordinate.DimensionalComparator.html...
Generating /workspaces/master-thesis-pascal-joos/code_cure_agent/cca_workspace/jts/modules/core/target/apidocs/org/locationtech/jts/geom/CoordinateArrays.html...
Generating /workspaces/master-thesis-pascal-joos/code_cure_agent/cca_workspace/jts/modules/core/target/apidocs/org/locationtech/jts/geom/CoordinateArrays.BidirectionalComparator.html...
Generating /workspaces/master-thesis-pascal-joos/code_cure_agent/cca_workspace/jts/modules/core/target/apidocs/org/locationtech/jts/geom/CoordinateArrays.ForwardComparator.html...
Generating /workspaces/master-thesis-pascal-joos/code_cure_agent/cca_workspace/jts/modules/core/target/apidocs/org/locationtech/jts/geom/CoordinateFilter.html...
Generating /workspaces/master-thesis-pascal-joos/code_cure_agent/cca_workspace/jts/modules/core/target/apidocs/org/locationtech/jts/geom/CoordinateList.html...
Generating /workspaces/master-thesis-pascal-joos/code_cure_agent/cca_workspace/jts/modules/core/target/apidocs/org/locationtech/jts/geom/Coordinates.html...
Generating /workspaces/master-thesis-pascal-joos/code_cure_agent/cca_workspace/jts/modules/core/target/apidocs/org/locationtech/jts/geom/CoordinateSequence.html...
Generating /workspaces/master-thesis-pascal-joos/code_cure_agent/cca_workspace/jts/modules/core/target/apidocs/org/locationtech/jts/geom/CoordinateSequenceComparator.html...
Generating /workspaces/master-thesis-pascal-joos/code_cure_agent/cca_workspace/jts/modules/core/target/apidocs/org/locationtech/jts/geom/CoordinateSequenceFactory.html...
Generating /workspaces/master-thesis-pascal-joos/code_cure_agent/cca_workspace/jts/modules/core/target/apidocs/org/locationtech/jts/geom/CoordinateSequenceFilter.html...
Generating /workspaces/master-thesis-pascal-joos/code_cure_agent/cca_workspace/jts/modules/core/target/apidocs/org/locationtech/jts/geom/CoordinateSequences.html...
Generating /workspaces/master-thesis-pascal-joos/code_cure_agent/cca_workspace/jts/modules/core/target/apidocs/org/locationtech/jts/geom/CoordinateXY.html...
Generating /workspaces/master-thesis-pascal-joos/code_cure_agent/cca_workspace/jts/modules/core/target/apidocs/org/locationtech/jts/geom/CoordinateXYM.html...
Generating /workspaces/master-thesis-pascal-joos/code_cure_agent/cca_workspace/jts/modules/core/target/apidocs/org/locationtech/jts/geom/CoordinateXYZM.html...
Generating /workspaces/master-thesis-pascal-joos/code_cure_agent/cca_workspace/jts/modules/core/target/apidocs/org/locationtech/jts/geom/Dimension.html...
Generating /workspaces/master-thesis-pascal-joos/code_cure_agent/cca_workspace/jts/modules/core/target/apidocs/org/locationtech/jts/geom/Envelope.html...
Generating /workspaces/master-thesis-pascal-joos/code_cure_agent/cca_workspace/jts/modules/core/target/apidocs/org/locationtech/jts/geom/Geometry.html...
Generating /workspaces/master-thesis-pascal-joos/code_cure_agent/cca_workspace/jts/modules/core/target/apidocs/org/locationtech/jts/geom/GeometryCollection.html...
Generating /workspaces/master-thesis-pascal-joos/code_cure_agent/cca_workspace/jts/modules/core/target/apidocs/org/locationtech/jts/geom/GeometryCollectionIterator.html...
Generating /workspaces/master-thesis-pascal-joos/code_cure_agent/cca_workspace/jts/modules/core/target/apidocs/org/locationtech/jts/geom/GeometryComponentFilter.html...
Generating /workspaces/master-thesis-pascal-joos/code_cure_agent/cca_workspace/jts/modules/core/target/apidocs/org/locationtech/jts/geom/GeometryFactory.html...
Generating /workspaces/master-thesis-pascal-joos/code_cure_agent/cca_workspace/jts/modules/core/target/apidocs/org/locationtech/jts/geom/GeometryFilter.html...
Generating /workspaces/master-thesis-pascal-joos/code_cure_agent/cca_workspace/jts/modules/core/target/apidocs/org/locationtech/jts/geom/IntersectionMatrix.html...
Generating /workspaces/master-thesis-pascal-joos/code_cure_agent/cca_workspace/jts/modules/core/target/apidocs/org/locationtech/jts/geom/Lineal.html...
Generating /workspaces/master-thesis-pascal-joos/code_cure_agent/cca_workspace/jts/modules/core/target/apidocs/org/locationtech/jts/geom/LinearRing.html...
Generating /workspaces/master-thesis-pascal-joos/code_cure_agent/cca_workspace/jts/modules/core/target/apidocs/org/locationtech/jts/geom/LineSegment.html...
Generating /workspaces/master-thesis-pascal-joos/code_cure_agent/cca_workspace/jts/modules/core/target/apidocs/org/locationtech/jts/geom/LineString.html...
Generating /workspaces/master-thesis-pascal-joos/code_cure_agent/cca_workspace/jts/modules/core/target/apidocs/org/locationtech/jts/geom/Location.html...
Generating /workspaces/master-thesis-pascal-joos/code_cure_agent/cca_workspace/jts/modules/core/target/apidocs/org/locationtech/jts/geom/MultiLineString.html...
Generating /workspaces/master-thesis-pascal-joos/code_cure_agent/cca_workspace/jts/modules/core/target/apidocs/org/locationtech/jts/geom/MultiPoint.html...
Generating /workspaces/master-thesis-pascal-joos/code_cure_agent/cca_workspace/jts/modules/core/target/apidocs/org/locationtech/jts/geom/MultiPolygon.html...
Generating /workspaces/master-thesis-pascal-joos/code_cure_agent/cca_workspace/jts/modules/core/target/apidocs/org/locationtech/jts/geom/OctagonalEnvelope.html...
Generating /workspaces/master-thesis-pascal-joos/code_cure_agent/cca_workspace/jts/modules/core/target/apidocs/org/locationtech/jts/geom/Point.html...
Generating /workspaces/master-thesis-pascal-joos/code_cure_agent/cca_workspace/jts/modules/core/target/apidocs/org/locationtech/jts/geom/Polygon.html...
Generating /workspaces/master-thesis-pascal-joos/code_cure_agent/cca_workspace/jts/modules/core/target/apidocs/org/locationtech/jts/geom/Polygonal.html...
Generating /workspaces/master-thesis-pascal-joos/code_cure_agent/cca_workspace/jts/modules/core/target/apidocs/org/locationtech/jts/geom/Position.html...
Generating /workspaces/master-thesis-pascal-joos/code_cure_agent/cca_workspace/jts/modules/core/target/apidocs/org/locationtech/jts/geom/PrecisionModel.html...
Generating /workspaces/master-thesis-pascal-joos/code_cure_agent/cca_workspace/jts/modules/core/target/apidocs/org/locationtech/jts/geom/PrecisionModel.Type.html...
Generating /workspaces/master-thesis-pascal-joos/code_cure_agent/cca_workspace/jts/modules/core/target/apidocs/org/locationtech/jts/geom/Puntal.html...
Generating /workspaces/master-thesis-pascal-joos/code_cure_agent/cca_workspace/jts/modules/core/target/apidocs/org/locationtech/jts/geom/Quadrant.html...
Generating /workspaces/master-thesis-pascal-joos/code_cure_agent/cca_workspace/jts/modules/core/target/apidocs/org/locationtech/jts/geom/TopologyException.html...
Generating /workspaces/master-thesis-pascal-joos/code_cure_agent/cca_workspace/jts/modules/core/target/apidocs/org/locationtech/jts/geom/Triangle.html...
Generating /workspaces/master-thesis-pascal-joos/code_cure_agent/cca_workspace/jts/modules/core/target/apidocs/org/locationtech/jts/geom/impl/CoordinateArraySequence.html...
Generating /workspaces/master-thesis-pascal-joos/code_cure_agent/cca_workspace/jts/modules/core/target/apidocs/org/locationtech/jts/geom/impl/CoordinateArraySequenceFactory.html...
Generating /workspaces/master-thesis-pascal-joos/code_cure_agent/cca_workspace/jts/modules/core/target/apidocs/org/locationtech/jts/geom/impl/PackedCoordinateSequence.html...
Generating /workspaces/master-thesis-pascal-joos/code_cure_agent/cca_workspace/jts/modules/core/target/apidocs/org/locationtech/jts/geom/impl/PackedCoordinateSequence.Double.html...
Generating /workspaces/master-thesis-pascal-joos/code_cure_agent/cca_workspace/jts/modules/core/target/apidocs/org/locationtech/jts/geom/impl/PackedCoordinateSequence.Float.html...
Generating /workspaces/master-thesis-pascal-joos/code_cure_agent/cca_workspace/jts/modules/core/target/apidocs/org/locationtech/jts/geom/impl/PackedCoordinateSequenceFactory.html...
Generating /workspaces/master-thesis-pascal-joos/code_cure_agent/cca_workspace/jts/modules/core/target/apidocs/org/locationtech/jts/geom/prep/PreparedGeometry.html...
Generating /workspaces/master-thesis-pascal-joos/code_cure_agent/cca_workspace/jts/modules/core/target/apidocs/org/locationtech/jts/geom/prep/PreparedGeometryFactory.html...
Generating /workspaces/master-thesis-pascal-joos/code_cure_agent/cca_workspace/jts/modules/core/target/apidocs/org/locationtech/jts/geom/prep/PreparedLineString.html...
Generating /workspaces/master-thesis-pascal-joos/code_cure_agent/cca_workspace/jts/modules/core/target/apidocs/org/locationtech/jts/geom/prep/PreparedPoint.html...
Generating /workspaces/master-thesis-pascal-joos/code_cure_agent/cca_workspace/jts/modules/core/target/apidocs/org/locationtech/jts/geom/prep/PreparedPolygon.html...
Generating /workspaces/master-thesis-pascal-joos/code_cure_agent/cca_workspace/jts/modules/core/target/apidocs/org/locationtech/jts/geom/util/AffineTransformation.html...
Generating /workspaces/master-thesis-pascal-joos/code_cure_agent/cca_workspace/jts/modules/core/target/apidocs/org/locationtech/jts/geom/util/AffineTransformationBuilder.html...
Generating /workspaces/master-thesis-pascal-joos/code_cure_agent/cca_workspace/jts/modules/core/target/apidocs/org/locationtech/jts/geom/util/AffineTransformationFactory.html...
Generating /workspaces/master-thesis-pascal-joos/code_cure_agent/cca_workspace/jts/modules/core/target/apidocs/org/locationtech/jts/geom/util/ComponentCoordinateExtracter.html...
Generating /workspaces/master-thesis-pascal-joos/code_cure_agent/cca_workspace/jts/modules/core/target/apidocs/org/locationtech/jts/geom/util/GeometryCollectionMapper.html...
Generating /workspaces/master-thesis-pascal-joos/code_cure_agent/cca_workspace/jts/modules/core/target/apidocs/org/locationtech/jts/geom/util/GeometryCombiner.html...
Generating /workspaces/master-thesis-pascal-joos/code_cure_agent/cca_workspace/jts/modules/core/target/apidocs/org/locationtech/jts/geom/util/GeometryEditor.html...
Generating /workspaces/master-thesis-pascal-joos/code_cure_agent/cca_workspace/jts/modules/core/target/apidocs/org/locationtech/jts/geom/util/GeometryEditor.CoordinateOperation.html...
Generating /workspaces/master-thesis-pascal-joos/code_cure_agent/cca_workspace/jts/modules/core/target/apidocs/org/locationtech/jts/geom/util/GeometryEditor.CoordinateSequenceOperation.html...
Generating /workspaces/master-thesis-pascal-joos/code_cure_agent/cca_workspace/jts/modules/core/target/apidocs/org/locationtech/jts/geom/util/GeometryEditor.GeometryEditorOperation.html...
Generating /workspaces/master-thesis-pascal-joos/code_cure_agent/cca_workspace/jts/modules/core/target/apidocs/org/locationtech/jts/geom/util/GeometryEditor.NoOpGeometryOperation.html...
Generating /workspaces/master-thesis-pascal-joos/code_cure_agent/cca_workspace/jts/modules/core/target/apidocs/org/locationtech/jts/geom/util/GeometryExtracter.html...
Generating /workspaces/master-thesis-pascal-joos/code_cure_agent/cca_workspace/jts/modules/core/target/apidocs/org/locationtech/jts/geom/util/GeometryMapper.html...
Generating /workspaces/master-thesis-pascal-joos/code_cure_agent/cca_workspace/jts/modules/core/target/apidocs/org/locationtech/jts/geom/util/GeometryMapper.MapOp.html...
Generating /workspaces/master-thesis-pascal-joos/code_cure_agent/cca_workspace/jts/modules/core/target/apidocs/org/locationtech/jts/geom/util/GeometryTransformer.html...
Generating /workspaces/master-thesis-pascal-joos/code_cure_agent/cca_workspace/jts/modules/core/target/apidocs/org/locationtech/jts/geom/util/LinearComponentExtracter.html...
Generating /workspaces/master-thesis-pascal-joos/code_cure_agent/cca_workspace/jts/modules/core/target/apidocs/org/locationtech/jts/geom/util/LineStringExtracter.html...
Generating /workspaces/master-thesis-pascal-joos/code_cure_agent/cca_workspace/jts/modules/core/target/apidocs/org/locationtech/jts/geom/util/NoninvertibleTransformationException.html...
Generating /workspaces/master-thesis-pascal-joos/code_cure_agent/cca_workspace/jts/modules/core/target/apidocs/org/locationtech/jts/geom/util/PointExtracter.html...
Generating /workspaces/master-thesis-pascal-joos/code_cure_agent/cca_workspace/jts/modules/core/target/apidocs/org/locationtech/jts/geom/util/PolygonExtracter.html...
Generating /workspaces/master-thesis-pascal-joos/code_cure_agent/cca_workspace/jts/modules/core/target/apidocs/org/locationtech/jts/geom/util/ShortCircuitedGeometryVisitor.html...
Generating /workspaces/master-thesis-pascal-joos/code_cure_agent/cca_workspace/jts/modules/core/target/apidocs/org/locationtech/jts/geom/util/SineStarFactory.html...
Generating /workspaces/master-thesis-pascal-joos/code_cure_agent/cca_workspace/jts/modules/core/target/apidocs/org/locationtech/jts/geomgraph/Depth.html...
Generating /workspaces/master-thesis-pascal-joos/code_cure_agent/cca_workspace/jts/modules/core/target/apidocs/org/locationtech/jts/geomgraph/DirectedEdge.html...
Generating /workspaces/master-thesis-pascal-joos/code_cure_agent/cca_workspace/jts/modules/core/target/apidocs/org/locationtech/jts/geomgraph/DirectedEdgeStar.html...
Generating /workspaces/master-thesis-pascal-joos/code_cure_agent/cca_workspace/jts/modules/core/target/apidocs/org/locationtech/jts/geomgraph/Edge.html...
Generating /workspaces/master-thesis-pascal-joos/code_cure_agent/cca_workspace/jts/modules/core/target/apidocs/org/locationtech/jts/geomgraph/EdgeEnd.html...
Generating /workspaces/master-thesis-pascal-joos/code_cure_agent/cca_workspace/jts/modules/core/target/apidocs/org/locationtech/jts/geomgraph/EdgeEndStar.html...
Generating /workspaces/master-thesis-pascal-joos/code_cure_agent/cca_workspace/jts/modules/core/target/apidocs/org/locationtech/jts/geomgraph/EdgeIntersection.html...
Generating /workspaces/master-thesis-pascal-joos/code_cure_agent/cca_workspace/jts/modules/core/target/apidocs/org/locationtech/jts/geomgraph/EdgeIntersectionList.html...
Generating /workspaces/master-thesis-pascal-joos/code_cure_agent/cca_workspace/jts/modules/core/target/apidocs/org/locationtech/jts/geomgraph/EdgeList.html...
Generating /workspaces/master-thesis-pascal-joos/code_cure_agent/cca_workspace/jts/modules/core/target/apidocs/org/locationtech/jts/geomgraph/EdgeNodingValidator.html...
Generating /workspaces/master-thesis-pascal-joos/code_cure_agent/cca_workspace/jts/modules/core/target/apidocs/org/locationtech/jts/geomgraph/EdgeRing.html...
Generating /workspaces/master-thesis-pascal-joos/code_cure_agent/cca_workspace/jts/modules/core/target/apidocs/org/locationtech/jts/geomgraph/GeometryGraph.html...
Generating /workspaces/master-thesis-pascal-joos/code_cure_agent/cca_workspace/jts/modules/core/target/apidocs/org/locationtech/jts/geomgraph/GraphComponent.html...
Generating /workspaces/master-thesis-pascal-joos/code_cure_agent/cca_workspace/jts/modules/core/target/apidocs/org/locationtech/jts/geomgraph/Label.html...
Generating /workspaces/master-thesis-pascal-joos/code_cure_agent/cca_workspace/jts/modules/core/target/apidocs/org/locationtech/jts/geomgraph/Node.html...
Generating /workspaces/master-thesis-pascal-joos/code_cure_agent/cca_workspace/jts/modules/core/target/apidocs/org/locationtech/jts/geomgraph/NodeFactory.html...
Generating /workspaces/master-thesis-pascal-joos/code_cure_agent/cca_workspace/jts/modules/core/target/apidocs/org/locationtech/jts/geomgraph/NodeMap.html...
Generating /workspaces/master-thesis-pascal-joos/code_cure_agent/cca_workspace/jts/modules/core/target/apidocs/org/locationtech/jts/geomgraph/PlanarGraph.html...
Generating /workspaces/master-thesis-pascal-joos/code_cure_agent/cca_workspace/jts/modules/core/target/apidocs/org/locationtech/jts/geomgraph/TopologyLocation.html...
Generating /workspaces/master-thesis-pascal-joos/code_cure_agent/cca_workspace/jts/modules/core/target/apidocs/org/locationtech/jts/geomgraph/index/EdgeSetIntersector.html...
Generating /workspaces/master-thesis-pascal-joos/code_cure_agent/cca_workspace/jts/modules/core/target/apidocs/org/locationtech/jts/geomgraph/index/MonotoneChain.html...
Generating /workspaces/master-thesis-pascal-joos/code_cure_agent/cca_workspace/jts/modules/core/target/apidocs/org/locationtech/jts/geomgraph/index/MonotoneChainEdge.html...
Generating /workspaces/master-thesis-pascal-joos/code_cure_agent/cca_workspace/jts/modules/core/target/apidocs/org/locationtech/jts/geomgraph/index/MonotoneChainIndexer.html...
Generating /workspaces/master-thesis-pascal-joos/code_cure_agent/cca_workspace/jts/modules/core/target/apidocs/org/locationtech/jts/geomgraph/index/SegmentIntersector.html...
Generating /workspaces/master-thesis-pascal-joos/code_cure_agent/cca_workspace/jts/modules/core/target/apidocs/org/locationtech/jts/geomgraph/index/SimpleEdgeSetIntersector.html...
Generating /workspaces/master-thesis-pascal-joos/code_cure_agent/cca_workspace/jts/modules/core/target/apidocs/org/locationtech/jts/geomgraph/index/SimpleMCSweepLineIntersector.html...
Generating /workspaces/master-thesis-pascal-joos/code_cure_agent/cca_workspace/jts/modules/core/target/apidocs/org/locationtech/jts/geomgraph/index/SimpleSweepLineIntersector.html...
Generating /workspaces/master-thesis-pascal-joos/code_cure_agent/cca_workspace/jts/modules/core/target/apidocs/org/locationtech/jts/geomgraph/index/SweepLineEvent.html...
Generating /workspaces/master-thesis-pascal-joos/code_cure_agent/cca_workspace/jts/modules/core/target/apidocs/org/locationtech/jts/geomgraph/index/SweepLineSegment.html...
Generating /workspaces/master-thesis-pascal-joos/code_cure_agent/cca_workspace/jts/modules/core/target/apidocs/org/locationtech/jts/index/ArrayListVisitor.html...
Generating /workspaces/master-thesis-pascal-joos/code_cure_agent/cca_workspace/jts/modules/core/target/apidocs/org/locationtech/jts/index/ItemVisitor.html...
Generating /workspaces/master-thesis-pascal-joos/code_cure_agent/cca_workspace/jts/modules/core/target/apidocs/org/locationtech/jts/index/SpatialIndex.html...
Generating /workspaces/master-thesis-pascal-joos/code_cure_agent/cca_workspace/jts/modules/core/target/apidocs/org/locationtech/jts/index/bintree/Bintree.html...
Generating /workspaces/master-thesis-pascal-joos/code_cure_agent/cca_workspace/jts/modules/core/target/apidocs/org/locationtech/jts/index/bintree/Interval.html...
Generating /workspaces/master-thesis-pascal-joos/code_cure_agent/cca_workspace/jts/modules/core/target/apidocs/org/locationtech/jts/index/bintree/Key.html...
Generating /workspaces/master-thesis-pascal-joos/code_cure_agent/cca_workspace/jts/modules/core/target/apidocs/org/locationtech/jts/index/bintree/Node.html...
Generating /workspaces/master-thesis-pascal-joos/code_cure_agent/cca_workspace/jts/modules/core/target/apidocs/org/locationtech/jts/index/bintree/NodeBase.html...
Generating /workspaces/master-thesis-pascal-joos/code_cure_agent/cca_workspace/jts/modules/core/target/apidocs/org/locationtech/jts/index/bintree/Root.html...
Generating /workspaces/master-thesis-pascal-joos/code_cure_agent/cca_workspace/jts/modules/core/target/apidocs/org/locationtech/jts/index/chain/MonotoneChain.html...
Generating /workspaces/master-thesis-pascal-joos/code_cure_agent/cca_workspace/jts/modules/core/target/apidocs/org/locationtech/jts/index/chain/MonotoneChainBuilder.html...
Generating /workspaces/master-thesis-pascal-joos/code_cure_agent/cca_workspace/jts/modules/core/target/apidocs/org/locationtech/jts/index/chain/MonotoneChainOverlapAction.html...
Generating /workspaces/master-thesis-pascal-joos/code_cure_agent/cca_workspace/jts/modules/core/target/apidocs/org/locationtech/jts/index/chain/MonotoneChainSelectAction.html...
Generating /workspaces/master-thesis-pascal-joos/code_cure_agent/cca_workspace/jts/modules/core/target/apidocs/org/locationtech/jts/index/hprtree/HilbertEncoder.html...
Generating /workspaces/master-thesis-pascal-joos/code_cure_agent/cca_workspace/jts/modules/core/target/apidocs/org/locationtech/jts/index/hprtree/HPRtree.html...
Generating /workspaces/master-thesis-pascal-joos/code_cure_agent/cca_workspace/jts/modules/core/target/apidocs/org/locationtech/jts/index/hprtree/Item.html...
Generating /workspaces/master-thesis-pascal-joos/code_cure_agent/cca_workspace/jts/modules/core/target/apidocs/org/locationtech/jts/index/intervalrtree/IntervalRTreeBranchNode.html...
Generating /workspaces/master-thesis-pascal-joos/code_cure_agent/cca_workspace/jts/modules/core/target/apidocs/org/locationtech/jts/index/intervalrtree/IntervalRTreeLeafNode.html...
Generating /workspaces/master-thesis-pascal-joos/code_cure_agent/cca_workspace/jts/modules/core/target/apidocs/org/locationtech/jts/index/intervalrtree/IntervalRTreeNode.html...
Generating /workspaces/master-thesis-pascal-joos/code_cure_agent/cca_workspace/jts/modules/core/target/apidocs/org/locationtech/jts/index/intervalrtree/IntervalRTreeNode.NodeComparator.html...
Generating /workspaces/master-thesis-pascal-joos/code_cure_agent/cca_workspace/jts/modules/core/target/apidocs/org/locationtech/jts/index/intervalrtree/SortedPackedIntervalRTree.html...
Generating /workspaces/master-thesis-pascal-joos/code_cure_agent/cca_workspace/jts/modules/core/target/apidocs/org/locationtech/jts/index/kdtree/KdNode.html...
Generating /workspaces/master-thesis-pascal-joos/code_cure_agent/cca_workspace/jts/modules/core/target/apidocs/org/locationtech/jts/index/kdtree/KdNodeVisitor.html...
Generating /workspaces/master-thesis-pascal-joos/code_cure_agent/cca_workspace/jts/modules/core/target/apidocs/org/locationtech/jts/index/kdtree/KdTree.html...
Generating /workspaces/master-thesis-pascal-joos/code_cure_agent/cca_workspace/jts/modules/core/target/apidocs/org/locationtech/jts/index/quadtree/DoubleBits.html...
Generating /workspaces/master-thesis-pascal-joos/code_cure_agent/cca_workspace/jts/modules/core/target/apidocs/org/locationtech/jts/index/quadtree/IntervalSize.html...
Generating /workspaces/master-thesis-pascal-joos/code_cure_agent/cca_workspace/jts/modules/core/target/apidocs/org/locationtech/jts/index/quadtree/Key.html...
Generating /workspaces/master-thesis-pascal-joos/code_cure_agent/cca_workspace/jts/modules/core/target/apidocs/org/locationtech/jts/index/quadtree/Node.html...
Generating /workspaces/master-thesis-pascal-joos/code_cure_agent/cca_workspace/jts/modules/core/target/apidocs/org/locationtech/jts/index/quadtree/NodeBase.html...
Generating /workspaces/master-thesis-pascal-joos/code_cure_agent/cca_workspace/jts/modules/core/target/apidocs/org/locationtech/jts/index/quadtree/Quadtree.html...
Generating /workspaces/master-thesis-pascal-joos/code_cure_agent/cca_workspace/jts/modules/core/target/apidocs/org/locationtech/jts/index/quadtree/Root.html...
Generating /workspaces/master-thesis-pascal-joos/code_cure_agent/cca_workspace/jts/modules/core/target/apidocs/org/locationtech/jts/index/strtree/AbstractNode.html...
Generating /workspaces/master-thesis-pascal-joos/code_cure_agent/cca_workspace/jts/modules/core/target/apidocs/org/locationtech/jts/index/strtree/AbstractSTRtree.html...
Generating /workspaces/master-thesis-pascal-joos/code_cure_agent/cca_workspace/jts/modules/core/target/apidocs/org/locationtech/jts/index/strtree/Boundable.html...
Generating /workspaces/master-thesis-pascal-joos/code_cure_agent/cca_workspace/jts/modules/core/target/apidocs/org/locationtech/jts/index/strtree/BoundablePairDistanceComparator.html...
Generating /workspaces/master-thesis-pascal-joos/code_cure_agent/cca_workspace/jts/modules/core/target/apidocs/org/locationtech/jts/index/strtree/EnvelopeDistance.html...
Generating /workspaces/master-thesis-pascal-joos/code_cure_agent/cca_workspace/jts/modules/core/target/apidocs/org/locationtech/jts/index/strtree/GeometryItemDistance.html...
Generating /workspaces/master-thesis-pascal-joos/code_cure_agent/cca_workspace/jts/modules/core/target/apidocs/org/locationtech/jts/index/strtree/Interval.html...
Generating /workspaces/master-thesis-pascal-joos/code_cure_agent/cca_workspace/jts/modules/core/target/apidocs/org/locationtech/jts/index/strtree/ItemBoundable.html...
Generating /workspaces/master-thesis-pascal-joos/code_cure_agent/cca_workspace/jts/modules/core/target/apidocs/org/locationtech/jts/index/strtree/ItemDistance.html...
Generating /workspaces/master-thesis-pascal-joos/code_cure_agent/cca_workspace/jts/modules/core/target/apidocs/org/locationtech/jts/index/strtree/SIRtree.html...
Generating /workspaces/master-thesis-pascal-joos/code_cure_agent/cca_workspace/jts/modules/core/target/apidocs/org/locationtech/jts/index/strtree/STRtree.html...
Generating /workspaces/master-thesis-pascal-joos/code_cure_agent/cca_workspace/jts/modules/core/target/apidocs/org/locationtech/jts/index/sweepline/SweepLineEvent.html...
Generating /workspaces/master-thesis-pascal-joos/code_cure_agent/cca_workspace/jts/modules/core/target/apidocs/org/locationtech/jts/index/sweepline/SweepLineIndex.html...
Generating /workspaces/master-thesis-pascal-joos/code_cure_agent/cca_workspace/jts/modules/core/target/apidocs/org/locationtech/jts/index/sweepline/SweepLineInterval.html...
Generating /workspaces/master-thesis-pascal-joos/code_cure_agent/cca_workspace/jts/modules/core/target/apidocs/org/locationtech/jts/index/sweepline/SweepLineOverlapAction.html...
Generating /workspaces/master-thesis-pascal-joos/code_cure_agent/cca_workspace/jts/modules/core/target/apidocs/org/locationtech/jts/io/ByteArrayInStream.html...
Generating /workspaces/master-thesis-pascal-joos/code_cure_agent/cca_workspace/jts/modules/core/target/apidocs/org/locationtech/jts/io/ByteOrderDataInStream.html...
Generating /workspaces/master-thesis-pascal-joos/code_cure_agent/cca_workspace/jts/modules/core/target/apidocs/org/locationtech/jts/io/ByteOrderValues.html...
Generating /workspaces/master-thesis-pascal-joos/code_cure_agent/cca_workspace/jts/modules/core/target/apidocs/org/locationtech/jts/io/InputStreamInStream.html...
Generating /workspaces/master-thesis-pascal-joos/code_cure_agent/cca_workspace/jts/modules/core/target/apidocs/org/locationtech/jts/io/InStream.html...
Generating /workspaces/master-thesis-pascal-joos/code_cure_agent/cca_workspace/jts/modules/core/target/apidocs/org/locationtech/jts/io/Ordinate.html...
Generating /workspaces/master-thesis-pascal-joos/code_cure_agent/cca_workspace/jts/modules/core/target/apidocs/org/locationtech/jts/io/OrdinateFormat.html...
Generating /workspaces/master-thesis-pascal-joos/code_cure_agent/cca_workspace/jts/modules/core/target/apidocs/org/locationtech/jts/io/OutputStreamOutStream.html...
Generating /workspaces/master-thesis-pascal-joos/code_cure_agent/cca_workspace/jts/modules/core/target/apidocs/org/locationtech/jts/io/OutStream.html...
Generating /workspaces/master-thesis-pascal-joos/code_cure_agent/cca_workspace/jts/modules/core/target/apidocs/org/locationtech/jts/io/ParseException.html...
Generating /workspaces/master-thesis-pascal-joos/code_cure_agent/cca_workspace/jts/modules/core/target/apidocs/org/locationtech/jts/io/WKBConstants.html...
Generating /workspaces/master-thesis-pascal-joos/code_cure_agent/cca_workspace/jts/modules/core/target/apidocs/org/locationtech/jts/io/WKBHexFileReader.html...
Generating /workspaces/master-thesis-pascal-joos/code_cure_agent/cca_workspace/jts/modules/core/target/apidocs/org/locationtech/jts/io/WKBReader.html...
Generating /workspaces/master-thesis-pascal-joos/code_cure_agent/cca_workspace/jts/modules/core/target/apidocs/org/locationtech/jts/io/WKBWriter.html...
Generating /workspaces/master-thesis-pascal-joos/code_cure_agent/cca_workspace/jts/modules/core/target/apidocs/org/locationtech/jts/io/WKTConstants.html...
Generating /workspaces/master-thesis-pascal-joos/code_cure_agent/cca_workspace/jts/modules/core/target/apidocs/org/locationtech/jts/io/WKTFileReader.html...
Generating /workspaces/master-thesis-pascal-joos/code_cure_agent/cca_workspace/jts/modules/core/target/apidocs/org/locationtech/jts/io/WKTReader.html...
Generating /workspaces/master-thesis-pascal-joos/code_cure_agent/cca_workspace/jts/modules/core/target/apidocs/org/locationtech/jts/io/WKTWriter.html...
Generating /workspaces/master-thesis-pascal-joos/code_cure_agent/cca_workspace/jts/modules/core/target/apidocs/org/locationtech/jts/io/gml2/GeometryStrategies.html...
Generating /workspaces/master-thesis-pascal-joos/code_cure_agent/cca_workspace/jts/modules/core/target/apidocs/org/locationtech/jts/io/gml2/GMLConstants.html...
Generating /workspaces/master-thesis-pascal-joos/code_cure_agent/cca_workspace/jts/modules/core/target/apidocs/org/locationtech/jts/io/gml2/GMLHandler.html...
Generating /workspaces/master-thesis-pascal-joos/code_cure_agent/cca_workspace/jts/modules/core/target/apidocs/org/locationtech/jts/io/gml2/GMLReader.html...
Generating /workspaces/master-thesis-pascal-joos/code_cure_agent/cca_workspace/jts/modules/core/target/apidocs/org/locationtech/jts/io/gml2/GMLWriter.html...
Generating /workspaces/master-thesis-pascal-joos/code_cure_agent/cca_workspace/jts/modules/core/target/apidocs/org/locationtech/jts/io/kml/KMLReader.html...
Generating /workspaces/master-thesis-pascal-joos/code_cure_agent/cca_workspace/jts/modules/core/target/apidocs/org/locationtech/jts/io/kml/KMLWriter.html...
Generating /workspaces/master-thesis-pascal-joos/code_cure_agent/cca_workspace/jts/modules/core/target/apidocs/org/locationtech/jts/linearref/LengthIndexedLine.html...
Generating /workspaces/master-thesis-pascal-joos/code_cure_agent/cca_workspace/jts/modules/core/target/apidocs/org/locationtech/jts/linearref/LengthLocationMap.html...
Generating /workspaces/master-thesis-pascal-joos/code_cure_agent/cca_workspace/jts/modules/core/target/apidocs/org/locationtech/jts/linearref/LinearGeometryBuilder.html...
Generating /workspaces/master-thesis-pascal-joos/code_cure_agent/cca_workspace/jts/modules/core/target/apidocs/org/locationtech/jts/linearref/LinearIterator.html...
Generating /workspaces/master-thesis-pascal-joos/code_cure_agent/cca_workspace/jts/modules/core/target/apidocs/org/locationtech/jts/linearref/LinearLocation.html...
Generating /workspaces/master-thesis-pascal-joos/code_cure_agent/cca_workspace/jts/modules/core/target/apidocs/org/locationtech/jts/linearref/LocationIndexedLine.html...
Generating /workspaces/master-thesis-pascal-joos/code_cure_agent/cca_workspace/jts/modules/core/target/apidocs/org/locationtech/jts/math/DD.html...
Generating /workspaces/master-thesis-pascal-joos/code_cure_agent/cca_workspace/jts/modules/core/target/apidocs/org/locationtech/jts/math/MathUtil.html...
Generating /workspaces/master-thesis-pascal-joos/code_cure_agent/cca_workspace/jts/modules/core/target/apidocs/org/locationtech/jts/math/Matrix.html...
Generating /workspaces/master-thesis-pascal-joos/code_cure_agent/cca_workspace/jts/modules/core/target/apidocs/org/locationtech/jts/math/Plane3D.html...
Generating /workspaces/master-thesis-pascal-joos/code_cure_agent/cca_workspace/jts/modules/core/target/apidocs/org/locationtech/jts/math/Vector2D.html...
Generating /workspaces/master-thesis-pascal-joos/code_cure_agent/cca_workspace/jts/modules/core/target/apidocs/org/locationtech/jts/math/Vector3D.html...
Generating /workspaces/master-thesis-pascal-joos/code_cure_agent/cca_workspace/jts/modules/core/target/apidocs/org/locationtech/jts/noding/BasicSegmentString.html...
Generating /workspaces/master-thesis-pascal-joos/code_cure_agent/cca_workspace/jts/modules/core/target/apidocs/org/locationtech/jts/noding/FastNodingValidator.html...
Generating /workspaces/master-thesis-pascal-joos/code_cure_agent/cca_workspace/jts/modules/core/target/apidocs/org/locationtech/jts/noding/FastSegmentSetIntersectionFinder.html...
Generating /workspaces/master-thesis-pascal-joos/code_cure_agent/cca_workspace/jts/modules/core/target/apidocs/org/locationtech/jts/noding/InteriorIntersectionFinderAdder.html...
Generating /workspaces/master-thesis-pascal-joos/code_cure_agent/cca_workspace/jts/modules/core/target/apidocs/org/locationtech/jts/noding/IntersectionAdder.html...
Generating /workspaces/master-thesis-pascal-joos/code_cure_agent/cca_workspace/jts/modules/core/target/apidocs/org/locationtech/jts/noding/IntersectionFinderAdder.html...
Generating /workspaces/master-thesis-pascal-joos/code_cure_agent/cca_workspace/jts/modules/core/target/apidocs/org/locationtech/jts/noding/IteratedNoder.html...
Generating /workspaces/master-thesis-pascal-joos/code_cure_agent/cca_workspace/jts/modules/core/target/apidocs/org/locationtech/jts/noding/MCIndexNoder.html...
Generating /workspaces/master-thesis-pascal-joos/code_cure_agent/cca_workspace/jts/modules/core/target/apidocs/org/locationtech/jts/noding/MCIndexNoder.SegmentOverlapAction.html...
Generating /workspaces/master-thesis-pascal-joos/code_cure_agent/cca_workspace/jts/modules/core/target/apidocs/org/locationtech/jts/noding/MCIndexSegmentSetMutualIntersector.html...
Generating /workspaces/master-thesis-pascal-joos/code_cure_agent/cca_workspace/jts/modules/core/target/apidocs/org/locationtech/jts/noding/MCIndexSegmentSetMutualIntersector.SegmentOverlapAction.html...
Generating /workspaces/master-thesis-pascal-joos/code_cure_agent/cca_workspace/jts/modules/core/target/apidocs/org/locationtech/jts/noding/NodableSegmentString.html...
Generating /workspaces/master-thesis-pascal-joos/code_cure_agent/cca_workspace/jts/modules/core/target/apidocs/org/locationtech/jts/noding/NodedSegmentString.html...
Generating /workspaces/master-thesis-pascal-joos/code_cure_agent/cca_workspace/jts/modules/core/target/apidocs/org/locationtech/jts/noding/Noder.html...
Generating /workspaces/master-thesis-pascal-joos/code_cure_agent/cca_workspace/jts/modules/core/target/apidocs/org/locationtech/jts/noding/NodingIntersectionFinder.html...
Generating /workspaces/master-thesis-pascal-joos/code_cure_agent/cca_workspace/jts/modules/core/target/apidocs/org/locationtech/jts/noding/NodingValidator.html...
Generating /workspaces/master-thesis-pascal-joos/code_cure_agent/cca_workspace/jts/modules/core/target/apidocs/org/locationtech/jts/noding/Octant.html...
Generating /workspaces/master-thesis-pascal-joos/code_cure_agent/cca_workspace/jts/modules/core/target/apidocs/org/locationtech/jts/noding/OrientedCoordinateArray.html...
Generating /workspaces/master-thesis-pascal-joos/code_cure_agent/cca_workspace/jts/modules/core/target/apidocs/org/locationtech/jts/noding/ScaledNoder.html...
Generating /workspaces/master-thesis-pascal-joos/code_cure_agent/cca_workspace/jts/modules/core/target/apidocs/org/locationtech/jts/noding/SegmentExtractingNoder.html...
Generating /workspaces/master-thesis-pascal-joos/code_cure_agent/cca_workspace/jts/modules/core/target/apidocs/org/locationtech/jts/noding/SegmentIntersectionDetector.html...
Generating /workspaces/master-thesis-pascal-joos/code_cure_agent/cca_workspace/jts/modules/core/target/apidocs/org/locationtech/jts/noding/SegmentIntersector.html...
Generating /workspaces/master-thesis-pascal-joos/code_cure_agent/cca_workspace/jts/modules/core/target/apidocs/org/locationtech/jts/noding/SegmentNode.html...
Generating /workspaces/master-thesis-pascal-joos/code_cure_agent/cca_workspace/jts/modules/core/target/apidocs/org/locationtech/jts/noding/SegmentNodeList.html...
Generating /workspaces/master-thesis-pascal-joos/code_cure_agent/cca_workspace/jts/modules/core/target/apidocs/org/locationtech/jts/noding/SegmentPointComparator.html...
Generating /workspaces/master-thesis-pascal-joos/code_cure_agent/cca_workspace/jts/modules/core/target/apidocs/org/locationtech/jts/noding/SegmentSetMutualIntersector.html...
Generating /workspaces/master-thesis-pascal-joos/code_cure_agent/cca_workspace/jts/modules/core/target/apidocs/org/locationtech/jts/noding/SegmentString.html...
Generating /workspaces/master-thesis-pascal-joos/code_cure_agent/cca_workspace/jts/modules/core/target/apidocs/org/locationtech/jts/noding/SegmentStringDissolver.html...
Generating /workspaces/master-thesis-pascal-joos/code_cure_agent/cca_workspace/jts/modules/core/target/apidocs/org/locationtech/jts/noding/SegmentStringDissolver.SegmentStringMerger.html...
Generating /workspaces/master-thesis-pascal-joos/code_cure_agent/cca_workspace/jts/modules/core/target/apidocs/org/locationtech/jts/noding/SegmentStringUtil.html...
Generating /workspaces/master-thesis-pascal-joos/code_cure_agent/cca_workspace/jts/modules/core/target/apidocs/org/locationtech/jts/noding/SimpleNoder.html...
Generating /workspaces/master-thesis-pascal-joos/code_cure_agent/cca_workspace/jts/modules/core/target/apidocs/org/locationtech/jts/noding/SimpleSegmentSetMutualIntersector.html...
Generating /workspaces/master-thesis-pascal-joos/code_cure_agent/cca_workspace/jts/modules/core/target/apidocs/org/locationtech/jts/noding/SinglePassNoder.html...
Generating /workspaces/master-thesis-pascal-joos/code_cure_agent/cca_workspace/jts/modules/core/target/apidocs/org/locationtech/jts/noding/ValidatingNoder.html...
Generating /workspaces/master-thesis-pascal-joos/code_cure_agent/cca_workspace/jts/modules/core/target/apidocs/org/locationtech/jts/noding/snap/SnappingIntersectionAdder.html...
Generating /workspaces/master-thesis-pascal-joos/code_cure_agent/cca_workspace/jts/modules/core/target/apidocs/org/locationtech/jts/noding/snap/SnappingNoder.html...
Generating /workspaces/master-thesis-pascal-joos/code_cure_agent/cca_workspace/jts/modules/core/target/apidocs/org/locationtech/jts/noding/snap/SnappingPointIndex.html...
Generating /workspaces/master-thesis-pascal-joos/code_cure_agent/cca_workspace/jts/modules/core/target/apidocs/org/locationtech/jts/noding/snapround/GeometryNoder.html...
Generating /workspaces/master-thesis-pascal-joos/code_cure_agent/cca_workspace/jts/modules/core/target/apidocs/org/locationtech/jts/noding/snapround/HotPixel.html...
Generating /workspaces/master-thesis-pascal-joos/code_cure_agent/cca_workspace/jts/modules/core/target/apidocs/org/locationtech/jts/noding/snapround/MCIndexPointSnapper.html...
Generating /workspaces/master-thesis-pascal-joos/code_cure_agent/cca_workspace/jts/modules/core/target/apidocs/org/locationtech/jts/noding/snapround/MCIndexPointSnapper.HotPixelSnapAction.html...
Generating /workspaces/master-thesis-pascal-joos/code_cure_agent/cca_workspace/jts/modules/core/target/apidocs/org/locationtech/jts/noding/snapround/MCIndexSnapRounder.html...
Generating /workspaces/master-thesis-pascal-joos/code_cure_agent/cca_workspace/jts/modules/core/target/apidocs/org/locationtech/jts/noding/snapround/SnapRoundingIntersectionAdder.html...
Generating /workspaces/master-thesis-pascal-joos/code_cure_agent/cca_workspace/jts/modules/core/target/apidocs/org/locationtech/jts/noding/snapround/SnapRoundingNoder.html...
Generating /workspaces/master-thesis-pascal-joos/code_cure_agent/cca_workspace/jts/modules/core/target/apidocs/org/locationtech/jts/operation/BoundaryOp.html...
Generating /workspaces/master-thesis-pascal-joos/code_cure_agent/cca_workspace/jts/modules/core/target/apidocs/org/locationtech/jts/operation/GeometryGraphOperation.html...
Generating /workspaces/master-thesis-pascal-joos/code_cure_agent/cca_workspace/jts/modules/core/target/apidocs/org/locationtech/jts/operation/IsSimpleOp.html...
Generating /workspaces/master-thesis-pascal-joos/code_cure_agent/cca_workspace/jts/modules/core/target/apidocs/org/locationtech/jts/operation/buffer/BufferInputLineSimplifier.html...
Generating /workspaces/master-thesis-pascal-joos/code_cure_agent/cca_workspace/jts/modules/core/target/apidocs/org/locationtech/jts/operation/buffer/BufferOp.html...
Generating /workspaces/master-thesis-pascal-joos/code_cure_agent/cca_workspace/jts/modules/core/target/apidocs/org/locationtech/jts/operation/buffer/BufferParameters.html...
Generating /workspaces/master-thesis-pascal-joos/code_cure_agent/cca_workspace/jts/modules/core/target/apidocs/org/locationtech/jts/operation/buffer/OffsetCurveBuilder.html...
Generating /workspaces/master-thesis-pascal-joos/code_cure_agent/cca_workspace/jts/modules/core/target/apidocs/org/locationtech/jts/operation/buffer/OffsetCurveSetBuilder.html...
Generating /workspaces/master-thesis-pascal-joos/code_cure_agent/cca_workspace/jts/modules/core/target/apidocs/org/locationtech/jts/operation/buffer/VariableBuffer.html...
Generating /workspaces/master-thesis-pascal-joos/code_cure_agent/cca_workspace/jts/modules/core/target/apidocs/org/locationtech/jts/operation/buffer/validate/BufferCurveMaximumDistanceFinder.html...
Generating /workspaces/master-thesis-pascal-joos/code_cure_agent/cca_workspace/jts/modules/core/target/apidocs/org/locationtech/jts/operation/buffer/validate/BufferCurveMaximumDistanceFinder.MaxMidpointDistanceFilter.html...
Generating /workspaces/master-thesis-pascal-joos/code_cure_agent/cca_workspace/jts/modules/core/target/apidocs/org/locationtech/jts/operation/buffer/validate/BufferCurveMaximumDistanceFinder.MaxPointDistanceFilter.html...
Generating /workspaces/master-thesis-pascal-joos/code_cure_agent/cca_workspace/jts/modules/core/target/apidocs/org/locationtech/jts/operation/buffer/validate/BufferDistanceValidator.html...
Generating /workspaces/master-thesis-pascal-joos/code_cure_agent/cca_workspace/jts/modules/core/target/apidocs/org/locationtech/jts/operation/buffer/validate/BufferResultValidator.html...
Generating /workspaces/master-thesis-pascal-joos/code_cure_agent/cca_workspace/jts/modules/core/target/apidocs/org/locationtech/jts/operation/buffer/validate/DistanceToPointFinder.html...
Generating /workspaces/master-thesis-pascal-joos/code_cure_agent/cca_workspace/jts/modules/core/target/apidocs/org/locationtech/jts/operation/buffer/validate/PointPairDistance.html...
Generating /workspaces/master-thesis-pascal-joos/code_cure_agent/cca_workspace/jts/modules/core/target/apidocs/org/locationtech/jts/operation/distance/ConnectedElementLocationFilter.html...
Generating /workspaces/master-thesis-pascal-joos/code_cure_agent/cca_workspace/jts/modules/core/target/apidocs/org/locationtech/jts/operation/distance/ConnectedElementPointFilter.html...
Generating /workspaces/master-thesis-pascal-joos/code_cure_agent/cca_workspace/jts/modules/core/target/apidocs/org/locationtech/jts/operation/distance/DistanceOp.html...
Generating /workspaces/master-thesis-pascal-joos/code_cure_agent/cca_workspace/jts/modules/core/target/apidocs/org/locationtech/jts/operation/distance/FacetSequence.html...
Generating /workspaces/master-thesis-pascal-joos/code_cure_agent/cca_workspace/jts/modules/core/target/apidocs/org/locationtech/jts/operation/distance/FacetSequenceTreeBuilder.html...
Generating /workspaces/master-thesis-pascal-joos/code_cure_agent/cca_workspace/jts/modules/core/target/apidocs/org/locationtech/jts/operation/distance/GeometryLocation.html...
Generating /workspaces/master-thesis-pascal-joos/code_cure_agent/cca_workspace/jts/modules/core/target/apidocs/org/locationtech/jts/operation/distance/IndexedFacetDistance.html...
Generating /workspaces/master-thesis-pascal-joos/code_cure_agent/cca_workspace/jts/modules/core/target/apidocs/org/locationtech/jts/operation/distance3d/AxisPlaneCoordinateSequence.html...
Generating /workspaces/master-thesis-pascal-joos/code_cure_agent/cca_workspace/jts/modules/core/target/apidocs/org/locationtech/jts/operation/distance3d/Distance3DOp.html...
Generating /workspaces/master-thesis-pascal-joos/code_cure_agent/cca_workspace/jts/modules/core/target/apidocs/org/locationtech/jts/operation/distance3d/PlanarPolygon3D.html...
Generating /workspaces/master-thesis-pascal-joos/code_cure_agent/cca_workspace/jts/modules/core/target/apidocs/org/locationtech/jts/operation/linemerge/EdgeString.html...
Generating /workspaces/master-thesis-pascal-joos/code_cure_agent/cca_workspace/jts/modules/core/target/apidocs/org/locationtech/jts/operation/linemerge/LineMergeDirectedEdge.html...
Generating /workspaces/master-thesis-pascal-joos/code_cure_agent/cca_workspace/jts/modules/core/target/apidocs/org/locationtech/jts/operation/linemerge/LineMergeEdge.html...
Generating /workspaces/master-thesis-pascal-joos/code_cure_agent/cca_workspace/jts/modules/core/target/apidocs/org/locationtech/jts/operation/linemerge/LineMergeGraph.html...
Generating /workspaces/master-thesis-pascal-joos/code_cure_agent/cca_workspace/jts/modules/core/target/apidocs/org/locationtech/jts/operation/linemerge/LineMerger.html...
Generating /workspaces/master-thesis-pascal-joos/code_cure_agent/cca_workspace/jts/modules/core/target/apidocs/org/locationtech/jts/operation/linemerge/LineSequencer.html...
Generating /workspaces/master-thesis-pascal-joos/code_cure_agent/cca_workspace/jts/modules/core/target/apidocs/org/locationtech/jts/operation/overlay/ConsistentPolygonRingChecker.html...
Generating /workspaces/master-thesis-pascal-joos/code_cure_agent/cca_workspace/jts/modules/core/target/apidocs/org/locationtech/jts/operation/overlay/EdgeSetNoder.html...
Generating /workspaces/master-thesis-pascal-joos/code_cure_agent/cca_workspace/jts/modules/core/target/apidocs/org/locationtech/jts/operation/overlay/LineBuilder.html...
Generating /workspaces/master-thesis-pascal-joos/code_cure_agent/cca_workspace/jts/modules/core/target/apidocs/org/locationtech/jts/operation/overlay/MaximalEdgeRing.html...
Generating /workspaces/master-thesis-pascal-joos/code_cure_agent/cca_workspace/jts/modules/core/target/apidocs/org/locationtech/jts/operation/overlay/MinimalEdgeRing.html...
Generating /workspaces/master-thesis-pascal-joos/code_cure_agent/cca_workspace/jts/modules/core/target/apidocs/org/locationtech/jts/operation/overlay/OverlayNodeFactory.html...
Generating /workspaces/master-thesis-pascal-joos/code_cure_agent/cca_workspace/jts/modules/core/target/apidocs/org/locationtech/jts/operation/overlay/OverlayOp.html...
Generating /workspaces/master-thesis-pascal-joos/code_cure_agent/cca_workspace/jts/modules/core/target/apidocs/org/locationtech/jts/operation/overlay/PointBuilder.html...
Generating /workspaces/master-thesis-pascal-joos/code_cure_agent/cca_workspace/jts/modules/core/target/apidocs/org/locationtech/jts/operation/overlay/PolygonBuilder.html...
Generating /workspaces/master-thesis-pascal-joos/code_cure_agent/cca_workspace/jts/modules/core/target/apidocs/org/locationtech/jts/operation/overlay/snap/GeometrySnapper.html...
Generating /workspaces/master-thesis-pascal-joos/code_cure_agent/cca_workspace/jts/modules/core/target/apidocs/org/locationtech/jts/operation/overlay/snap/LineStringSnapper.html...
Generating /workspaces/master-thesis-pascal-joos/code_cure_agent/cca_workspace/jts/modules/core/target/apidocs/org/locationtech/jts/operation/overlay/snap/SnapIfNeededOverlayOp.html...
Generating /workspaces/master-thesis-pascal-joos/code_cure_agent/cca_workspace/jts/modules/core/target/apidocs/org/locationtech/jts/operation/overlay/snap/SnapOverlayOp.html...
Generating /workspaces/master-thesis-pascal-joos/code_cure_agent/cca_workspace/jts/modules/core/target/apidocs/org/locationtech/jts/operation/overlay/validate/FuzzyPointLocator.html...
Generating /workspaces/master-thesis-pascal-joos/code_cure_agent/cca_workspace/jts/modules/core/target/apidocs/org/locationtech/jts/operation/overlay/validate/OffsetPointGenerator.html...
Generating /workspaces/master-thesis-pascal-joos/code_cure_agent/cca_workspace/jts/modules/core/target/apidocs/org/locationtech/jts/operation/overlay/validate/OverlayResultValidator.html...
Generating /workspaces/master-thesis-pascal-joos/code_cure_agent/cca_workspace/jts/modules/core/target/apidocs/org/locationtech/jts/operation/overlayng/CoverageUnion.html...
Generating /workspaces/master-thesis-pascal-joos/code_cure_agent/cca_workspace/jts/modules/core/target/apidocs/org/locationtech/jts/operation/overlayng/FastOverlayFilter.html...
Generating /workspaces/master-thesis-pascal-joos/code_cure_agent/cca_workspace/jts/modules/core/target/apidocs/org/locationtech/jts/operation/overlayng/LineLimiter.html...
Generating /workspaces/master-thesis-pascal-joos/code_cure_agent/cca_workspace/jts/modules/core/target/apidocs/org/locationtech/jts/operation/overlayng/OverlayNG.html...
Generating /workspaces/master-thesis-pascal-joos/code_cure_agent/cca_workspace/jts/modules/core/target/apidocs/org/locationtech/jts/operation/overlayng/OverlayNGRobust.html...
Generating /workspaces/master-thesis-pascal-joos/code_cure_agent/cca_workspace/jts/modules/core/target/apidocs/org/locationtech/jts/operation/overlayng/PrecisionReducer.html...
Generating /workspaces/master-thesis-pascal-joos/code_cure_agent/cca_workspace/jts/modules/core/target/apidocs/org/locationtech/jts/operation/overlayng/PrecisionUtil.html...
Generating /workspaces/master-thesis-pascal-joos/code_cure_agent/cca_workspace/jts/modules/core/target/apidocs/org/locationtech/jts/operation/overlayng/RingClipper.html...
Generating /workspaces/master-thesis-pascal-joos/code_cure_agent/cca_workspace/jts/modules/core/target/apidocs/org/locationtech/jts/operation/overlayng/UnaryUnionNG.html...
Generating /workspaces/master-thesis-pascal-joos/code_cure_agent/cca_workspace/jts/modules/core/target/apidocs/org/locationtech/jts/operation/polygonize/HoleAssigner.html...
Generating /workspaces/master-thesis-pascal-joos/code_cure_agent/cca_workspace/jts/modules/core/target/apidocs/org/locationtech/jts/operation/polygonize/Polygonizer.html...
Generating /workspaces/master-thesis-pascal-joos/code_cure_agent/cca_workspace/jts/modules/core/target/apidocs/org/locationtech/jts/operation/predicate/RectangleContains.html...
Generating /workspaces/master-thesis-pascal-joos/code_cure_agent/cca_workspace/jts/modules/core/target/apidocs/org/locationtech/jts/operation/predicate/RectangleIntersects.html...
Generating /workspaces/master-thesis-pascal-joos/code_cure_agent/cca_workspace/jts/modules/core/target/apidocs/org/locationtech/jts/operation/relate/EdgeEndBuilder.html...
Generating /workspaces/master-thesis-pascal-joos/code_cure_agent/cca_workspace/jts/modules/core/target/apidocs/org/locationtech/jts/operation/relate/EdgeEndBundle.html...
Generating /workspaces/master-thesis-pascal-joos/code_cure_agent/cca_workspace/jts/modules/core/target/apidocs/org/locationtech/jts/operation/relate/EdgeEndBundleStar.html...
Generating /workspaces/master-thesis-pascal-joos/code_cure_agent/cca_workspace/jts/modules/core/target/apidocs/org/locationtech/jts/operation/relate/RelateComputer.html...
Generating /workspaces/master-thesis-pascal-joos/code_cure_agent/cca_workspace/jts/modules/core/target/apidocs/org/locationtech/jts/operation/relate/RelateNode.html...
Generating /workspaces/master-thesis-pascal-joos/code_cure_agent/cca_workspace/jts/modules/core/target/apidocs/org/locationtech/jts/operation/relate/RelateNodeFactory.html...
Generating /workspaces/master-thesis-pascal-joos/code_cure_agent/cca_workspace/jts/modules/core/target/apidocs/org/locationtech/jts/operation/relate/RelateNodeGraph.html...
Generating /workspaces/master-thesis-pascal-joos/code_cure_agent/cca_workspace/jts/modules/core/target/apidocs/org/locationtech/jts/operation/relate/RelateOp.html...
Generating /workspaces/master-thesis-pascal-joos/code_cure_agent/cca_workspace/jts/modules/core/target/apidocs/org/locationtech/jts/operation/union/CascadedPolygonUnion.html...
Generating /workspaces/master-thesis-pascal-joos/code_cure_agent/cca_workspace/jts/modules/core/target/apidocs/org/locationtech/jts/operation/union/OverlapUnion.html...
Generating /workspaces/master-thesis-pascal-joos/code_cure_agent/cca_workspace/jts/modules/core/target/apidocs/org/locationtech/jts/operation/union/PointGeometryUnion.html...
Generating /workspaces/master-thesis-pascal-joos/code_cure_agent/cca_workspace/jts/modules/core/target/apidocs/org/locationtech/jts/operation/union/UnaryUnionOp.html...
Generating /workspaces/master-thesis-pascal-joos/code_cure_agent/cca_workspace/jts/modules/core/target/apidocs/org/locationtech/jts/operation/union/UnionInteracting.html...
Generating /workspaces/master-thesis-pascal-joos/code_cure_agent/cca_workspace/jts/modules/core/target/apidocs/org/locationtech/jts/operation/union/UnionStrategy.html...
Generating /workspaces/master-thesis-pascal-joos/code_cure_agent/cca_workspace/jts/modules/core/target/apidocs/org/locationtech/jts/operation/valid/ConnectedInteriorTester.html...
Generating /workspaces/master-thesis-pascal-joos/code_cure_agent/cca_workspace/jts/modules/core/target/apidocs/org/locationtech/jts/operation/valid/ConsistentAreaTester.html...
Generating /workspaces/master-thesis-pascal-joos/code_cure_agent/cca_workspace/jts/modules/core/target/apidocs/org/locationtech/jts/operation/valid/IndexedNestedRingTester.html...
Generating /workspaces/master-thesis-pascal-joos/code_cure_agent/cca_workspace/jts/modules/core/target/apidocs/org/locationtech/jts/operation/valid/IsValidOp.html...
Generating /workspaces/master-thesis-pascal-joos/code_cure_agent/cca_workspace/jts/modules/core/target/apidocs/org/locationtech/jts/operation/valid/RepeatedPointTester.html...
Generating /workspaces/master-thesis-pascal-joos/code_cure_agent/cca_workspace/jts/modules/core/target/apidocs/org/locationtech/jts/operation/valid/TopologyValidationError.html...
Generating /workspaces/master-thesis-pascal-joos/code_cure_agent/cca_workspace/jts/modules/core/target/apidocs/org/locationtech/jts/planargraph/DirectedEdge.html...
Generating /workspaces/master-thesis-pascal-joos/code_cure_agent/cca_workspace/jts/modules/core/target/apidocs/org/locationtech/jts/planargraph/DirectedEdgeStar.html...
Generating /workspaces/master-thesis-pascal-joos/code_cure_agent/cca_workspace/jts/modules/core/target/apidocs/org/locationtech/jts/planargraph/Edge.html...
Generating /workspaces/master-thesis-pascal-joos/code_cure_agent/cca_workspace/jts/modules/core/target/apidocs/org/locationtech/jts/planargraph/GraphComponent.html...
Generating /workspaces/master-thesis-pascal-joos/code_cure_agent/cca_workspace/jts/modules/core/target/apidocs/org/locationtech/jts/planargraph/Node.html...
Generating /workspaces/master-thesis-pascal-joos/code_cure_agent/cca_workspace/jts/modules/core/target/apidocs/org/locationtech/jts/planargraph/NodeMap.html...
Generating /workspaces/master-thesis-pascal-joos/code_cure_agent/cca_workspace/jts/modules/core/target/apidocs/org/locationtech/jts/planargraph/PlanarGraph.html...
Generating /workspaces/master-thesis-pascal-joos/code_cure_agent/cca_workspace/jts/modules/core/target/apidocs/org/locationtech/jts/planargraph/Subgraph.html...
Generating /workspaces/master-thesis-pascal-joos/code_cure_agent/cca_workspace/jts/modules/core/target/apidocs/org/locationtech/jts/planargraph/algorithm/ConnectedSubgraphFinder.html...
Generating /workspaces/master-thesis-pascal-joos/code_cure_agent/cca_workspace/jts/modules/core/target/apidocs/org/locationtech/jts/precision/CommonBits.html...
Generating /workspaces/master-thesis-pascal-joos/code_cure_agent/cca_workspace/jts/modules/core/target/apidocs/org/locationtech/jts/precision/CommonBitsOp.html...
Generating /workspaces/master-thesis-pascal-joos/code_cure_agent/cca_workspace/jts/modules/core/target/apidocs/org/locationtech/jts/precision/CommonBitsRemover.html...
Generating /workspaces/master-thesis-pascal-joos/code_cure_agent/cca_workspace/jts/modules/core/target/apidocs/org/locationtech/jts/precision/CoordinatePrecisionReducerFilter.html...
Generating /workspaces/master-thesis-pascal-joos/code_cure_agent/cca_workspace/jts/modules/core/target/apidocs/org/locationtech/jts/precision/EnhancedPrecisionOp.html...
Generating /workspaces/master-thesis-pascal-joos/code_cure_agent/cca_workspace/jts/modules/core/target/apidocs/org/locationtech/jts/precision/GeometryPrecisionReducer.html...
Generating /workspaces/master-thesis-pascal-joos/code_cure_agent/cca_workspace/jts/modules/core/target/apidocs/org/locationtech/jts/precision/MinimumClearance.html...
Generating /workspaces/master-thesis-pascal-joos/code_cure_agent/cca_workspace/jts/modules/core/target/apidocs/org/locationtech/jts/precision/PrecisionReducerCoordinateOperation.html...
Generating /workspaces/master-thesis-pascal-joos/code_cure_agent/cca_workspace/jts/modules/core/target/apidocs/org/locationtech/jts/precision/SimpleGeometryPrecisionReducer.html...
Generating /workspaces/master-thesis-pascal-joos/code_cure_agent/cca_workspace/jts/modules/core/target/apidocs/org/locationtech/jts/precision/SimpleMinimumClearance.html...
Generating /workspaces/master-thesis-pascal-joos/code_cure_agent/cca_workspace/jts/modules/core/target/apidocs/org/locationtech/jts/shape/GeometricShapeBuilder.html...
Generating /workspaces/master-thesis-pascal-joos/code_cure_agent/cca_workspace/jts/modules/core/target/apidocs/org/locationtech/jts/shape/fractal/HilbertCode.html...
Generating /workspaces/master-thesis-pascal-joos/code_cure_agent/cca_workspace/jts/modules/core/target/apidocs/org/locationtech/jts/shape/fractal/HilbertCurveBuilder.html...
Generating /workspaces/master-thesis-pascal-joos/code_cure_agent/cca_workspace/jts/modules/core/target/apidocs/org/locationtech/jts/shape/fractal/KochSnowflakeBuilder.html...
Generating /workspaces/master-thesis-pascal-joos/code_cure_agent/cca_workspace/jts/modules/core/target/apidocs/org/locationtech/jts/shape/fractal/MortonCode.html...
Generating /workspaces/master-thesis-pascal-joos/code_cure_agent/cca_workspace/jts/modules/core/target/apidocs/org/locationtech/jts/shape/fractal/MortonCurveBuilder.html...
Generating /workspaces/master-thesis-pascal-joos/code_cure_agent/cca_workspace/jts/modules/core/target/apidocs/org/locationtech/jts/shape/fractal/SierpinskiCarpetBuilder.html...
Generating /workspaces/master-thesis-pascal-joos/code_cure_agent/cca_workspace/jts/modules/core/target/apidocs/org/locationtech/jts/shape/random/RandomPointsBuilder.html...
Generating /workspaces/master-thesis-pascal-joos/code_cure_agent/cca_workspace/jts/modules/core/target/apidocs/org/locationtech/jts/shape/random/RandomPointsInGridBuilder.html...
Generating /workspaces/master-thesis-pascal-joos/code_cure_agent/cca_workspace/jts/modules/core/target/apidocs/org/locationtech/jts/simplify/DouglasPeuckerSimplifier.html...
Generating /workspaces/master-thesis-pascal-joos/code_cure_agent/cca_workspace/jts/modules/core/target/apidocs/org/locationtech/jts/simplify/TaggedLineStringSimplifier.html...
Generating /workspaces/master-thesis-pascal-joos/code_cure_agent/cca_workspace/jts/modules/core/target/apidocs/org/locationtech/jts/simplify/TopologyPreservingSimplifier.html...
Generating /workspaces/master-thesis-pascal-joos/code_cure_agent/cca_workspace/jts/modules/core/target/apidocs/org/locationtech/jts/simplify/VWSimplifier.html...
Generating /workspaces/master-thesis-pascal-joos/code_cure_agent/cca_workspace/jts/modules/core/target/apidocs/org/locationtech/jts/triangulate/ConformingDelaunayTriangulationBuilder.html...
Generating /workspaces/master-thesis-pascal-joos/code_cure_agent/cca_workspace/jts/modules/core/target/apidocs/org/locationtech/jts/triangulate/ConformingDelaunayTriangulator.html...
Generating /workspaces/master-thesis-pascal-joos/code_cure_agent/cca_workspace/jts/modules/core/target/apidocs/org/locationtech/jts/triangulate/ConstraintEnforcementException.html...
Generating /workspaces/master-thesis-pascal-joos/code_cure_agent/cca_workspace/jts/modules/core/target/apidocs/org/locationtech/jts/triangulate/ConstraintSplitPointFinder.html...
Generating /workspaces/master-thesis-pascal-joos/code_cure_agent/cca_workspace/jts/modules/core/target/apidocs/org/locationtech/jts/triangulate/ConstraintVertex.html...
Generating /workspaces/master-thesis-pascal-joos/code_cure_agent/cca_workspace/jts/modules/core/target/apidocs/org/locationtech/jts/triangulate/ConstraintVertexFactory.html...
Generating /workspaces/master-thesis-pascal-joos/code_cure_agent/cca_workspace/jts/modules/core/target/apidocs/org/locationtech/jts/triangulate/DelaunayTriangulationBuilder.html...
Generating /workspaces/master-thesis-pascal-joos/code_cure_agent/cca_workspace/jts/modules/core/target/apidocs/org/locationtech/jts/triangulate/IncrementalDelaunayTriangulator.html...
Generating /workspaces/master-thesis-pascal-joos/code_cure_agent/cca_workspace/jts/modules/core/target/apidocs/org/locationtech/jts/triangulate/MidpointSplitPointFinder.html...
Generating /workspaces/master-thesis-pascal-joos/code_cure_agent/cca_workspace/jts/modules/core/target/apidocs/org/locationtech/jts/triangulate/NonEncroachingSplitPointFinder.html...
Generating /workspaces/master-thesis-pascal-joos/code_cure_agent/cca_workspace/jts/modules/core/target/apidocs/org/locationtech/jts/triangulate/Segment.html...
Generating /workspaces/master-thesis-pascal-joos/code_cure_agent/cca_workspace/jts/modules/core/target/apidocs/org/locationtech/jts/triangulate/SplitSegment.html...
Generating /workspaces/master-thesis-pascal-joos/code_cure_agent/cca_workspace/jts/modules/core/target/apidocs/org/locationtech/jts/triangulate/VertexTaggedGeometryDataMapper.html...
Generating /workspaces/master-thesis-pascal-joos/code_cure_agent/cca_workspace/jts/modules/core/target/apidocs/org/locationtech/jts/triangulate/VoronoiDiagramBuilder.html...
Generating /workspaces/master-thesis-pascal-joos/code_cure_agent/cca_workspace/jts/modules/core/target/apidocs/org/locationtech/jts/triangulate/quadedge/EdgeConnectedTriangleTraversal.html...
Generating /workspaces/master-thesis-pascal-joos/code_cure_agent/cca_workspace/jts/modules/core/target/apidocs/org/locationtech/jts/triangulate/quadedge/LastFoundQuadEdgeLocator.html...
Generating /workspaces/master-thesis-pascal-joos/code_cure_agent/cca_workspace/jts/modules/core/target/apidocs/org/locationtech/jts/triangulate/quadedge/LocateFailureException.html...
Generating /workspaces/master-thesis-pascal-joos/code_cure_agent/cca_workspace/jts/modules/core/target/apidocs/org/locationtech/jts/triangulate/quadedge/QuadEdge.html...
Generating /workspaces/master-thesis-pascal-joos/code_cure_agent/cca_workspace/jts/modules/core/target/apidocs/org/locationtech/jts/triangulate/quadedge/QuadEdgeLocator.html...
Generating /workspaces/master-thesis-pascal-joos/code_cure_agent/cca_workspace/jts/modules/core/target/apidocs/org/locationtech/jts/triangulate/quadedge/QuadEdgeSubdivision.html...
Generating /workspaces/master-thesis-pascal-joos/code_cure_agent/cca_workspace/jts/modules/core/target/apidocs/org/locationtech/jts/triangulate/quadedge/QuadEdgeTriangle.html...
Generating /workspaces/master-thesis-pascal-joos/code_cure_agent/cca_workspace/jts/modules/core/target/apidocs/org/locationtech/jts/triangulate/quadedge/QuadEdgeUtil.html...
Generating /workspaces/master-thesis-pascal-joos/code_cure_agent/cca_workspace/jts/modules/core/target/apidocs/org/locationtech/jts/triangulate/quadedge/TraversalVisitor.html...
Generating /workspaces/master-thesis-pascal-joos/code_cure_agent/cca_workspace/jts/modules/core/target/apidocs/org/locationtech/jts/triangulate/quadedge/TrianglePredicate.html...
Generating /workspaces/master-thesis-pascal-joos/code_cure_agent/cca_workspace/jts/modules/core/target/apidocs/org/locationtech/jts/triangulate/quadedge/TriangleVisitor.html...
Generating /workspaces/master-thesis-pascal-joos/code_cure_agent/cca_workspace/jts/modules/core/target/apidocs/org/locationtech/jts/triangulate/quadedge/Vertex.html...
Generating /workspaces/master-thesis-pascal-joos/code_cure_agent/cca_workspace/jts/modules/core/target/apidocs/org/locationtech/jts/util/Assert.html...
Generating /workspaces/master-thesis-pascal-joos/code_cure_agent/cca_workspace/jts/modules/core/target/apidocs/org/locationtech/jts/util/AssertionFailedException.html...
Generating /workspaces/master-thesis-pascal-joos/code_cure_agent/cca_workspace/jts/modules/core/target/apidocs/org/locationtech/jts/util/CollectionUtil.html...
Generating /workspaces/master-thesis-pascal-joos/code_cure_agent/cca_workspace/jts/modules/core/target/apidocs/org/locationtech/jts/util/CollectionUtil.Function.html...
Generating /workspaces/master-thesis-pascal-joos/code_cure_agent/cca_workspace/jts/modules/core/target/apidocs/org/locationtech/jts/util/CoordinateArrayFilter.html...
Generating /workspaces/master-thesis-pascal-joos/code_cure_agent/cca_workspace/jts/modules/core/target/apidocs/org/locationtech/jts/util/CoordinateCountFilter.html...
Generating /workspaces/master-thesis-pascal-joos/code_cure_agent/cca_workspace/jts/modules/core/target/apidocs/org/locationtech/jts/util/Debug.html...
Generating /workspaces/master-thesis-pascal-joos/code_cure_agent/cca_workspace/jts/modules/core/target/apidocs/org/locationtech/jts/util/GeometricShapeFactory.html...
Generating /workspaces/master-thesis-pascal-joos/code_cure_agent/cca_workspace/jts/modules/core/target/apidocs/org/locationtech/jts/util/IntArrayList.html...
Generating /workspaces/master-thesis-pascal-joos/code_cure_agent/cca_workspace/jts/modules/core/target/apidocs/org/locationtech/jts/util/Memory.html...
Generating /workspaces/master-thesis-pascal-joos/code_cure_agent/cca_workspace/jts/modules/core/target/apidocs/org/locationtech/jts/util/NumberUtil.html...
Generating /workspaces/master-thesis-pascal-joos/code_cure_agent/cca_workspace/jts/modules/core/target/apidocs/org/locationtech/jts/util/ObjectCounter.html...
Generating /workspaces/master-thesis-pascal-joos/code_cure_agent/cca_workspace/jts/modules/core/target/apidocs/org/locationtech/jts/util/PriorityQueue.html...
Generating /workspaces/master-thesis-pascal-joos/code_cure_agent/cca_workspace/jts/modules/core/target/apidocs/org/locationtech/jts/util/Stopwatch.html...
Generating /workspaces/master-thesis-pascal-joos/code_cure_agent/cca_workspace/jts/modules/core/target/apidocs/org/locationtech/jts/util/StringUtil.html...
Generating /workspaces/master-thesis-pascal-joos/code_cure_agent/cca_workspace/jts/modules/core/target/apidocs/org/locationtech/jts/util/TestBuilderProxy.html...
Generating /workspaces/master-thesis-pascal-joos/code_cure_agent/cca_workspace/jts/modules/core/target/apidocs/org/locationtech/jts/util/UniqueCoordinateArrayFilter.html...
Generating /workspaces/master-thesis-pascal-joos/code_cure_agent/cca_workspace/jts/modules/core/target/apidocs/org/locationtech/jts/package-summary.html...
Generating /workspaces/master-thesis-pascal-joos/code_cure_agent/cca_workspace/jts/modules/core/target/apidocs/org/locationtech/jts/package-tree.html...
Generating /workspaces/master-thesis-pascal-joos/code_cure_agent/cca_workspace/jts/modules/core/target/apidocs/org/locationtech/jts/algorithm/package-summary.html...
Generating /workspaces/master-thesis-pascal-joos/code_cure_agent/cca_workspace/jts/modules/core/target/apidocs/org/locationtech/jts/algorithm/package-tree.html...
Generating /workspaces/master-thesis-pascal-joos/code_cure_agent/cca_workspace/jts/modules/core/target/apidocs/org/locationtech/jts/algorithm/construct/package-summary.html...
Generating /workspaces/master-thesis-pascal-joos/code_cure_agent/cca_workspace/jts/modules/core/target/apidocs/org/locationtech/jts/algorithm/construct/package-tree.html...
Generating /workspaces/master-thesis-pascal-joos/code_cure_agent/cca_workspace/jts/modules/core/target/apidocs/org/locationtech/jts/algorithm/distance/package-summary.html...
Generating /workspaces/master-thesis-pascal-joos/code_cure_agent/cca_workspace/jts/modules/core/target/apidocs/org/locationtech/jts/algorithm/distance/package-tree.html...
Generating /workspaces/master-thesis-pascal-joos/code_cure_agent/cca_workspace/jts/modules/core/target/apidocs/org/locationtech/jts/algorithm/locate/package-summary.html...
Generating /workspaces/master-thesis-pascal-joos/code_cure_agent/cca_workspace/jts/modules/core/target/apidocs/org/locationtech/jts/algorithm/locate/package-tree.html...
Generating /workspaces/master-thesis-pascal-joos/code_cure_agent/cca_workspace/jts/modules/core/target/apidocs/org/locationtech/jts/algorithm/match/package-summary.html...
Generating /workspaces/master-thesis-pascal-joos/code_cure_agent/cca_workspace/jts/modules/core/target/apidocs/org/locationtech/jts/algorithm/match/package-tree.html...
Generating /workspaces/master-thesis-pascal-joos/code_cure_agent/cca_workspace/jts/modules/core/target/apidocs/org/locationtech/jts/awt/package-summary.html...
Generating /workspaces/master-thesis-pascal-joos/code_cure_agent/cca_workspace/jts/modules/core/target/apidocs/org/locationtech/jts/awt/package-tree.html...
Generating /workspaces/master-thesis-pascal-joos/code_cure_agent/cca_workspace/jts/modules/core/target/apidocs/org/locationtech/jts/densify/package-summary.html...
Generating /workspaces/master-thesis-pascal-joos/code_cure_agent/cca_workspace/jts/modules/core/target/apidocs/org/locationtech/jts/densify/package-tree.html...
Generating /workspaces/master-thesis-pascal-joos/code_cure_agent/cca_workspace/jts/modules/core/target/apidocs/org/locationtech/jts/dissolve/package-summary.html...
Generating /workspaces/master-thesis-pascal-joos/code_cure_agent/cca_workspace/jts/modules/core/target/apidocs/org/locationtech/jts/dissolve/package-tree.html...
Generating /workspaces/master-thesis-pascal-joos/code_cure_agent/cca_workspace/jts/modules/core/target/apidocs/org/locationtech/jts/edgegraph/package-summary.html...
Generating /workspaces/master-thesis-pascal-joos/code_cure_agent/cca_workspace/jts/modules/core/target/apidocs/org/locationtech/jts/edgegraph/package-tree.html...
Generating /workspaces/master-thesis-pascal-joos/code_cure_agent/cca_workspace/jts/modules/core/target/apidocs/org/locationtech/jts/geom/package-summary.html...
Generating /workspaces/master-thesis-pascal-joos/code_cure_agent/cca_workspace/jts/modules/core/target/apidocs/org/locationtech/jts/geom/package-tree.html...
Generating /workspaces/master-thesis-pascal-joos/code_cure_agent/cca_workspace/jts/modules/core/target/apidocs/org/locationtech/jts/geom/impl/package-summary.html...
Generating /workspaces/master-thesis-pascal-joos/code_cure_agent/cca_workspace/jts/modules/core/target/apidocs/org/locationtech/jts/geom/impl/package-tree.html...
Generating /workspaces/master-thesis-pascal-joos/code_cure_agent/cca_workspace/jts/modules/core/target/apidocs/org/locationtech/jts/geom/prep/package-summary.html...
Generating /workspaces/master-thesis-pascal-joos/code_cure_agent/cca_workspace/jts/modules/core/target/apidocs/org/locationtech/jts/geom/prep/package-tree.html...
Generating /workspaces/master-thesis-pascal-joos/code_cure_agent/cca_workspace/jts/modules/core/target/apidocs/org/locationtech/jts/geom/util/package-summary.html...
Generating /workspaces/master-thesis-pascal-joos/code_cure_agent/cca_workspace/jts/modules/core/target/apidocs/org/locationtech/jts/geom/util/package-tree.html...
Generating /workspaces/master-thesis-pascal-joos/code_cure_agent/cca_workspace/jts/modules/core/target/apidocs/org/locationtech/jts/geomgraph/package-summary.html...
Generating /workspaces/master-thesis-pascal-joos/code_cure_agent/cca_workspace/jts/modules/core/target/apidocs/org/locationtech/jts/geomgraph/package-tree.html...
Generating /workspaces/master-thesis-pascal-joos/code_cure_agent/cca_workspace/jts/modules/core/target/apidocs/org/locationtech/jts/geomgraph/index/package-summary.html...
Generating /workspaces/master-thesis-pascal-joos/code_cure_agent/cca_workspace/jts/modules/core/target/apidocs/org/locationtech/jts/geomgraph/index/package-tree.html...
Generating /workspaces/master-thesis-pascal-joos/code_cure_agent/cca_workspace/jts/modules/core/target/apidocs/org/locationtech/jts/index/package-summary.html...
Generating /workspaces/master-thesis-pascal-joos/code_cure_agent/cca_workspace/jts/modules/core/target/apidocs/org/locationtech/jts/index/package-tree.html...
Generating /workspaces/master-thesis-pascal-joos/code_cure_agent/cca_workspace/jts/modules/core/target/apidocs/org/locationtech/jts/index/bintree/package-summary.html...
Generating /workspaces/master-thesis-pascal-joos/code_cure_agent/cca_workspace/jts/modules/core/target/apidocs/org/locationtech/jts/index/bintree/package-tree.html...
Generating /workspaces/master-thesis-pascal-joos/code_cure_agent/cca_workspace/jts/modules/core/target/apidocs/org/locationtech/jts/index/chain/package-summary.html...
Generating /workspaces/master-thesis-pascal-joos/code_cure_agent/cca_workspace/jts/modules/core/target/apidocs/org/locationtech/jts/index/chain/package-tree.html...
Generating /workspaces/master-thesis-pascal-joos/code_cure_agent/cca_workspace/jts/modules/core/target/apidocs/org/locationtech/jts/index/hprtree/package-summary.html...
Generating /workspaces/master-thesis-pascal-joos/code_cure_agent/cca_workspace/jts/modules/core/target/apidocs/org/locationtech/jts/index/hprtree/package-tree.html...
Generating /workspaces/master-thesis-pascal-joos/code_cure_agent/cca_workspace/jts/modules/core/target/apidocs/org/locationtech/jts/index/intervalrtree/package-summary.html...
Generating /workspaces/master-thesis-pascal-joos/code_cure_agent/cca_workspace/jts/modules/core/target/apidocs/org/locationtech/jts/index/intervalrtree/package-tree.html...
Generating /workspaces/master-thesis-pascal-joos/code_cure_agent/cca_workspace/jts/modules/core/target/apidocs/org/locationtech/jts/index/kdtree/package-summary.html...
Generating /workspaces/master-thesis-pascal-joos/code_cure_agent/cca_workspace/jts/modules/core/target/apidocs/org/locationtech/jts/index/kdtree/package-tree.html...
Generating /workspaces/master-thesis-pascal-joos/code_cure_agent/cca_workspace/jts/modules/core/target/apidocs/org/locationtech/jts/index/quadtree/package-summary.html...
Generating /workspaces/master-thesis-pascal-joos/code_cure_agent/cca_workspace/jts/modules/core/target/apidocs/org/locationtech/jts/index/quadtree/package-tree.html...
Generating /workspaces/master-thesis-pascal-joos/code_cure_agent/cca_workspace/jts/modules/core/target/apidocs/org/locationtech/jts/index/strtree/package-summary.html...
Generating /workspaces/master-thesis-pascal-joos/code_cure_agent/cca_workspace/jts/modules/core/target/apidocs/org/locationtech/jts/index/strtree/package-tree.html...
Generating /workspaces/master-thesis-pascal-joos/code_cure_agent/cca_workspace/jts/modules/core/target/apidocs/org/locationtech/jts/index/sweepline/package-summary.html...
Generating /workspaces/master-thesis-pascal-joos/code_cure_agent/cca_workspace/jts/modules/core/target/apidocs/org/locationtech/jts/index/sweepline/package-tree.html...
Generating /workspaces/master-thesis-pascal-joos/code_cure_agent/cca_workspace/jts/modules/core/target/apidocs/org/locationtech/jts/io/package-summary.html...
Generating /workspaces/master-thesis-pascal-joos/code_cure_agent/cca_workspace/jts/modules/core/target/apidocs/org/locationtech/jts/io/package-tree.html...
Generating /workspaces/master-thesis-pascal-joos/code_cure_agent/cca_workspace/jts/modules/core/target/apidocs/org/locationtech/jts/io/gml2/package-summary.html...
Generating /workspaces/master-thesis-pascal-joos/code_cure_agent/cca_workspace/jts/modules/core/target/apidocs/org/locationtech/jts/io/gml2/package-tree.html...
Generating /workspaces/master-thesis-pascal-joos/code_cure_agent/cca_workspace/jts/modules/core/target/apidocs/org/locationtech/jts/io/kml/package-summary.html...
Generating /workspaces/master-thesis-pascal-joos/code_cure_agent/cca_workspace/jts/modules/core/target/apidocs/org/locationtech/jts/io/kml/package-tree.html...
Generating /workspaces/master-thesis-pascal-joos/code_cure_agent/cca_workspace/jts/modules/core/target/apidocs/org/locationtech/jts/linearref/package-summary.html...
Generating /workspaces/master-thesis-pascal-joos/code_cure_agent/cca_workspace/jts/modules/core/target/apidocs/org/locationtech/jts/linearref/package-tree.html...
Generating /workspaces/master-thesis-pascal-joos/code_cure_agent/cca_workspace/jts/modules/core/target/apidocs/org/locationtech/jts/math/package-summary.html...
Generating /workspaces/master-thesis-pascal-joos/code_cure_agent/cca_workspace/jts/modules/core/target/apidocs/org/locationtech/jts/math/package-tree.html...
Generating /workspaces/master-thesis-pascal-joos/code_cure_agent/cca_workspace/jts/modules/core/target/apidocs/org/locationtech/jts/noding/package-summary.html...
Generating /workspaces/master-thesis-pascal-joos/code_cure_agent/cca_workspace/jts/modules/core/target/apidocs/org/locationtech/jts/noding/package-tree.html...
Generating /workspaces/master-thesis-pascal-joos/code_cure_agent/cca_workspace/jts/modules/core/target/apidocs/org/locationtech/jts/noding/snap/package-summary.html...
Generating /workspaces/master-thesis-pascal-joos/code_cure_agent/cca_workspace/jts/modules/core/target/apidocs/org/locationtech/jts/noding/snap/package-tree.html...
Generating /workspaces/master-thesis-pascal-joos/code_cure_agent/cca_workspace/jts/modules/core/target/apidocs/org/locationtech/jts/noding/snapround/package-summary.html...
Generating /workspaces/master-thesis-pascal-joos/code_cure_agent/cca_workspace/jts/modules/core/target/apidocs/org/locationtech/jts/noding/snapround/package-tree.html...
Generating /workspaces/master-thesis-pascal-joos/code_cure_agent/cca_workspace/jts/modules/core/target/apidocs/org/locationtech/jts/operation/package-summary.html...
Generating /workspaces/master-thesis-pascal-joos/code_cure_agent/cca_workspace/jts/modules/core/target/apidocs/org/locationtech/jts/operation/package-tree.html...
Generating /workspaces/master-thesis-pascal-joos/code_cure_agent/cca_workspace/jts/modules/core/target/apidocs/org/locationtech/jts/operation/buffer/package-summary.html...
Generating /workspaces/master-thesis-pascal-joos/code_cure_agent/cca_workspace/jts/modules/core/target/apidocs/org/locationtech/jts/operation/buffer/package-tree.html...
Generating /workspaces/master-thesis-pascal-joos/code_cure_agent/cca_workspace/jts/modules/core/target/apidocs/org/locationtech/jts/operation/buffer/validate/package-summary.html...
Generating /workspaces/master-thesis-pascal-joos/code_cure_agent/cca_workspace/jts/modules/core/target/apidocs/org/locationtech/jts/operation/buffer/validate/package-tree.html...
Generating /workspaces/master-thesis-pascal-joos/code_cure_agent/cca_workspace/jts/modules/core/target/apidocs/org/locationtech/jts/operation/distance/package-summary.html...
Generating /workspaces/master-thesis-pascal-joos/code_cure_agent/cca_workspace/jts/modules/core/target/apidocs/org/locationtech/jts/operation/distance/package-tree.html...
Generating /workspaces/master-thesis-pascal-joos/code_cure_agent/cca_workspace/jts/modules/core/target/apidocs/org/locationtech/jts/operation/distance3d/package-summary.html...
Generating /workspaces/master-thesis-pascal-joos/code_cure_agent/cca_workspace/jts/modules/core/target/apidocs/org/locationtech/jts/operation/distance3d/package-tree.html...
Generating /workspaces/master-thesis-pascal-joos/code_cure_agent/cca_workspace/jts/modules/core/target/apidocs/org/locationtech/jts/operation/linemerge/package-summary.html...
Generating /workspaces/master-thesis-pascal-joos/code_cure_agent/cca_workspace/jts/modules/core/target/apidocs/org/locationtech/jts/operation/linemerge/package-tree.html...
Generating /workspaces/master-thesis-pascal-joos/code_cure_agent/cca_workspace/jts/modules/core/target/apidocs/org/locationtech/jts/operation/overlay/package-summary.html...
Generating /workspaces/master-thesis-pascal-joos/code_cure_agent/cca_workspace/jts/modules/core/target/apidocs/org/locationtech/jts/operation/overlay/package-tree.html...
Generating /workspaces/master-thesis-pascal-joos/code_cure_agent/cca_workspace/jts/modules/core/target/apidocs/org/locationtech/jts/operation/overlay/snap/package-summary.html...
Generating /workspaces/master-thesis-pascal-joos/code_cure_agent/cca_workspace/jts/modules/core/target/apidocs/org/locationtech/jts/operation/overlay/snap/package-tree.html...
Generating /workspaces/master-thesis-pascal-joos/code_cure_agent/cca_workspace/jts/modules/core/target/apidocs/org/locationtech/jts/operation/overlay/validate/package-summary.html...
Generating /workspaces/master-thesis-pascal-joos/code_cure_agent/cca_workspace/jts/modules/core/target/apidocs/org/locationtech/jts/operation/overlay/validate/package-tree.html...
Generating /workspaces/master-thesis-pascal-joos/code_cure_agent/cca_workspace/jts/modules/core/target/apidocs/org/locationtech/jts/operation/overlayng/package-summary.html...
Generating /workspaces/master-thesis-pascal-joos/code_cure_agent/cca_workspace/jts/modules/core/target/apidocs/org/locationtech/jts/operation/overlayng/package-tree.html...
Generating /workspaces/master-thesis-pascal-joos/code_cure_agent/cca_workspace/jts/modules/core/target/apidocs/org/locationtech/jts/operation/polygonize/package-summary.html...
Generating /workspaces/master-thesis-pascal-joos/code_cure_agent/cca_workspace/jts/modules/core/target/apidocs/org/locationtech/jts/operation/polygonize/package-tree.html...
Generating /workspaces/master-thesis-pascal-joos/code_cure_agent/cca_workspace/jts/modules/core/target/apidocs/org/locationtech/jts/operation/predicate/package-summary.html...
Generating /workspaces/master-thesis-pascal-joos/code_cure_agent/cca_workspace/jts/modules/core/target/apidocs/org/locationtech/jts/operation/predicate/package-tree.html...
Generating /workspaces/master-thesis-pascal-joos/code_cure_agent/cca_workspace/jts/modules/core/target/apidocs/org/locationtech/jts/operation/relate/package-summary.html...
Generating /workspaces/master-thesis-pascal-joos/code_cure_agent/cca_workspace/jts/modules/core/target/apidocs/org/locationtech/jts/operation/relate/package-tree.html...
Generating /workspaces/master-thesis-pascal-joos/code_cure_agent/cca_workspace/jts/modules/core/target/apidocs/org/locationtech/jts/operation/union/package-summary.html...
Generating /workspaces/master-thesis-pascal-joos/code_cure_agent/cca_workspace/jts/modules/core/target/apidocs/org/locationtech/jts/operation/union/package-tree.html...
Generating /workspaces/master-thesis-pascal-joos/code_cure_agent/cca_workspace/jts/modules/core/target/apidocs/org/locationtech/jts/operation/valid/package-summary.html...
Generating /workspaces/master-thesis-pascal-joos/code_cure_agent/cca_workspace/jts/modules/core/target/apidocs/org/locationtech/jts/operation/valid/package-tree.html...
Generating /workspaces/master-thesis-pascal-joos/code_cure_agent/cca_workspace/jts/modules/core/target/apidocs/org/locationtech/jts/planargraph/package-summary.html...
Generating /workspaces/master-thesis-pascal-joos/code_cure_agent/cca_workspace/jts/modules/core/target/apidocs/org/locationtech/jts/planargraph/package-tree.html...
Generating /workspaces/master-thesis-pascal-joos/code_cure_agent/cca_workspace/jts/modules/core/target/apidocs/org/locationtech/jts/planargraph/algorithm/package-summary.html...
Generating /workspaces/master-thesis-pascal-joos/code_cure_agent/cca_workspace/jts/modules/core/target/apidocs/org/locationtech/jts/planargraph/algorithm/package-tree.html...
Generating /workspaces/master-thesis-pascal-joos/code_cure_agent/cca_workspace/jts/modules/core/target/apidocs/org/locationtech/jts/precision/package-summary.html...
Copying file /workspaces/master-thesis-pascal-joos/code_cure_agent/cca_workspace/jts/modules/core/src/main/java/org/locationtech/jts/precision/doc-files/minClearance.png to directory /workspaces/master-thesis-pascal-joos/code_cure_agent/cca_workspace/jts/modules/core/target/apidocs/org/locationtech/jts/precision/doc-files...
Generating /workspaces/master-thesis-pascal-joos/code_cure_agent/cca_workspace/jts/modules/core/target/apidocs/org/locationtech/jts/precision/package-tree.html...
Generating /workspaces/master-thesis-pascal-joos/code_cure_agent/cca_workspace/jts/modules/core/target/apidocs/org/locationtech/jts/shape/package-summary.html...
Generating /workspaces/master-thesis-pascal-joos/code_cure_agent/cca_workspace/jts/modules/core/target/apidocs/org/locationtech/jts/shape/package-tree.html...
Generating /workspaces/master-thesis-pascal-joos/code_cure_agent/cca_workspace/jts/modules/core/target/apidocs/org/locationtech/jts/shape/fractal/package-summary.html...
Generating /workspaces/master-thesis-pascal-joos/code_cure_agent/cca_workspace/jts/modules/core/target/apidocs/org/locationtech/jts/shape/fractal/package-tree.html...
Generating /workspaces/master-thesis-pascal-joos/code_cure_agent/cca_workspace/jts/modules/core/target/apidocs/org/locationtech/jts/shape/random/package-summary.html...
Generating /workspaces/master-thesis-pascal-joos/code_cure_agent/cca_workspace/jts/modules/core/target/apidocs/org/locationtech/jts/shape/random/package-tree.html...
Generating /workspaces/master-thesis-pascal-joos/code_cure_agent/cca_workspace/jts/modules/core/target/apidocs/org/locationtech/jts/simplify/package-summary.html...
Generating /workspaces/master-thesis-pascal-joos/code_cure_agent/cca_workspace/jts/modules/core/target/apidocs/org/locationtech/jts/simplify/package-tree.html...
Generating /workspaces/master-thesis-pascal-joos/code_cure_agent/cca_workspace/jts/modules/core/target/apidocs/org/locationtech/jts/triangulate/package-summary.html...
Generating /workspaces/master-thesis-pascal-joos/code_cure_agent/cca_workspace/jts/modules/core/target/apidocs/org/locationtech/jts/triangulate/package-tree.html...
Generating /workspaces/master-thesis-pascal-joos/code_cure_agent/cca_workspace/jts/modules/core/target/apidocs/org/locationtech/jts/triangulate/quadedge/package-summary.html...
Generating /workspaces/master-thesis-pascal-joos/code_cure_agent/cca_workspace/jts/modules/core/target/apidocs/org/locationtech/jts/triangulate/quadedge/package-tree.html...
Generating /workspaces/master-thesis-pascal-joos/code_cure_agent/cca_workspace/jts/modules/core/target/apidocs/org/locationtech/jts/util/package-summary.html...
Generating /workspaces/master-thesis-pascal-joos/code_cure_agent/cca_workspace/jts/modules/core/target/apidocs/org/locationtech/jts/util/package-tree.html...
Generating /workspaces/master-thesis-pascal-joos/code_cure_agent/cca_workspace/jts/modules/core/target/apidocs/constant-values.html...
Generating /workspaces/master-thesis-pascal-joos/code_cure_agent/cca_workspace/jts/modules/core/target/apidocs/serialized-form.html...
Generating /workspaces/master-thesis-pascal-joos/code_cure_agent/cca_workspace/jts/modules/core/target/apidocs/org/locationtech/jts/algorithm/class-use/CGAlgorithms3D.html...
Generating /workspaces/master-thesis-pascal-joos/code_cure_agent/cca_workspace/jts/modules/core/target/apidocs/org/locationtech/jts/algorithm/class-use/MinimumBoundingCircle.html...
Generating /workspaces/master-thesis-pascal-joos/code_cure_agent/cca_workspace/jts/modules/core/target/apidocs/org/locationtech/jts/algorithm/class-use/InteriorPointLine.html...
Generating /workspaces/master-thesis-pascal-joos/code_cure_agent/cca_workspace/jts/modules/core/target/apidocs/org/locationtech/jts/algorithm/class-use/CGAlgorithmsDD.html...
Generating /workspaces/master-thesis-pascal-joos/code_cure_agent/cca_workspace/jts/modules/core/target/apidocs/org/locationtech/jts/algorithm/class-use/CGAlgorithms.html...
Generating /workspaces/master-thesis-pascal-joos/code_cure_agent/cca_workspace/jts/modules/core/target/apidocs/org/locationtech/jts/algorithm/class-use/Length.html...
Generating /workspaces/master-thesis-pascal-joos/code_cure_agent/cca_workspace/jts/modules/core/target/apidocs/org/locationtech/jts/algorithm/class-use/Distance.html...
Generating /workspaces/master-thesis-pascal-joos/code_cure_agent/cca_workspace/jts/modules/core/target/apidocs/org/locationtech/jts/algorithm/class-use/RobustDeterminant.html...
Generating /workspaces/master-thesis-pascal-joos/code_cure_agent/cca_workspace/jts/modules/core/target/apidocs/org/locationtech/jts/algorithm/class-use/BoundaryNodeRule.html...
Generating /workspaces/master-thesis-pascal-joos/code_cure_agent/cca_workspace/jts/modules/core/target/apidocs/org/locationtech/jts/algorithm/class-use/BoundaryNodeRule.MonoValentEndPointBoundaryNodeRule.html...
Generating /workspaces/master-thesis-pascal-joos/code_cure_agent/cca_workspace/jts/modules/core/target/apidocs/org/locationtech/jts/algorithm/class-use/BoundaryNodeRule.MultiValentEndPointBoundaryNodeRule.html...
Generating /workspaces/master-thesis-pascal-joos/code_cure_agent/cca_workspace/jts/modules/core/target/apidocs/org/locationtech/jts/algorithm/class-use/BoundaryNodeRule.EndPointBoundaryNodeRule.html...
Generating /workspaces/master-thesis-pascal-joos/code_cure_agent/cca_workspace/jts/modules/core/target/apidocs/org/locationtech/jts/algorithm/class-use/BoundaryNodeRule.Mod2BoundaryNodeRule.html...
Generating /workspaces/master-thesis-pascal-joos/code_cure_agent/cca_workspace/jts/modules/core/target/apidocs/org/locationtech/jts/algorithm/class-use/LineIntersector.html...
Generating /workspaces/master-thesis-pascal-joos/code_cure_agent/cca_workspace/jts/modules/core/target/apidocs/org/locationtech/jts/algorithm/class-use/Intersection.html...
Generating /workspaces/master-thesis-pascal-joos/code_cure_agent/cca_workspace/jts/modules/core/target/apidocs/org/locationtech/jts/algorithm/class-use/PointLocation.html...
Generating /workspaces/master-thesis-pascal-joos/code_cure_agent/cca_workspace/jts/modules/core/target/apidocs/org/locationtech/jts/algorithm/class-use/InteriorPointArea.html...
Generating /workspaces/master-thesis-pascal-joos/code_cure_agent/cca_workspace/jts/modules/core/target/apidocs/org/locationtech/jts/algorithm/class-use/NotRepresentableException.html...
Generating /workspaces/master-thesis-pascal-joos/code_cure_agent/cca_workspace/jts/modules/core/target/apidocs/org/locationtech/jts/algorithm/class-use/InteriorPointPoint.html...
Generating /workspaces/master-thesis-pascal-joos/code_cure_agent/cca_workspace/jts/modules/core/target/apidocs/org/locationtech/jts/algorithm/class-use/Angle.html...
Generating /workspaces/master-thesis-pascal-joos/code_cure_agent/cca_workspace/jts/modules/core/target/apidocs/org/locationtech/jts/algorithm/class-use/Area.html...
Generating /workspaces/master-thesis-pascal-joos/code_cure_agent/cca_workspace/jts/modules/core/target/apidocs/org/locationtech/jts/algorithm/class-use/RayCrossingCounter.html...
Generating /workspaces/master-thesis-pascal-joos/code_cure_agent/cca_workspace/jts/modules/core/target/apidocs/org/locationtech/jts/algorithm/class-use/PointLocator.html...
Generating /workspaces/master-thesis-pascal-joos/code_cure_agent/cca_workspace/jts/modules/core/target/apidocs/org/locationtech/jts/algorithm/class-use/ConvexHull.html...
Generating /workspaces/master-thesis-pascal-joos/code_cure_agent/cca_workspace/jts/modules/core/target/apidocs/org/locationtech/jts/algorithm/class-use/RectangleLineIntersector.html...
Generating /workspaces/master-thesis-pascal-joos/code_cure_agent/cca_workspace/jts/modules/core/target/apidocs/org/locationtech/jts/algorithm/class-use/InteriorPoint.html...
Generating /workspaces/master-thesis-pascal-joos/code_cure_agent/cca_workspace/jts/modules/core/target/apidocs/org/locationtech/jts/algorithm/class-use/MinimumDiameter.html...
Generating /workspaces/master-thesis-pascal-joos/code_cure_agent/cca_workspace/jts/modules/core/target/apidocs/org/locationtech/jts/algorithm/class-use/RobustLineIntersector.html...
Generating /workspaces/master-thesis-pascal-joos/code_cure_agent/cca_workspace/jts/modules/core/target/apidocs/org/locationtech/jts/algorithm/class-use/HCoordinate.html...
Generating /workspaces/master-thesis-pascal-joos/code_cure_agent/cca_workspace/jts/modules/core/target/apidocs/org/locationtech/jts/algorithm/class-use/Orientation.html...
Generating /workspaces/master-thesis-pascal-joos/code_cure_agent/cca_workspace/jts/modules/core/target/apidocs/org/locationtech/jts/algorithm/class-use/Centroid.html...
Generating /workspaces/master-thesis-pascal-joos/code_cure_agent/cca_workspace/jts/modules/core/target/apidocs/org/locationtech/jts/algorithm/construct/class-use/LargestEmptyCircle.html...
Generating /workspaces/master-thesis-pascal-joos/code_cure_agent/cca_workspace/jts/modules/core/target/apidocs/org/locationtech/jts/algorithm/construct/class-use/MaximumInscribedCircle.html...
Generating /workspaces/master-thesis-pascal-joos/code_cure_agent/cca_workspace/jts/modules/core/target/apidocs/org/locationtech/jts/algorithm/distance/class-use/DiscreteHausdorffDistance.html...
Generating /workspaces/master-thesis-pascal-joos/code_cure_agent/cca_workspace/jts/modules/core/target/apidocs/org/locationtech/jts/algorithm/distance/class-use/DiscreteHausdorffDistance.MaxDensifiedByFractionDistanceFilter.html...
Generating /workspaces/master-thesis-pascal-joos/code_cure_agent/cca_workspace/jts/modules/core/target/apidocs/org/locationtech/jts/algorithm/distance/class-use/DiscreteHausdorffDistance.MaxPointDistanceFilter.html...
Generating /workspaces/master-thesis-pascal-joos/code_cure_agent/cca_workspace/jts/modules/core/target/apidocs/org/locationtech/jts/algorithm/distance/class-use/PointPairDistance.html...
Generating /workspaces/master-thesis-pascal-joos/code_cure_agent/cca_workspace/jts/modules/core/target/apidocs/org/locationtech/jts/algorithm/distance/class-use/DistanceToPoint.html...
Generating /workspaces/master-thesis-pascal-joos/code_cure_agent/cca_workspace/jts/modules/core/target/apidocs/org/locationtech/jts/algorithm/match/class-use/SimilarityMeasure.html...
Generating /workspaces/master-thesis-pascal-joos/code_cure_agent/cca_workspace/jts/modules/core/target/apidocs/org/locationtech/jts/algorithm/match/class-use/HausdorffSimilarityMeasure.html...
Generating /workspaces/master-thesis-pascal-joos/code_cure_agent/cca_workspace/jts/modules/core/target/apidocs/org/locationtech/jts/algorithm/match/class-use/SimilarityMeasureCombiner.html...
Generating /workspaces/master-thesis-pascal-joos/code_cure_agent/cca_workspace/jts/modules/core/target/apidocs/org/locationtech/jts/algorithm/match/class-use/AreaSimilarityMeasure.html...
Generating /workspaces/master-thesis-pascal-joos/code_cure_agent/cca_workspace/jts/modules/core/target/apidocs/org/locationtech/jts/algorithm/locate/class-use/IndexedPointInAreaLocator.html...
Generating /workspaces/master-thesis-pascal-joos/code_cure_agent/cca_workspace/jts/modules/core/target/apidocs/org/locationtech/jts/algorithm/locate/class-use/SimplePointInAreaLocator.html...
Generating /workspaces/master-thesis-pascal-joos/code_cure_agent/cca_workspace/jts/modules/core/target/apidocs/org/locationtech/jts/algorithm/locate/class-use/PointOnGeometryLocator.html...
Generating /workspaces/master-thesis-pascal-joos/code_cure_agent/cca_workspace/jts/modules/core/target/apidocs/org/locationtech/jts/precision/class-use/PrecisionReducerCoordinateOperation.html...
Generating /workspaces/master-thesis-pascal-joos/code_cure_agent/cca_workspace/jts/modules/core/target/apidocs/org/locationtech/jts/precision/class-use/SimpleGeometryPrecisionReducer.html...
Generating /workspaces/master-thesis-pascal-joos/code_cure_agent/cca_workspace/jts/modules/core/target/apidocs/org/locationtech/jts/precision/class-use/MinimumClearance.html...
Generating /workspaces/master-thesis-pascal-joos/code_cure_agent/cca_workspace/jts/modules/core/target/apidocs/org/locationtech/jts/precision/class-use/CoordinatePrecisionReducerFilter.html...
Generating /workspaces/master-thesis-pascal-joos/code_cure_agent/cca_workspace/jts/modules/core/target/apidocs/org/locationtech/jts/precision/class-use/CommonBitsOp.html...
Generating /workspaces/master-thesis-pascal-joos/code_cure_agent/cca_workspace/jts/modules/core/target/apidocs/org/locationtech/jts/precision/class-use/CommonBits.html...
Generating /workspaces/master-thesis-pascal-joos/code_cure_agent/cca_workspace/jts/modules/core/target/apidocs/org/locationtech/jts/precision/class-use/GeometryPrecisionReducer.html...
Generating /workspaces/master-thesis-pascal-joos/code_cure_agent/cca_workspace/jts/modules/core/target/apidocs/org/locationtech/jts/precision/class-use/SimpleMinimumClearance.html...
Generating /workspaces/master-thesis-pascal-joos/code_cure_agent/cca_workspace/jts/modules/core/target/apidocs/org/locationtech/jts/precision/class-use/EnhancedPrecisionOp.html...
Generating /workspaces/master-thesis-pascal-joos/code_cure_agent/cca_workspace/jts/modules/core/target/apidocs/org/locationtech/jts/precision/class-use/CommonBitsRemover.html...
Generating /workspaces/master-thesis-pascal-joos/code_cure_agent/cca_workspace/jts/modules/core/target/apidocs/org/locationtech/jts/shape/class-use/GeometricShapeBuilder.html...
Generating /workspaces/master-thesis-pascal-joos/code_cure_agent/cca_workspace/jts/modules/core/target/apidocs/org/locationtech/jts/shape/fractal/class-use/KochSnowflakeBuilder.html...
Generating /workspaces/master-thesis-pascal-joos/code_cure_agent/cca_workspace/jts/modules/core/target/apidocs/org/locationtech/jts/shape/fractal/class-use/HilbertCurveBuilder.html...
Generating /workspaces/master-thesis-pascal-joos/code_cure_agent/cca_workspace/jts/modules/core/target/apidocs/org/locationtech/jts/shape/fractal/class-use/MortonCurveBuilder.html...
Generating /workspaces/master-thesis-pascal-joos/code_cure_agent/cca_workspace/jts/modules/core/target/apidocs/org/locationtech/jts/shape/fractal/class-use/MortonCode.html...
Generating /workspaces/master-thesis-pascal-joos/code_cure_agent/cca_workspace/jts/modules/core/target/apidocs/org/locationtech/jts/shape/fractal/class-use/HilbertCode.html...
Generating /workspaces/master-thesis-pascal-joos/code_cure_agent/cca_workspace/jts/modules/core/target/apidocs/org/locationtech/jts/shape/fractal/class-use/SierpinskiCarpetBuilder.html...
Generating /workspaces/master-thesis-pascal-joos/code_cure_agent/cca_workspace/jts/modules/core/target/apidocs/org/locationtech/jts/shape/random/class-use/RandomPointsBuilder.html...
Generating /workspaces/master-thesis-pascal-joos/code_cure_agent/cca_workspace/jts/modules/core/target/apidocs/org/locationtech/jts/shape/random/class-use/RandomPointsInGridBuilder.html...
Generating /workspaces/master-thesis-pascal-joos/code_cure_agent/cca_workspace/jts/modules/core/target/apidocs/org/locationtech/jts/operation/class-use/GeometryGraphOperation.html...
Generating /workspaces/master-thesis-pascal-joos/code_cure_agent/cca_workspace/jts/modules/core/target/apidocs/org/locationtech/jts/operation/class-use/BoundaryOp.html...
Generating /workspaces/master-thesis-pascal-joos/code_cure_agent/cca_workspace/jts/modules/core/target/apidocs/org/locationtech/jts/operation/class-use/IsSimpleOp.html...
Generating /workspaces/master-thesis-pascal-joos/code_cure_agent/cca_workspace/jts/modules/core/target/apidocs/org/locationtech/jts/operation/distance3d/class-use/PlanarPolygon3D.html...
Generating /workspaces/master-thesis-pascal-joos/code_cure_agent/cca_workspace/jts/modules/core/target/apidocs/org/locationtech/jts/operation/distance3d/class-use/AxisPlaneCoordinateSequence.html...
Generating /workspaces/master-thesis-pascal-joos/code_cure_agent/cca_workspace/jts/modules/core/target/apidocs/org/locationtech/jts/operation/distance3d/class-use/Distance3DOp.html...
Generating /workspaces/master-thesis-pascal-joos/code_cure_agent/cca_workspace/jts/modules/core/target/apidocs/org/locationtech/jts/operation/polygonize/class-use/Polygonizer.html...
Generating /workspaces/master-thesis-pascal-joos/code_cure_agent/cca_workspace/jts/modules/core/target/apidocs/org/locationtech/jts/operation/polygonize/class-use/HoleAssigner.html...
Generating /workspaces/master-thesis-pascal-joos/code_cure_agent/cca_workspace/jts/modules/core/target/apidocs/org/locationtech/jts/operation/buffer/class-use/BufferParameters.html...
Generating /workspaces/master-thesis-pascal-joos/code_cure_agent/cca_workspace/jts/modules/core/target/apidocs/org/locationtech/jts/operation/buffer/class-use/BufferInputLineSimplifier.html...
Generating /workspaces/master-thesis-pascal-joos/code_cure_agent/cca_workspace/jts/modules/core/target/apidocs/org/locationtech/jts/operation/buffer/class-use/OffsetCurveSetBuilder.html...
Generating /workspaces/master-thesis-pascal-joos/code_cure_agent/cca_workspace/jts/modules/core/target/apidocs/org/locationtech/jts/operation/buffer/class-use/OffsetCurveBuilder.html...
Generating /workspaces/master-thesis-pascal-joos/code_cure_agent/cca_workspace/jts/modules/core/target/apidocs/org/locationtech/jts/operation/buffer/class-use/BufferOp.html...
Generating /workspaces/master-thesis-pascal-joos/code_cure_agent/cca_workspace/jts/modules/core/target/apidocs/org/locationtech/jts/operation/buffer/class-use/VariableBuffer.html...
Generating /workspaces/master-thesis-pascal-joos/code_cure_agent/cca_workspace/jts/modules/core/target/apidocs/org/locationtech/jts/operation/buffer/validate/class-use/BufferDistanceValidator.html...
Generating /workspaces/master-thesis-pascal-joos/code_cure_agent/cca_workspace/jts/modules/core/target/apidocs/org/locationtech/jts/operation/buffer/validate/class-use/BufferResultValidator.html...
Generating /workspaces/master-thesis-pascal-joos/code_cure_agent/cca_workspace/jts/modules/core/target/apidocs/org/locationtech/jts/operation/buffer/validate/class-use/PointPairDistance.html...
Generating /workspaces/master-thesis-pascal-joos/code_cure_agent/cca_workspace/jts/modules/core/target/apidocs/org/locationtech/jts/operation/buffer/validate/class-use/DistanceToPointFinder.html...
Generating /workspaces/master-thesis-pascal-joos/code_cure_agent/cca_workspace/jts/modules/core/target/apidocs/org/locationtech/jts/operation/buffer/validate/class-use/BufferCurveMaximumDistanceFinder.html...
Generating /workspaces/master-thesis-pascal-joos/code_cure_agent/cca_workspace/jts/modules/core/target/apidocs/org/locationtech/jts/operation/buffer/validate/class-use/BufferCurveMaximumDistanceFinder.MaxMidpointDistanceFilter.html...
Generating /workspaces/master-thesis-pascal-joos/code_cure_agent/cca_workspace/jts/modules/core/target/apidocs/org/locationtech/jts/operation/buffer/validate/class-use/BufferCurveMaximumDistanceFinder.MaxPointDistanceFilter.html...
Generating /workspaces/master-thesis-pascal-joos/code_cure_agent/cca_workspace/jts/modules/core/target/apidocs/org/locationtech/jts/operation/predicate/class-use/RectangleIntersects.html...
Generating /workspaces/master-thesis-pascal-joos/code_cure_agent/cca_workspace/jts/modules/core/target/apidocs/org/locationtech/jts/operation/predicate/class-use/RectangleContains.html...
Generating /workspaces/master-thesis-pascal-joos/code_cure_agent/cca_workspace/jts/modules/core/target/apidocs/org/locationtech/jts/operation/linemerge/class-use/LineSequencer.html...
Generating /workspaces/master-thesis-pascal-joos/code_cure_agent/cca_workspace/jts/modules/core/target/apidocs/org/locationtech/jts/operation/linemerge/class-use/LineMergeGraph.html...
Generating /workspaces/master-thesis-pascal-joos/code_cure_agent/cca_workspace/jts/modules/core/target/apidocs/org/locationtech/jts/operation/linemerge/class-use/LineMergeEdge.html...
Generating /workspaces/master-thesis-pascal-joos/code_cure_agent/cca_workspace/jts/modules/core/target/apidocs/org/locationtech/jts/operation/linemerge/class-use/LineMergeDirectedEdge.html...
Generating /workspaces/master-thesis-pascal-joos/code_cure_agent/cca_workspace/jts/modules/core/target/apidocs/org/locationtech/jts/operation/linemerge/class-use/EdgeString.html...
Generating /workspaces/master-thesis-pascal-joos/code_cure_agent/cca_workspace/jts/modules/core/target/apidocs/org/locationtech/jts/operation/linemerge/class-use/LineMerger.html...
Generating /workspaces/master-thesis-pascal-joos/code_cure_agent/cca_workspace/jts/modules/core/target/apidocs/org/locationtech/jts/operation/valid/class-use/TopologyValidationError.html...
Generating /workspaces/master-thesis-pascal-joos/code_cure_agent/cca_workspace/jts/modules/core/target/apidocs/org/locationtech/jts/operation/valid/class-use/IndexedNestedRingTester.html...
Generating /workspaces/master-thesis-pascal-joos/code_cure_agent/cca_workspace/jts/modules/core/target/apidocs/org/locationtech/jts/operation/valid/class-use/ConsistentAreaTester.html...
Generating /workspaces/master-thesis-pascal-joos/code_cure_agent/cca_workspace/jts/modules/core/target/apidocs/org/locationtech/jts/operation/valid/class-use/ConnectedInteriorTester.html...
Generating /workspaces/master-thesis-pascal-joos/code_cure_agent/cca_workspace/jts/modules/core/target/apidocs/org/locationtech/jts/operation/valid/class-use/RepeatedPointTester.html...
Generating /workspaces/master-thesis-pascal-joos/code_cure_agent/cca_workspace/jts/modules/core/target/apidocs/org/locationtech/jts/operation/valid/class-use/IsValidOp.html...
Generating /workspaces/master-thesis-pascal-joos/code_cure_agent/cca_workspace/jts/modules/core/target/apidocs/org/locationtech/jts/operation/overlayng/class-use/OverlayNGRobust.html...
Generating /workspaces/master-thesis-pascal-joos/code_cure_agent/cca_workspace/jts/modules/core/target/apidocs/org/locationtech/jts/operation/overlayng/class-use/OverlayNG.html...
Generating /workspaces/master-thesis-pascal-joos/code_cure_agent/cca_workspace/jts/modules/core/target/apidocs/org/locationtech/jts/operation/overlayng/class-use/CoverageUnion.html...
Generating /workspaces/master-thesis-pascal-joos/code_cure_agent/cca_workspace/jts/modules/core/target/apidocs/org/locationtech/jts/operation/overlayng/class-use/UnaryUnionNG.html...
Generating /workspaces/master-thesis-pascal-joos/code_cure_agent/cca_workspace/jts/modules/core/target/apidocs/org/locationtech/jts/operation/overlayng/class-use/PrecisionUtil.html...
Generating /workspaces/master-thesis-pascal-joos/code_cure_agent/cca_workspace/jts/modules/core/target/apidocs/org/locationtech/jts/operation/overlayng/class-use/RingClipper.html...
Generating /workspaces/master-thesis-pascal-joos/code_cure_agent/cca_workspace/jts/modules/core/target/apidocs/org/locationtech/jts/operation/overlayng/class-use/LineLimiter.html...
Generating /workspaces/master-thesis-pascal-joos/code_cure_agent/cca_workspace/jts/modules/core/target/apidocs/org/locationtech/jts/operation/overlayng/class-use/FastOverlayFilter.html...
Generating /workspaces/master-thesis-pascal-joos/code_cure_agent/cca_workspace/jts/modules/core/target/apidocs/org/locationtech/jts/operation/overlayng/class-use/PrecisionReducer.html...
Generating /workspaces/master-thesis-pascal-joos/code_cure_agent/cca_workspace/jts/modules/core/target/apidocs/org/locationtech/jts/operation/relate/class-use/RelateComputer.html...
Generating /workspaces/master-thesis-pascal-joos/code_cure_agent/cca_workspace/jts/modules/core/target/apidocs/org/locationtech/jts/operation/relate/class-use/EdgeEndBundle.html...
Generating /workspaces/master-thesis-pascal-joos/code_cure_agent/cca_workspace/jts/modules/core/target/apidocs/org/locationtech/jts/operation/relate/class-use/EdgeEndBundleStar.html...
Generating /workspaces/master-thesis-pascal-joos/code_cure_agent/cca_workspace/jts/modules/core/target/apidocs/org/locationtech/jts/operation/relate/class-use/RelateNodeGraph.html...
Generating /workspaces/master-thesis-pascal-joos/code_cure_agent/cca_workspace/jts/modules/core/target/apidocs/org/locationtech/jts/operation/relate/class-use/RelateOp.html...
Generating /workspaces/master-thesis-pascal-joos/code_cure_agent/cca_workspace/jts/modules/core/target/apidocs/org/locationtech/jts/operation/relate/class-use/RelateNode.html...
Generating /workspaces/master-thesis-pascal-joos/code_cure_agent/cca_workspace/jts/modules/core/target/apidocs/org/locationtech/jts/operation/relate/class-use/RelateNodeFactory.html...
Generating /workspaces/master-thesis-pascal-joos/code_cure_agent/cca_workspace/jts/modules/core/target/apidocs/org/locationtech/jts/operation/relate/class-use/EdgeEndBuilder.html...
Generating /workspaces/master-thesis-pascal-joos/code_cure_agent/cca_workspace/jts/modules/core/target/apidocs/org/locationtech/jts/operation/distance/class-use/ConnectedElementLocationFilter.html...
Generating /workspaces/master-thesis-pascal-joos/code_cure_agent/cca_workspace/jts/modules/core/target/apidocs/org/locationtech/jts/operation/distance/class-use/GeometryLocation.html...
Generating /workspaces/master-thesis-pascal-joos/code_cure_agent/cca_workspace/jts/modules/core/target/apidocs/org/locationtech/jts/operation/distance/class-use/DistanceOp.html...
Generating /workspaces/master-thesis-pascal-joos/code_cure_agent/cca_workspace/jts/modules/core/target/apidocs/org/locationtech/jts/operation/distance/class-use/ConnectedElementPointFilter.html...
Generating /workspaces/master-thesis-pascal-joos/code_cure_agent/cca_workspace/jts/modules/core/target/apidocs/org/locationtech/jts/operation/distance/class-use/FacetSequence.html...
Generating /workspaces/master-thesis-pascal-joos/code_cure_agent/cca_workspace/jts/modules/core/target/apidocs/org/locationtech/jts/operation/distance/class-use/FacetSequenceTreeBuilder.html...
Generating /workspaces/master-thesis-pascal-joos/code_cure_agent/cca_workspace/jts/modules/core/target/apidocs/org/locationtech/jts/operation/distance/class-use/IndexedFacetDistance.html...
Generating /workspaces/master-thesis-pascal-joos/code_cure_agent/cca_workspace/jts/modules/core/target/apidocs/org/locationtech/jts/operation/union/class-use/OverlapUnion.html...
Generating /workspaces/master-thesis-pascal-joos/code_cure_agent/cca_workspace/jts/modules/core/target/apidocs/org/locationtech/jts/operation/union/class-use/UnionStrategy.html...
Generating /workspaces/master-thesis-pascal-joos/code_cure_agent/cca_workspace/jts/modules/core/target/apidocs/org/locationtech/jts/operation/union/class-use/CascadedPolygonUnion.html...
Generating /workspaces/master-thesis-pascal-joos/code_cure_agent/cca_workspace/jts/modules/core/target/apidocs/org/locationtech/jts/operation/union/class-use/PointGeometryUnion.html...
Generating /workspaces/master-thesis-pascal-joos/code_cure_agent/cca_workspace/jts/modules/core/target/apidocs/org/locationtech/jts/operation/union/class-use/UnionInteracting.html...
Generating /workspaces/master-thesis-pascal-joos/code_cure_agent/cca_workspace/jts/modules/core/target/apidocs/org/locationtech/jts/operation/union/class-use/UnaryUnionOp.html...
Generating /workspaces/master-thesis-pascal-joos/code_cure_agent/cca_workspace/jts/modules/core/target/apidocs/org/locationtech/jts/operation/overlay/class-use/LineBuilder.html...
Generating /workspaces/master-thesis-pascal-joos/code_cure_agent/cca_workspace/jts/modules/core/target/apidocs/org/locationtech/jts/operation/overlay/class-use/OverlayOp.html...
Generating /workspaces/master-thesis-pascal-joos/code_cure_agent/cca_workspace/jts/modules/core/target/apidocs/org/locationtech/jts/operation/overlay/class-use/MaximalEdgeRing.html...
Generating /workspaces/master-thesis-pascal-joos/code_cure_agent/cca_workspace/jts/modules/core/target/apidocs/org/locationtech/jts/operation/overlay/class-use/PolygonBuilder.html...
Generating /workspaces/master-thesis-pascal-joos/code_cure_agent/cca_workspace/jts/modules/core/target/apidocs/org/locationtech/jts/operation/overlay/class-use/MinimalEdgeRing.html...
Generating /workspaces/master-thesis-pascal-joos/code_cure_agent/cca_workspace/jts/modules/core/target/apidocs/org/locationtech/jts/operation/overlay/class-use/OverlayNodeFactory.html...
Generating /workspaces/master-thesis-pascal-joos/code_cure_agent/cca_workspace/jts/modules/core/target/apidocs/org/locationtech/jts/operation/overlay/class-use/ConsistentPolygonRingChecker.html...
Generating /workspaces/master-thesis-pascal-joos/code_cure_agent/cca_workspace/jts/modules/core/target/apidocs/org/locationtech/jts/operation/overlay/class-use/EdgeSetNoder.html...
Generating /workspaces/master-thesis-pascal-joos/code_cure_agent/cca_workspace/jts/modules/core/target/apidocs/org/locationtech/jts/operation/overlay/class-use/PointBuilder.html...
Generating /workspaces/master-thesis-pascal-joos/code_cure_agent/cca_workspace/jts/modules/core/target/apidocs/org/locationtech/jts/operation/overlay/validate/class-use/FuzzyPointLocator.html...
Generating /workspaces/master-thesis-pascal-joos/code_cure_agent/cca_workspace/jts/modules/core/target/apidocs/org/locationtech/jts/operation/overlay/validate/class-use/OffsetPointGenerator.html...
Generating /workspaces/master-thesis-pascal-joos/code_cure_agent/cca_workspace/jts/modules/core/target/apidocs/org/locationtech/jts/operation/overlay/validate/class-use/OverlayResultValidator.html...
Generating /workspaces/master-thesis-pascal-joos/code_cure_agent/cca_workspace/jts/modules/core/target/apidocs/org/locationtech/jts/operation/overlay/snap/class-use/GeometrySnapper.html...
Generating /workspaces/master-thesis-pascal-joos/code_cure_agent/cca_workspace/jts/modules/core/target/apidocs/org/locationtech/jts/operation/overlay/snap/class-use/LineStringSnapper.html...
Generating /workspaces/master-thesis-pascal-joos/code_cure_agent/cca_workspace/jts/modules/core/target/apidocs/org/locationtech/jts/operation/overlay/snap/class-use/SnapIfNeededOverlayOp.html...
Generating /workspaces/master-thesis-pascal-joos/code_cure_agent/cca_workspace/jts/modules/core/target/apidocs/org/locationtech/jts/operation/overlay/snap/class-use/SnapOverlayOp.html...
Generating /workspaces/master-thesis-pascal-joos/code_cure_agent/cca_workspace/jts/modules/core/target/apidocs/org/locationtech/jts/awt/class-use/GeometryCollectionShape.html...
Generating /workspaces/master-thesis-pascal-joos/code_cure_agent/cca_workspace/jts/modules/core/target/apidocs/org/locationtech/jts/awt/class-use/FontGlyphReader.html...
Generating /workspaces/master-thesis-pascal-joos/code_cure_agent/cca_workspace/jts/modules/core/target/apidocs/org/locationtech/jts/awt/class-use/ShapeReader.html...
Generating /workspaces/master-thesis-pascal-joos/code_cure_agent/cca_workspace/jts/modules/core/target/apidocs/org/locationtech/jts/awt/class-use/PointTransformation.html...
Generating /workspaces/master-thesis-pascal-joos/code_cure_agent/cca_workspace/jts/modules/core/target/apidocs/org/locationtech/jts/awt/class-use/ShapeWriter.html...
Generating /workspaces/master-thesis-pascal-joos/code_cure_agent/cca_workspace/jts/modules/core/target/apidocs/org/locationtech/jts/awt/class-use/ShapeCollectionPathIterator.html...
Generating /workspaces/master-thesis-pascal-joos/code_cure_agent/cca_workspace/jts/modules/core/target/apidocs/org/locationtech/jts/awt/class-use/IdentityPointTransformation.html...
Generating /workspaces/master-thesis-pascal-joos/code_cure_agent/cca_workspace/jts/modules/core/target/apidocs/org/locationtech/jts/awt/class-use/PolygonShape.html...
Generating /workspaces/master-thesis-pascal-joos/code_cure_agent/cca_workspace/jts/modules/core/target/apidocs/org/locationtech/jts/awt/class-use/PointShapeFactory.html...
Generating /workspaces/master-thesis-pascal-joos/code_cure_agent/cca_workspace/jts/modules/core/target/apidocs/org/locationtech/jts/awt/class-use/PointShapeFactory.X.html...
Generating /workspaces/master-thesis-pascal-joos/code_cure_agent/cca_workspace/jts/modules/core/target/apidocs/org/locationtech/jts/awt/class-use/PointShapeFactory.Cross.html...
Generating /workspaces/master-thesis-pascal-joos/code_cure_agent/cca_workspace/jts/modules/core/target/apidocs/org/locationtech/jts/awt/class-use/PointShapeFactory.Circle.html...
Generating /workspaces/master-thesis-pascal-joos/code_cure_agent/cca_workspace/jts/modules/core/target/apidocs/org/locationtech/jts/awt/class-use/PointShapeFactory.Triangle.html...
Generating /workspaces/master-thesis-pascal-joos/code_cure_agent/cca_workspace/jts/modules/core/target/apidocs/org/locationtech/jts/awt/class-use/PointShapeFactory.Star.html...
Generating /workspaces/master-thesis-pascal-joos/code_cure_agent/cca_workspace/jts/modules/core/target/apidocs/org/locationtech/jts/awt/class-use/PointShapeFactory.Square.html...
Generating /workspaces/master-thesis-pascal-joos/code_cure_agent/cca_workspace/jts/modules/core/target/apidocs/org/locationtech/jts/awt/class-use/PointShapeFactory.Point.html...
Generating /workspaces/master-thesis-pascal-joos/code_cure_agent/cca_workspace/jts/modules/core/target/apidocs/org/locationtech/jts/awt/class-use/PointShapeFactory.BasePointShapeFactory.html...
Generating /workspaces/master-thesis-pascal-joos/code_cure_agent/cca_workspace/jts/modules/core/target/apidocs/org/locationtech/jts/triangulate/class-use/MidpointSplitPointFinder.html...
Generating /workspaces/master-thesis-pascal-joos/code_cure_agent/cca_workspace/jts/modules/core/target/apidocs/org/locationtech/jts/triangulate/class-use/ConstraintVertexFactory.html...
Generating /workspaces/master-thesis-pascal-joos/code_cure_agent/cca_workspace/jts/modules/core/target/apidocs/org/locationtech/jts/triangulate/class-use/DelaunayTriangulationBuilder.html...
Generating /workspaces/master-thesis-pascal-joos/code_cure_agent/cca_workspace/jts/modules/core/target/apidocs/org/locationtech/jts/triangulate/class-use/NonEncroachingSplitPointFinder.html...
Generating /workspaces/master-thesis-pascal-joos/code_cure_agent/cca_workspace/jts/modules/core/target/apidocs/org/locationtech/jts/triangulate/class-use/ConformingDelaunayTriangulator.html...
Generating /workspaces/master-thesis-pascal-joos/code_cure_agent/cca_workspace/jts/modules/core/target/apidocs/org/locationtech/jts/triangulate/class-use/Segment.html...
Generating /workspaces/master-thesis-pascal-joos/code_cure_agent/cca_workspace/jts/modules/core/target/apidocs/org/locationtech/jts/triangulate/class-use/ConformingDelaunayTriangulationBuilder.html...
Generating /workspaces/master-thesis-pascal-joos/code_cure_agent/cca_workspace/jts/modules/core/target/apidocs/org/locationtech/jts/triangulate/class-use/ConstraintEnforcementException.html...
Generating /workspaces/master-thesis-pascal-joos/code_cure_agent/cca_workspace/jts/modules/core/target/apidocs/org/locationtech/jts/triangulate/class-use/ConstraintSplitPointFinder.html...
Generating /workspaces/master-thesis-pascal-joos/code_cure_agent/cca_workspace/jts/modules/core/target/apidocs/org/locationtech/jts/triangulate/class-use/VoronoiDiagramBuilder.html...
Generating /workspaces/master-thesis-pascal-joos/code_cure_agent/cca_workspace/jts/modules/core/target/apidocs/org/locationtech/jts/triangulate/class-use/IncrementalDelaunayTriangulator.html...
Generating /workspaces/master-thesis-pascal-joos/code_cure_agent/cca_workspace/jts/modules/core/target/apidocs/org/locationtech/jts/triangulate/class-use/VertexTaggedGeometryDataMapper.html...
Generating /workspaces/master-thesis-pascal-joos/code_cure_agent/cca_workspace/jts/modules/core/target/apidocs/org/locationtech/jts/triangulate/class-use/ConstraintVertex.html...
Generating /workspaces/master-thesis-pascal-joos/code_cure_agent/cca_workspace/jts/modules/core/target/apidocs/org/locationtech/jts/triangulate/class-use/SplitSegment.html...
Generating /workspaces/master-thesis-pascal-joos/code_cure_agent/cca_workspace/jts/modules/core/target/apidocs/org/locationtech/jts/triangulate/quadedge/class-use/TrianglePredicate.html...
Generating /workspaces/master-thesis-pascal-joos/code_cure_agent/cca_workspace/jts/modules/core/target/apidocs/org/locationtech/jts/triangulate/quadedge/class-use/EdgeConnectedTriangleTraversal.html...
Generating /workspaces/master-thesis-pascal-joos/code_cure_agent/cca_workspace/jts/modules/core/target/apidocs/org/locationtech/jts/triangulate/quadedge/class-use/Vertex.html...
Generating /workspaces/master-thesis-pascal-joos/code_cure_agent/cca_workspace/jts/modules/core/target/apidocs/org/locationtech/jts/triangulate/quadedge/class-use/QuadEdgeLocator.html...
Generating /workspaces/master-thesis-pascal-joos/code_cure_agent/cca_workspace/jts/modules/core/target/apidocs/org/locationtech/jts/triangulate/quadedge/class-use/TraversalVisitor.html...
Generating /workspaces/master-thesis-pascal-joos/code_cure_agent/cca_workspace/jts/modules/core/target/apidocs/org/locationtech/jts/triangulate/quadedge/class-use/QuadEdge.html...
Generating /workspaces/master-thesis-pascal-joos/code_cure_agent/cca_workspace/jts/modules/core/target/apidocs/org/locationtech/jts/triangulate/quadedge/class-use/TriangleVisitor.html...
Generating /workspaces/master-thesis-pascal-joos/code_cure_agent/cca_workspace/jts/modules/core/target/apidocs/org/locationtech/jts/triangulate/quadedge/class-use/QuadEdgeSubdivision.html...
Generating /workspaces/master-thesis-pascal-joos/code_cure_agent/cca_workspace/jts/modules/core/target/apidocs/org/locationtech/jts/triangulate/quadedge/class-use/LastFoundQuadEdgeLocator.html...
Generating /workspaces/master-thesis-pascal-joos/code_cure_agent/cca_workspace/jts/modules/core/target/apidocs/org/locationtech/jts/triangulate/quadedge/class-use/QuadEdgeUtil.html...
Generating /workspaces/master-thesis-pascal-joos/code_cure_agent/cca_workspace/jts/modules/core/target/apidocs/org/locationtech/jts/triangulate/quadedge/class-use/QuadEdgeTriangle.html...
Generating /workspaces/master-thesis-pascal-joos/code_cure_agent/cca_workspace/jts/modules/core/target/apidocs/org/locationtech/jts/triangulate/quadedge/class-use/LocateFailureException.html...
Generating /workspaces/master-thesis-pascal-joos/code_cure_agent/cca_workspace/jts/modules/core/target/apidocs/org/locationtech/jts/edgegraph/class-use/EdgeGraphBuilder.html...
Generating /workspaces/master-thesis-pascal-joos/code_cure_agent/cca_workspace/jts/modules/core/target/apidocs/org/locationtech/jts/edgegraph/class-use/EdgeGraph.html...
Generating /workspaces/master-thesis-pascal-joos/code_cure_agent/cca_workspace/jts/modules/core/target/apidocs/org/locationtech/jts/edgegraph/class-use/HalfEdge.html...
Generating /workspaces/master-thesis-pascal-joos/code_cure_agent/cca_workspace/jts/modules/core/target/apidocs/org/locationtech/jts/edgegraph/class-use/MarkHalfEdge.html...
Generating /workspaces/master-thesis-pascal-joos/code_cure_agent/cca_workspace/jts/modules/core/target/apidocs/org/locationtech/jts/geom/class-use/Lineal.html...
Generating /workspaces/master-thesis-pascal-joos/code_cure_agent/cca_workspace/jts/modules/core/target/apidocs/org/locationtech/jts/geom/class-use/CoordinateSequences.html...
Generating /workspaces/master-thesis-pascal-joos/code_cure_agent/cca_workspace/jts/modules/core/target/apidocs/org/locationtech/jts/geom/class-use/GeometryFilter.html...
Generating /workspaces/master-thesis-pascal-joos/code_cure_agent/cca_workspace/jts/modules/core/target/apidocs/org/locationtech/jts/geom/class-use/PrecisionModel.html...
Generating /workspaces/master-thesis-pascal-joos/code_cure_agent/cca_workspace/jts/modules/core/target/apidocs/org/locationtech/jts/geom/class-use/PrecisionModel.Type.html...
Generating /workspaces/master-thesis-pascal-joos/code_cure_agent/cca_workspace/jts/modules/core/target/apidocs/org/locationtech/jts/geom/class-use/IntersectionMatrix.html...
Generating /workspaces/master-thesis-pascal-joos/code_cure_agent/cca_workspace/jts/modules/core/target/apidocs/org/locationtech/jts/geom/class-use/Position.html...
Generating /workspaces/master-thesis-pascal-joos/code_cure_agent/cca_workspace/jts/modules/core/target/apidocs/org/locationtech/jts/geom/class-use/CoordinateSequenceComparator.html...
Generating /workspaces/master-thesis-pascal-joos/code_cure_agent/cca_workspace/jts/modules/core/target/apidocs/org/locationtech/jts/geom/class-use/Point.html...
Generating /workspaces/master-thesis-pascal-joos/code_cure_agent/cca_workspace/jts/modules/core/target/apidocs/org/locationtech/jts/geom/class-use/GeometryFactory.html...
Generating /workspaces/master-thesis-pascal-joos/code_cure_agent/cca_workspace/jts/modules/core/target/apidocs/org/locationtech/jts/geom/class-use/LineString.html...
Generating /workspaces/master-thesis-pascal-joos/code_cure_agent/cca_workspace/jts/modules/core/target/apidocs/org/locationtech/jts/geom/class-use/Triangle.html...
Generating /workspaces/master-thesis-pascal-joos/code_cure_agent/cca_workspace/jts/modules/core/target/apidocs/org/locationtech/jts/geom/class-use/OctagonalEnvelope.html...
Generating /workspaces/master-thesis-pascal-joos/code_cure_agent/cca_workspace/jts/modules/core/target/apidocs/org/locationtech/jts/geom/class-use/Envelope.html...
Generating /workspaces/master-thesis-pascal-joos/code_cure_agent/cca_workspace/jts/modules/core/target/apidocs/org/locationtech/jts/geom/class-use/MultiPoint.html...
Generating /workspaces/master-thesis-pascal-joos/code_cure_agent/cca_workspace/jts/modules/core/target/apidocs/org/locationtech/jts/geom/class-use/LineSegment.html...
Generating /workspaces/master-thesis-pascal-joos/code_cure_agent/cca_workspace/jts/modules/core/target/apidocs/org/locationtech/jts/geom/class-use/CoordinateList.html...
Generating /workspaces/master-thesis-pascal-joos/code_cure_agent/cca_workspace/jts/modules/core/target/apidocs/org/locationtech/jts/geom/class-use/Geometry.html...
Generating /workspaces/master-thesis-pascal-joos/code_cure_agent/cca_workspace/jts/modules/core/target/apidocs/org/locationtech/jts/geom/class-use/CoordinateXYZM.html...
Generating /workspaces/master-thesis-pascal-joos/code_cure_agent/cca_workspace/jts/modules/core/target/apidocs/org/locationtech/jts/geom/class-use/CoordinateXY.html...
Generating /workspaces/master-thesis-pascal-joos/code_cure_agent/cca_workspace/jts/modules/core/target/apidocs/org/locationtech/jts/geom/class-use/Polygonal.html...
Generating /workspaces/master-thesis-pascal-joos/code_cure_agent/cca_workspace/jts/modules/core/target/apidocs/org/locationtech/jts/geom/class-use/CoordinateSequence.html...
Generating /workspaces/master-thesis-pascal-joos/code_cure_agent/cca_workspace/jts/modules/core/target/apidocs/org/locationtech/jts/geom/class-use/GeometryCollection.html...
Generating /workspaces/master-thesis-pascal-joos/code_cure_agent/cca_workspace/jts/modules/core/target/apidocs/org/locationtech/jts/geom/class-use/Coordinates.html...
Generating /workspaces/master-thesis-pascal-joos/code_cure_agent/cca_workspace/jts/modules/core/target/apidocs/org/locationtech/jts/geom/class-use/CoordinateSequenceFilter.html...
Generating /workspaces/master-thesis-pascal-joos/code_cure_agent/cca_workspace/jts/modules/core/target/apidocs/org/locationtech/jts/geom/class-use/CoordinateSequenceFactory.html...
Generating /workspaces/master-thesis-pascal-joos/code_cure_agent/cca_workspace/jts/modules/core/target/apidocs/org/locationtech/jts/geom/class-use/GeometryComponentFilter.html...
Generating /workspaces/master-thesis-pascal-joos/code_cure_agent/cca_workspace/jts/modules/core/target/apidocs/org/locationtech/jts/geom/class-use/MultiPolygon.html...
Generating /workspaces/master-thesis-pascal-joos/code_cure_agent/cca_workspace/jts/modules/core/target/apidocs/org/locationtech/jts/geom/class-use/CoordinateFilter.html...
Generating /workspaces/master-thesis-pascal-joos/code_cure_agent/cca_workspace/jts/modules/core/target/apidocs/org/locationtech/jts/geom/class-use/Coordinate.html...
Generating /workspaces/master-thesis-pascal-joos/code_cure_agent/cca_workspace/jts/modules/core/target/apidocs/org/locationtech/jts/geom/class-use/Coordinate.DimensionalComparator.html...
Generating /workspaces/master-thesis-pascal-joos/code_cure_agent/cca_workspace/jts/modules/core/target/apidocs/org/locationtech/jts/geom/class-use/MultiLineString.html...
Generating /workspaces/master-thesis-pascal-joos/code_cure_agent/cca_workspace/jts/modules/core/target/apidocs/org/locationtech/jts/geom/class-use/Dimension.html...
Generating /workspaces/master-thesis-pascal-joos/code_cure_agent/cca_workspace/jts/modules/core/target/apidocs/org/locationtech/jts/geom/class-use/TopologyException.html...
Generating /workspaces/master-thesis-pascal-joos/code_cure_agent/cca_workspace/jts/modules/core/target/apidocs/org/locationtech/jts/geom/class-use/LinearRing.html...
Generating /workspaces/master-thesis-pascal-joos/code_cure_agent/cca_workspace/jts/modules/core/target/apidocs/org/locationtech/jts/geom/class-use/Quadrant.html...
Generating /workspaces/master-thesis-pascal-joos/code_cure_agent/cca_workspace/jts/modules/core/target/apidocs/org/locationtech/jts/geom/class-use/Polygon.html...
Generating /workspaces/master-thesis-pascal-joos/code_cure_agent/cca_workspace/jts/modules/core/target/apidocs/org/locationtech/jts/geom/class-use/CoordinateXYM.html...
Generating /workspaces/master-thesis-pascal-joos/code_cure_agent/cca_workspace/jts/modules/core/target/apidocs/org/locationtech/jts/geom/class-use/Location.html...
Generating /workspaces/master-thesis-pascal-joos/code_cure_agent/cca_workspace/jts/modules/core/target/apidocs/org/locationtech/jts/geom/class-use/Puntal.html...
Generating /workspaces/master-thesis-pascal-joos/code_cure_agent/cca_workspace/jts/modules/core/target/apidocs/org/locationtech/jts/geom/class-use/CoordinateArrays.html...
Generating /workspaces/master-thesis-pascal-joos/code_cure_agent/cca_workspace/jts/modules/core/target/apidocs/org/locationtech/jts/geom/class-use/CoordinateArrays.BidirectionalComparator.html...
Generating /workspaces/master-thesis-pascal-joos/code_cure_agent/cca_workspace/jts/modules/core/target/apidocs/org/locationtech/jts/geom/class-use/CoordinateArrays.ForwardComparator.html...
Generating /workspaces/master-thesis-pascal-joos/code_cure_agent/cca_workspace/jts/modules/core/target/apidocs/org/locationtech/jts/geom/class-use/GeometryCollectionIterator.html...
Generating /workspaces/master-thesis-pascal-joos/code_cure_agent/cca_workspace/jts/modules/core/target/apidocs/org/locationtech/jts/geom/impl/class-use/PackedCoordinateSequence.html...
Generating /workspaces/master-thesis-pascal-joos/code_cure_agent/cca_workspace/jts/modules/core/target/apidocs/org/locationtech/jts/geom/impl/class-use/PackedCoordinateSequence.Float.html...
Generating /workspaces/master-thesis-pascal-joos/code_cure_agent/cca_workspace/jts/modules/core/target/apidocs/org/locationtech/jts/geom/impl/class-use/PackedCoordinateSequence.Double.html...
Generating /workspaces/master-thesis-pascal-joos/code_cure_agent/cca_workspace/jts/modules/core/target/apidocs/org/locationtech/jts/geom/impl/class-use/CoordinateArraySequence.html...
Generating /workspaces/master-thesis-pascal-joos/code_cure_agent/cca_workspace/jts/modules/core/target/apidocs/org/locationtech/jts/geom/impl/class-use/PackedCoordinateSequenceFactory.html...
Generating /workspaces/master-thesis-pascal-joos/code_cure_agent/cca_workspace/jts/modules/core/target/apidocs/org/locationtech/jts/geom/impl/class-use/CoordinateArraySequenceFactory.html...
Generating /workspaces/master-thesis-pascal-joos/code_cure_agent/cca_workspace/jts/modules/core/target/apidocs/org/locationtech/jts/geom/prep/class-use/PreparedGeometryFactory.html...
Generating /workspaces/master-thesis-pascal-joos/code_cure_agent/cca_workspace/jts/modules/core/target/apidocs/org/locationtech/jts/geom/prep/class-use/PreparedLineString.html...
Generating /workspaces/master-thesis-pascal-joos/code_cure_agent/cca_workspace/jts/modules/core/target/apidocs/org/locationtech/jts/geom/prep/class-use/PreparedPolygon.html...
Generating /workspaces/master-thesis-pascal-joos/code_cure_agent/cca_workspace/jts/modules/core/target/apidocs/org/locationtech/jts/geom/prep/class-use/PreparedGeometry.html...
Generating /workspaces/master-thesis-pascal-joos/code_cure_agent/cca_workspace/jts/modules/core/target/apidocs/org/locationtech/jts/geom/prep/class-use/PreparedPoint.html...
Generating /workspaces/master-thesis-pascal-joos/code_cure_agent/cca_workspace/jts/modules/core/target/apidocs/org/locationtech/jts/geom/util/class-use/GeometryCollectionMapper.html...
Generating /workspaces/master-thesis-pascal-joos/code_cure_agent/cca_workspace/jts/modules/core/target/apidocs/org/locationtech/jts/geom/util/class-use/GeometryCombiner.html...
Generating /workspaces/master-thesis-pascal-joos/code_cure_agent/cca_workspace/jts/modules/core/target/apidocs/org/locationtech/jts/geom/util/class-use/GeometryTransformer.html...
Generating /workspaces/master-thesis-pascal-joos/code_cure_agent/cca_workspace/jts/modules/core/target/apidocs/org/locationtech/jts/geom/util/class-use/LinearComponentExtracter.html...
Generating /workspaces/master-thesis-pascal-joos/code_cure_agent/cca_workspace/jts/modules/core/target/apidocs/org/locationtech/jts/geom/util/class-use/PolygonExtracter.html...
Generating /workspaces/master-thesis-pascal-joos/code_cure_agent/cca_workspace/jts/modules/core/target/apidocs/org/locationtech/jts/geom/util/class-use/ComponentCoordinateExtracter.html...
Generating /workspaces/master-thesis-pascal-joos/code_cure_agent/cca_workspace/jts/modules/core/target/apidocs/org/locationtech/jts/geom/util/class-use/ShortCircuitedGeometryVisitor.html...
Generating /workspaces/master-thesis-pascal-joos/code_cure_agent/cca_workspace/jts/modules/core/target/apidocs/org/locationtech/jts/geom/util/class-use/PointExtracter.html...
Generating /workspaces/master-thesis-pascal-joos/code_cure_agent/cca_workspace/jts/modules/core/target/apidocs/org/locationtech/jts/geom/util/class-use/AffineTransformationFactory.html...
Generating /workspaces/master-thesis-pascal-joos/code_cure_agent/cca_workspace/jts/modules/core/target/apidocs/org/locationtech/jts/geom/util/class-use/AffineTransformation.html...
Generating /workspaces/master-thesis-pascal-joos/code_cure_agent/cca_workspace/jts/modules/core/target/apidocs/org/locationtech/jts/geom/util/class-use/LineStringExtracter.html...
Generating /workspaces/master-thesis-pascal-joos/code_cure_agent/cca_workspace/jts/modules/core/target/apidocs/org/locationtech/jts/geom/util/class-use/GeometryExtracter.html...
Generating /workspaces/master-thesis-pascal-joos/code_cure_agent/cca_workspace/jts/modules/core/target/apidocs/org/locationtech/jts/geom/util/class-use/AffineTransformationBuilder.html...
Generating /workspaces/master-thesis-pascal-joos/code_cure_agent/cca_workspace/jts/modules/core/target/apidocs/org/locationtech/jts/geom/util/class-use/SineStarFactory.html...
Generating /workspaces/master-thesis-pascal-joos/code_cure_agent/cca_workspace/jts/modules/core/target/apidocs/org/locationtech/jts/geom/util/class-use/GeometryMapper.html...
Generating /workspaces/master-thesis-pascal-joos/code_cure_agent/cca_workspace/jts/modules/core/target/apidocs/org/locationtech/jts/geom/util/class-use/GeometryMapper.MapOp.html...
Generating /workspaces/master-thesis-pascal-joos/code_cure_agent/cca_workspace/jts/modules/core/target/apidocs/org/locationtech/jts/geom/util/class-use/GeometryEditor.html...
Generating /workspaces/master-thesis-pascal-joos/code_cure_agent/cca_workspace/jts/modules/core/target/apidocs/org/locationtech/jts/geom/util/class-use/GeometryEditor.CoordinateSequenceOperation.html...
Generating /workspaces/master-thesis-pascal-joos/code_cure_agent/cca_workspace/jts/modules/core/target/apidocs/org/locationtech/jts/geom/util/class-use/GeometryEditor.CoordinateOperation.html...
Generating /workspaces/master-thesis-pascal-joos/code_cure_agent/cca_workspace/jts/modules/core/target/apidocs/org/locationtech/jts/geom/util/class-use/GeometryEditor.NoOpGeometryOperation.html...
Generating /workspaces/master-thesis-pascal-joos/code_cure_agent/cca_workspace/jts/modules/core/target/apidocs/org/locationtech/jts/geom/util/class-use/GeometryEditor.GeometryEditorOperation.html...
Generating /workspaces/master-thesis-pascal-joos/code_cure_agent/cca_workspace/jts/modules/core/target/apidocs/org/locationtech/jts/geom/util/class-use/NoninvertibleTransformationException.html...
Generating /workspaces/master-thesis-pascal-joos/code_cure_agent/cca_workspace/jts/modules/core/target/apidocs/org/locationtech/jts/index/class-use/SpatialIndex.html...
Generating /workspaces/master-thesis-pascal-joos/code_cure_agent/cca_workspace/jts/modules/core/target/apidocs/org/locationtech/jts/index/class-use/ItemVisitor.html...
Generating /workspaces/master-thesis-pascal-joos/code_cure_agent/cca_workspace/jts/modules/core/target/apidocs/org/locationtech/jts/index/class-use/ArrayListVisitor.html...
Generating /workspaces/master-thesis-pascal-joos/code_cure_agent/cca_workspace/jts/modules/core/target/apidocs/org/locationtech/jts/index/chain/class-use/MonotoneChainOverlapAction.html...
Generating /workspaces/master-thesis-pascal-joos/code_cure_agent/cca_workspace/jts/modules/core/target/apidocs/org/locationtech/jts/index/chain/class-use/MonotoneChainSelectAction.html...
Generating /workspaces/master-thesis-pascal-joos/code_cure_agent/cca_workspace/jts/modules/core/target/apidocs/org/locationtech/jts/index/chain/class-use/MonotoneChainBuilder.html...
Generating /workspaces/master-thesis-pascal-joos/code_cure_agent/cca_workspace/jts/modules/core/target/apidocs/org/locationtech/jts/index/chain/class-use/MonotoneChain.html...
Generating /workspaces/master-thesis-pascal-joos/code_cure_agent/cca_workspace/jts/modules/core/target/apidocs/org/locationtech/jts/index/intervalrtree/class-use/IntervalRTreeNode.html...
Generating /workspaces/master-thesis-pascal-joos/code_cure_agent/cca_workspace/jts/modules/core/target/apidocs/org/locationtech/jts/index/intervalrtree/class-use/IntervalRTreeNode.NodeComparator.html...
Generating /workspaces/master-thesis-pascal-joos/code_cure_agent/cca_workspace/jts/modules/core/target/apidocs/org/locationtech/jts/index/intervalrtree/class-use/IntervalRTreeLeafNode.html...
Generating /workspaces/master-thesis-pascal-joos/code_cure_agent/cca_workspace/jts/modules/core/target/apidocs/org/locationtech/jts/index/intervalrtree/class-use/IntervalRTreeBranchNode.html...
Generating /workspaces/master-thesis-pascal-joos/code_cure_agent/cca_workspace/jts/modules/core/target/apidocs/org/locationtech/jts/index/intervalrtree/class-use/SortedPackedIntervalRTree.html...
Generating /workspaces/master-thesis-pascal-joos/code_cure_agent/cca_workspace/jts/modules/core/target/apidocs/org/locationtech/jts/index/kdtree/class-use/KdNode.html...
Generating /workspaces/master-thesis-pascal-joos/code_cure_agent/cca_workspace/jts/modules/core/target/apidocs/org/locationtech/jts/index/kdtree/class-use/KdTree.html...
Generating /workspaces/master-thesis-pascal-joos/code_cure_agent/cca_workspace/jts/modules/core/target/apidocs/org/locationtech/jts/index/kdtree/class-use/KdNodeVisitor.html...
Generating /workspaces/master-thesis-pascal-joos/code_cure_agent/cca_workspace/jts/modules/core/target/apidocs/org/locationtech/jts/index/quadtree/class-use/Root.html...
Generating /workspaces/master-thesis-pascal-joos/code_cure_agent/cca_workspace/jts/modules/core/target/apidocs/org/locationtech/jts/index/quadtree/class-use/Quadtree.html...
Generating /workspaces/master-thesis-pascal-joos/code_cure_agent/cca_workspace/jts/modules/core/target/apidocs/org/locationtech/jts/index/quadtree/class-use/IntervalSize.html...
Generating /workspaces/master-thesis-pascal-joos/code_cure_agent/cca_workspace/jts/modules/core/target/apidocs/org/locationtech/jts/index/quadtree/class-use/Node.html...
Generating /workspaces/master-thesis-pascal-joos/code_cure_agent/cca_workspace/jts/modules/core/target/apidocs/org/locationtech/jts/index/quadtree/class-use/NodeBase.html...
Generating /workspaces/master-thesis-pascal-joos/code_cure_agent/cca_workspace/jts/modules/core/target/apidocs/org/locationtech/jts/index/quadtree/class-use/DoubleBits.html...
Generating /workspaces/master-thesis-pascal-joos/code_cure_agent/cca_workspace/jts/modules/core/target/apidocs/org/locationtech/jts/index/quadtree/class-use/Key.html...
Generating /workspaces/master-thesis-pascal-joos/code_cure_agent/cca_workspace/jts/modules/core/target/apidocs/org/locationtech/jts/index/strtree/class-use/Interval.html...
Generating /workspaces/master-thesis-pascal-joos/code_cure_agent/cca_workspace/jts/modules/core/target/apidocs/org/locationtech/jts/index/strtree/class-use/SIRtree.html...
Generating /workspaces/master-thesis-pascal-joos/code_cure_agent/cca_workspace/jts/modules/core/target/apidocs/org/locationtech/jts/index/strtree/class-use/EnvelopeDistance.html...
Generating /workspaces/master-thesis-pascal-joos/code_cure_agent/cca_workspace/jts/modules/core/target/apidocs/org/locationtech/jts/index/strtree/class-use/AbstractNode.html...
Generating /workspaces/master-thesis-pascal-joos/code_cure_agent/cca_workspace/jts/modules/core/target/apidocs/org/locationtech/jts/index/strtree/class-use/ItemBoundable.html...
Generating /workspaces/master-thesis-pascal-joos/code_cure_agent/cca_workspace/jts/modules/core/target/apidocs/org/locationtech/jts/index/strtree/class-use/BoundablePairDistanceComparator.html...
Generating /workspaces/master-thesis-pascal-joos/code_cure_agent/cca_workspace/jts/modules/core/target/apidocs/org/locationtech/jts/index/strtree/class-use/AbstractSTRtree.html...
Generating /workspaces/master-thesis-pascal-joos/code_cure_agent/cca_workspace/jts/modules/core/target/apidocs/org/locationtech/jts/index/strtree/class-use/STRtree.html...
Generating /workspaces/master-thesis-pascal-joos/code_cure_agent/cca_workspace/jts/modules/core/target/apidocs/org/locationtech/jts/index/strtree/class-use/ItemDistance.html...
Generating /workspaces/master-thesis-pascal-joos/code_cure_agent/cca_workspace/jts/modules/core/target/apidocs/org/locationtech/jts/index/strtree/class-use/Boundable.html...
Generating /workspaces/master-thesis-pascal-joos/code_cure_agent/cca_workspace/jts/modules/core/target/apidocs/org/locationtech/jts/index/strtree/class-use/GeometryItemDistance.html...
Generating /workspaces/master-thesis-pascal-joos/code_cure_agent/cca_workspace/jts/modules/core/target/apidocs/org/locationtech/jts/index/sweepline/class-use/SweepLineInterval.html...
Generating /workspaces/master-thesis-pascal-joos/code_cure_agent/cca_workspace/jts/modules/core/target/apidocs/org/locationtech/jts/index/sweepline/class-use/SweepLineIndex.html...
Generating /workspaces/master-thesis-pascal-joos/code_cure_agent/cca_workspace/jts/modules/core/target/apidocs/org/locationtech/jts/index/sweepline/class-use/SweepLineOverlapAction.html...
Generating /workspaces/master-thesis-pascal-joos/code_cure_agent/cca_workspace/jts/modules/core/target/apidocs/org/locationtech/jts/index/sweepline/class-use/SweepLineEvent.html...
Generating /workspaces/master-thesis-pascal-joos/code_cure_agent/cca_workspace/jts/modules/core/target/apidocs/org/locationtech/jts/index/bintree/class-use/Root.html...
Generating /workspaces/master-thesis-pascal-joos/code_cure_agent/cca_workspace/jts/modules/core/target/apidocs/org/locationtech/jts/index/bintree/class-use/Interval.html...
Generating /workspaces/master-thesis-pascal-joos/code_cure_agent/cca_workspace/jts/modules/core/target/apidocs/org/locationtech/jts/index/bintree/class-use/Node.html...
Generating /workspaces/master-thesis-pascal-joos/code_cure_agent/cca_workspace/jts/modules/core/target/apidocs/org/locationtech/jts/index/bintree/class-use/Bintree.html...
Generating /workspaces/master-thesis-pascal-joos/code_cure_agent/cca_workspace/jts/modules/core/target/apidocs/org/locationtech/jts/index/bintree/class-use/NodeBase.html...
Generating /workspaces/master-thesis-pascal-joos/code_cure_agent/cca_workspace/jts/modules/core/target/apidocs/org/locationtech/jts/index/bintree/class-use/Key.html...
Generating /workspaces/master-thesis-pascal-joos/code_cure_agent/cca_workspace/jts/modules/core/target/apidocs/org/locationtech/jts/index/hprtree/class-use/Item.html...
Generating /workspaces/master-thesis-pascal-joos/code_cure_agent/cca_workspace/jts/modules/core/target/apidocs/org/locationtech/jts/index/hprtree/class-use/HPRtree.html...
Generating /workspaces/master-thesis-pascal-joos/code_cure_agent/cca_workspace/jts/modules/core/target/apidocs/org/locationtech/jts/index/hprtree/class-use/HilbertEncoder.html...
Generating /workspaces/master-thesis-pascal-joos/code_cure_agent/cca_workspace/jts/modules/core/target/apidocs/org/locationtech/jts/class-use/JTSVersion.html...
Generating /workspaces/master-thesis-pascal-joos/code_cure_agent/cca_workspace/jts/modules/core/target/apidocs/org/locationtech/jts/noding/class-use/Octant.html...
Generating /workspaces/master-thesis-pascal-joos/code_cure_agent/cca_workspace/jts/modules/core/target/apidocs/org/locationtech/jts/noding/class-use/ValidatingNoder.html...
Generating /workspaces/master-thesis-pascal-joos/code_cure_agent/cca_workspace/jts/modules/core/target/apidocs/org/locationtech/jts/noding/class-use/SegmentIntersector.html...
Generating /workspaces/master-thesis-pascal-joos/code_cure_agent/cca_workspace/jts/modules/core/target/apidocs/org/locationtech/jts/noding/class-use/NodableSegmentString.html...
Generating /workspaces/master-thesis-pascal-joos/code_cure_agent/cca_workspace/jts/modules/core/target/apidocs/org/locationtech/jts/noding/class-use/SegmentSetMutualIntersector.html...
Generating /workspaces/master-thesis-pascal-joos/code_cure_agent/cca_workspace/jts/modules/core/target/apidocs/org/locationtech/jts/noding/class-use/FastSegmentSetIntersectionFinder.html...
Generating /workspaces/master-thesis-pascal-joos/code_cure_agent/cca_workspace/jts/modules/core/target/apidocs/org/locationtech/jts/noding/class-use/SegmentNode.html...
Generating /workspaces/master-thesis-pascal-joos/code_cure_agent/cca_workspace/jts/modules/core/target/apidocs/org/locationtech/jts/noding/class-use/BasicSegmentString.html...
Generating /workspaces/master-thesis-pascal-joos/code_cure_agent/cca_workspace/jts/modules/core/target/apidocs/org/locationtech/jts/noding/class-use/IntersectionFinderAdder.html...
Generating /workspaces/master-thesis-pascal-joos/code_cure_agent/cca_workspace/jts/modules/core/target/apidocs/org/locationtech/jts/noding/class-use/OrientedCoordinateArray.html...
Generating /workspaces/master-thesis-pascal-joos/code_cure_agent/cca_workspace/jts/modules/core/target/apidocs/org/locationtech/jts/noding/class-use/MCIndexSegmentSetMutualIntersector.html...
Generating /workspaces/master-thesis-pascal-joos/code_cure_agent/cca_workspace/jts/modules/core/target/apidocs/org/locationtech/jts/noding/class-use/MCIndexSegmentSetMutualIntersector.SegmentOverlapAction.html...
Generating /workspaces/master-thesis-pascal-joos/code_cure_agent/cca_workspace/jts/modules/core/target/apidocs/org/locationtech/jts/noding/class-use/SimpleSegmentSetMutualIntersector.html...
Generating /workspaces/master-thesis-pascal-joos/code_cure_agent/cca_workspace/jts/modules/core/target/apidocs/org/locationtech/jts/noding/class-use/FastNodingValidator.html...
Generating /workspaces/master-thesis-pascal-joos/code_cure_agent/cca_workspace/jts/modules/core/target/apidocs/org/locationtech/jts/noding/class-use/IntersectionAdder.html...
Generating /workspaces/master-thesis-pascal-joos/code_cure_agent/cca_workspace/jts/modules/core/target/apidocs/org/locationtech/jts/noding/class-use/NodedSegmentString.html...
Generating /workspaces/master-thesis-pascal-joos/code_cure_agent/cca_workspace/jts/modules/core/target/apidocs/org/locationtech/jts/noding/class-use/SegmentNodeList.html...
Generating /workspaces/master-thesis-pascal-joos/code_cure_agent/cca_workspace/jts/modules/core/target/apidocs/org/locationtech/jts/noding/class-use/SinglePassNoder.html...
Generating /workspaces/master-thesis-pascal-joos/code_cure_agent/cca_workspace/jts/modules/core/target/apidocs/org/locationtech/jts/noding/class-use/SegmentExtractingNoder.html...
Generating /workspaces/master-thesis-pascal-joos/code_cure_agent/cca_workspace/jts/modules/core/target/apidocs/org/locationtech/jts/noding/class-use/MCIndexNoder.html...
Generating /workspaces/master-thesis-pascal-joos/code_cure_agent/cca_workspace/jts/modules/core/target/apidocs/org/locationtech/jts/noding/class-use/MCIndexNoder.SegmentOverlapAction.html...
Generating /workspaces/master-thesis-pascal-joos/code_cure_agent/cca_workspace/jts/modules/core/target/apidocs/org/locationtech/jts/noding/class-use/IteratedNoder.html...
Generating /workspaces/master-thesis-pascal-joos/code_cure_agent/cca_workspace/jts/modules/core/target/apidocs/org/locationtech/jts/noding/class-use/SegmentString.html...
Generating /workspaces/master-thesis-pascal-joos/code_cure_agent/cca_workspace/jts/modules/core/target/apidocs/org/locationtech/jts/noding/class-use/NodingValidator.html...
Generating /workspaces/master-thesis-pascal-joos/code_cure_agent/cca_workspace/jts/modules/core/target/apidocs/org/locationtech/jts/noding/class-use/SegmentStringDissolver.html...
Generating /workspaces/master-thesis-pascal-joos/code_cure_agent/cca_workspace/jts/modules/core/target/apidocs/org/locationtech/jts/noding/class-use/SegmentStringDissolver.SegmentStringMerger.html...
Generating /workspaces/master-thesis-pascal-joos/code_cure_agent/cca_workspace/jts/modules/core/target/apidocs/org/locationtech/jts/noding/class-use/SegmentIntersectionDetector.html...
Generating /workspaces/master-thesis-pascal-joos/code_cure_agent/cca_workspace/jts/modules/core/target/apidocs/org/locationtech/jts/noding/class-use/NodingIntersectionFinder.html...
Generating /workspaces/master-thesis-pascal-joos/code_cure_agent/cca_workspace/jts/modules/core/target/apidocs/org/locationtech/jts/noding/class-use/InteriorIntersectionFinderAdder.html...
Generating /workspaces/master-thesis-pascal-joos/code_cure_agent/cca_workspace/jts/modules/core/target/apidocs/org/locationtech/jts/noding/class-use/SimpleNoder.html...
Generating /workspaces/master-thesis-pascal-joos/code_cure_agent/cca_workspace/jts/modules/core/target/apidocs/org/locationtech/jts/noding/class-use/SegmentStringUtil.html...
Generating /workspaces/master-thesis-pascal-joos/code_cure_agent/cca_workspace/jts/modules/core/target/apidocs/org/locationtech/jts/noding/class-use/Noder.html...
Generating /workspaces/master-thesis-pascal-joos/code_cure_agent/cca_workspace/jts/modules/core/target/apidocs/org/locationtech/jts/noding/class-use/SegmentPointComparator.html...
Generating /workspaces/master-thesis-pascal-joos/code_cure_agent/cca_workspace/jts/modules/core/target/apidocs/org/locationtech/jts/noding/class-use/ScaledNoder.html...
Generating /workspaces/master-thesis-pascal-joos/code_cure_agent/cca_workspace/jts/modules/core/target/apidocs/org/locationtech/jts/noding/snap/class-use/SnappingIntersectionAdder.html...
Generating /workspaces/master-thesis-pascal-joos/code_cure_agent/cca_workspace/jts/modules/core/target/apidocs/org/locationtech/jts/noding/snap/class-use/SnappingPointIndex.html...
Generating /workspaces/master-thesis-pascal-joos/code_cure_agent/cca_workspace/jts/modules/core/target/apidocs/org/locationtech/jts/noding/snap/class-use/SnappingNoder.html...
Generating /workspaces/master-thesis-pascal-joos/code_cure_agent/cca_workspace/jts/modules/core/target/apidocs/org/locationtech/jts/noding/snapround/class-use/SnapRoundingNoder.html...
Generating /workspaces/master-thesis-pascal-joos/code_cure_agent/cca_workspace/jts/modules/core/target/apidocs/org/locationtech/jts/noding/snapround/class-use/MCIndexSnapRounder.html...
Generating /workspaces/master-thesis-pascal-joos/code_cure_agent/cca_workspace/jts/modules/core/target/apidocs/org/locationtech/jts/noding/snapround/class-use/GeometryNoder.html...
Generating /workspaces/master-thesis-pascal-joos/code_cure_agent/cca_workspace/jts/modules/core/target/apidocs/org/locationtech/jts/noding/snapround/class-use/HotPixel.html...
Generating /workspaces/master-thesis-pascal-joos/code_cure_agent/cca_workspace/jts/modules/core/target/apidocs/org/locationtech/jts/noding/snapround/class-use/SnapRoundingIntersectionAdder.html...
Generating /workspaces/master-thesis-pascal-joos/code_cure_agent/cca_workspace/jts/modules/core/target/apidocs/org/locationtech/jts/noding/snapround/class-use/MCIndexPointSnapper.html...
Generating /workspaces/master-thesis-pascal-joos/code_cure_agent/cca_workspace/jts/modules/core/target/apidocs/org/locationtech/jts/noding/snapround/class-use/MCIndexPointSnapper.HotPixelSnapAction.html...
Generating /workspaces/master-thesis-pascal-joos/code_cure_agent/cca_workspace/jts/modules/core/target/apidocs/org/locationtech/jts/math/class-use/DD.html...
Generating /workspaces/master-thesis-pascal-joos/code_cure_agent/cca_workspace/jts/modules/core/target/apidocs/org/locationtech/jts/math/class-use/MathUtil.html...
Generating /workspaces/master-thesis-pascal-joos/code_cure_agent/cca_workspace/jts/modules/core/target/apidocs/org/locationtech/jts/math/class-use/Vector3D.html...
Generating /workspaces/master-thesis-pascal-joos/code_cure_agent/cca_workspace/jts/modules/core/target/apidocs/org/locationtech/jts/math/class-use/Matrix.html...
Generating /workspaces/master-thesis-pascal-joos/code_cure_agent/cca_workspace/jts/modules/core/target/apidocs/org/locationtech/jts/math/class-use/Vector2D.html...
Generating /workspaces/master-thesis-pascal-joos/code_cure_agent/cca_workspace/jts/modules/core/target/apidocs/org/locationtech/jts/math/class-use/Plane3D.html...
Generating /workspaces/master-thesis-pascal-joos/code_cure_agent/cca_workspace/jts/modules/core/target/apidocs/org/locationtech/jts/simplify/class-use/TaggedLineStringSimplifier.html...
Generating /workspaces/master-thesis-pascal-joos/code_cure_agent/cca_workspace/jts/modules/core/target/apidocs/org/locationtech/jts/simplify/class-use/DouglasPeuckerSimplifier.html...
Generating /workspaces/master-thesis-pascal-joos/code_cure_agent/cca_workspace/jts/modules/core/target/apidocs/org/locationtech/jts/simplify/class-use/TopologyPreservingSimplifier.html...
Generating /workspaces/master-thesis-pascal-joos/code_cure_agent/cca_workspace/jts/modules/core/target/apidocs/org/locationtech/jts/simplify/class-use/VWSimplifier.html...
Generating /workspaces/master-thesis-pascal-joos/code_cure_agent/cca_workspace/jts/modules/core/target/apidocs/org/locationtech/jts/densify/class-use/Densifier.html...
Generating /workspaces/master-thesis-pascal-joos/code_cure_agent/cca_workspace/jts/modules/core/target/apidocs/org/locationtech/jts/geomgraph/class-use/Depth.html...
Generating /workspaces/master-thesis-pascal-joos/code_cure_agent/cca_workspace/jts/modules/core/target/apidocs/org/locationtech/jts/geomgraph/class-use/EdgeEndStar.html...
Generating /workspaces/master-thesis-pascal-joos/code_cure_agent/cca_workspace/jts/modules/core/target/apidocs/org/locationtech/jts/geomgraph/class-use/PlanarGraph.html...
Generating /workspaces/master-thesis-pascal-joos/code_cure_agent/cca_workspace/jts/modules/core/target/apidocs/org/locationtech/jts/geomgraph/class-use/Node.html...
Generating /workspaces/master-thesis-pascal-joos/code_cure_agent/cca_workspace/jts/modules/core/target/apidocs/org/locationtech/jts/geomgraph/class-use/EdgeNodingValidator.html...
Generating /workspaces/master-thesis-pascal-joos/code_cure_agent/cca_workspace/jts/modules/core/target/apidocs/org/locationtech/jts/geomgraph/class-use/EdgeRing.html...
Generating /workspaces/master-thesis-pascal-joos/code_cure_agent/cca_workspace/jts/modules/core/target/apidocs/org/locationtech/jts/geomgraph/class-use/EdgeList.html...
Generating /workspaces/master-thesis-pascal-joos/code_cure_agent/cca_workspace/jts/modules/core/target/apidocs/org/locationtech/jts/geomgraph/class-use/NodeMap.html...
Generating /workspaces/master-thesis-pascal-joos/code_cure_agent/cca_workspace/jts/modules/core/target/apidocs/org/locationtech/jts/geomgraph/class-use/TopologyLocation.html...
Generating /workspaces/master-thesis-pascal-joos/code_cure_agent/cca_workspace/jts/modules/core/target/apidocs/org/locationtech/jts/geomgraph/class-use/NodeFactory.html...
Generating /workspaces/master-thesis-pascal-joos/code_cure_agent/cca_workspace/jts/modules/core/target/apidocs/org/locationtech/jts/geomgraph/class-use/Label.html...
Generating /workspaces/master-thesis-pascal-joos/code_cure_agent/cca_workspace/jts/modules/core/target/apidocs/org/locationtech/jts/geomgraph/class-use/DirectedEdgeStar.html...
Generating /workspaces/master-thesis-pascal-joos/code_cure_agent/cca_workspace/jts/modules/core/target/apidocs/org/locationtech/jts/geomgraph/class-use/Edge.html...
Generating /workspaces/master-thesis-pascal-joos/code_cure_agent/cca_workspace/jts/modules/core/target/apidocs/org/locationtech/jts/geomgraph/class-use/GraphComponent.html...
Generating /workspaces/master-thesis-pascal-joos/code_cure_agent/cca_workspace/jts/modules/core/target/apidocs/org/locationtech/jts/geomgraph/class-use/DirectedEdge.html...
Generating /workspaces/master-thesis-pascal-joos/code_cure_agent/cca_workspace/jts/modules/core/target/apidocs/org/locationtech/jts/geomgraph/class-use/EdgeEnd.html...
Generating /workspaces/master-thesis-pascal-joos/code_cure_agent/cca_workspace/jts/modules/core/target/apidocs/org/locationtech/jts/geomgraph/class-use/GeometryGraph.html...
Generating /workspaces/master-thesis-pascal-joos/code_cure_agent/cca_workspace/jts/modules/core/target/apidocs/org/locationtech/jts/geomgraph/class-use/EdgeIntersectionList.html...
Generating /workspaces/master-thesis-pascal-joos/code_cure_agent/cca_workspace/jts/modules/core/target/apidocs/org/locationtech/jts/geomgraph/class-use/EdgeIntersection.html...
Generating /workspaces/master-thesis-pascal-joos/code_cure_agent/cca_workspace/jts/modules/core/target/apidocs/org/locationtech/jts/geomgraph/index/class-use/SegmentIntersector.html...
Generating /workspaces/master-thesis-pascal-joos/code_cure_agent/cca_workspace/jts/modules/core/target/apidocs/org/locationtech/jts/geomgraph/index/class-use/MonotoneChainEdge.html...
Generating /workspaces/master-thesis-pascal-joos/code_cure_agent/cca_workspace/jts/modules/core/target/apidocs/org/locationtech/jts/geomgraph/index/class-use/EdgeSetIntersector.html...
Generating /workspaces/master-thesis-pascal-joos/code_cure_agent/cca_workspace/jts/modules/core/target/apidocs/org/locationtech/jts/geomgraph/index/class-use/SimpleSweepLineIntersector.html...
Generating /workspaces/master-thesis-pascal-joos/code_cure_agent/cca_workspace/jts/modules/core/target/apidocs/org/locationtech/jts/geomgraph/index/class-use/SimpleEdgeSetIntersector.html...
Generating /workspaces/master-thesis-pascal-joos/code_cure_agent/cca_workspace/jts/modules/core/target/apidocs/org/locationtech/jts/geomgraph/index/class-use/SimpleMCSweepLineIntersector.html...
Generating /workspaces/master-thesis-pascal-joos/code_cure_agent/cca_workspace/jts/modules/core/target/apidocs/org/locationtech/jts/geomgraph/index/class-use/SweepLineSegment.html...
Generating /workspaces/master-thesis-pascal-joos/code_cure_agent/cca_workspace/jts/modules/core/target/apidocs/org/locationtech/jts/geomgraph/index/class-use/MonotoneChainIndexer.html...
Generating /workspaces/master-thesis-pascal-joos/code_cure_agent/cca_workspace/jts/modules/core/target/apidocs/org/locationtech/jts/geomgraph/index/class-use/SweepLineEvent.html...
Generating /workspaces/master-thesis-pascal-joos/code_cure_agent/cca_workspace/jts/modules/core/target/apidocs/org/locationtech/jts/geomgraph/index/class-use/MonotoneChain.html...
Generating /workspaces/master-thesis-pascal-joos/code_cure_agent/cca_workspace/jts/modules/core/target/apidocs/org/locationtech/jts/linearref/class-use/LinearGeometryBuilder.html...
Generating /workspaces/master-thesis-pascal-joos/code_cure_agent/cca_workspace/jts/modules/core/target/apidocs/org/locationtech/jts/linearref/class-use/LinearLocation.html...
Generating /workspaces/master-thesis-pascal-joos/code_cure_agent/cca_workspace/jts/modules/core/target/apidocs/org/locationtech/jts/linearref/class-use/LengthLocationMap.html...
Generating /workspaces/master-thesis-pascal-joos/code_cure_agent/cca_workspace/jts/modules/core/target/apidocs/org/locationtech/jts/linearref/class-use/LocationIndexedLine.html...
Generating /workspaces/master-thesis-pascal-joos/code_cure_agent/cca_workspace/jts/modules/core/target/apidocs/org/locationtech/jts/linearref/class-use/LinearIterator.html...
Generating /workspaces/master-thesis-pascal-joos/code_cure_agent/cca_workspace/jts/modules/core/target/apidocs/org/locationtech/jts/linearref/class-use/LengthIndexedLine.html...
Generating /workspaces/master-thesis-pascal-joos/code_cure_agent/cca_workspace/jts/modules/core/target/apidocs/org/locationtech/jts/dissolve/class-use/LineDissolver.html...
Generating /workspaces/master-thesis-pascal-joos/code_cure_agent/cca_workspace/jts/modules/core/target/apidocs/org/locationtech/jts/planargraph/algorithm/class-use/ConnectedSubgraphFinder.html...
Generating /workspaces/master-thesis-pascal-joos/code_cure_agent/cca_workspace/jts/modules/core/target/apidocs/org/locationtech/jts/planargraph/class-use/PlanarGraph.html...
Generating /workspaces/master-thesis-pascal-joos/code_cure_agent/cca_workspace/jts/modules/core/target/apidocs/org/locationtech/jts/planargraph/class-use/Node.html...
Generating /workspaces/master-thesis-pascal-joos/code_cure_agent/cca_workspace/jts/modules/core/target/apidocs/org/locationtech/jts/planargraph/class-use/NodeMap.html...
Generating /workspaces/master-thesis-pascal-joos/code_cure_agent/cca_workspace/jts/modules/core/target/apidocs/org/locationtech/jts/planargraph/class-use/Subgraph.html...
Generating /workspaces/master-thesis-pascal-joos/code_cure_agent/cca_workspace/jts/modules/core/target/apidocs/org/locationtech/jts/planargraph/class-use/DirectedEdgeStar.html...
Generating /workspaces/master-thesis-pascal-joos/code_cure_agent/cca_workspace/jts/modules/core/target/apidocs/org/locationtech/jts/planargraph/class-use/Edge.html...
Generating /workspaces/master-thesis-pascal-joos/code_cure_agent/cca_workspace/jts/modules/core/target/apidocs/org/locationtech/jts/planargraph/class-use/GraphComponent.html...
Generating /workspaces/master-thesis-pascal-joos/code_cure_agent/cca_workspace/jts/modules/core/target/apidocs/org/locationtech/jts/planargraph/class-use/DirectedEdge.html...
Generating /workspaces/master-thesis-pascal-joos/code_cure_agent/cca_workspace/jts/modules/core/target/apidocs/org/locationtech/jts/io/class-use/OrdinateFormat.html...
Generating /workspaces/master-thesis-pascal-joos/code_cure_agent/cca_workspace/jts/modules/core/target/apidocs/org/locationtech/jts/io/class-use/OutStream.html...
Generating /workspaces/master-thesis-pascal-joos/code_cure_agent/cca_workspace/jts/modules/core/target/apidocs/org/locationtech/jts/io/class-use/ByteOrderValues.html...
Generating /workspaces/master-thesis-pascal-joos/code_cure_agent/cca_workspace/jts/modules/core/target/apidocs/org/locationtech/jts/io/class-use/WKBReader.html...
Generating /workspaces/master-thesis-pascal-joos/code_cure_agent/cca_workspace/jts/modules/core/target/apidocs/org/locationtech/jts/io/class-use/WKBHexFileReader.html...
Generating /workspaces/master-thesis-pascal-joos/code_cure_agent/cca_workspace/jts/modules/core/target/apidocs/org/locationtech/jts/io/class-use/WKBConstants.html...
Generating /workspaces/master-thesis-pascal-joos/code_cure_agent/cca_workspace/jts/modules/core/target/apidocs/org/locationtech/jts/io/class-use/InStream.html...
Generating /workspaces/master-thesis-pascal-joos/code_cure_agent/cca_workspace/jts/modules/core/target/apidocs/org/locationtech/jts/io/class-use/ByteArrayInStream.html...
Generating /workspaces/master-thesis-pascal-joos/code_cure_agent/cca_workspace/jts/modules/core/target/apidocs/org/locationtech/jts/io/class-use/OutputStreamOutStream.html...
Generating /workspaces/master-thesis-pascal-joos/code_cure_agent/cca_workspace/jts/modules/core/target/apidocs/org/locationtech/jts/io/class-use/WKTFileReader.html...
Generating /workspaces/master-thesis-pascal-joos/code_cure_agent/cca_workspace/jts/modules/core/target/apidocs/org/locationtech/jts/io/class-use/WKBWriter.html...
Generating /workspaces/master-thesis-pascal-joos/code_cure_agent/cca_workspace/jts/modules/core/target/apidocs/org/locationtech/jts/io/class-use/Ordinate.html...
Generating /workspaces/master-thesis-pascal-joos/code_cure_agent/cca_workspace/jts/modules/core/target/apidocs/org/locationtech/jts/io/class-use/ParseException.html...
Generating /workspaces/master-thesis-pascal-joos/code_cure_agent/cca_workspace/jts/modules/core/target/apidocs/org/locationtech/jts/io/class-use/InputStreamInStream.html...
Generating /workspaces/master-thesis-pascal-joos/code_cure_agent/cca_workspace/jts/modules/core/target/apidocs/org/locationtech/jts/io/class-use/WKTConstants.html...
Generating /workspaces/master-thesis-pascal-joos/code_cure_agent/cca_workspace/jts/modules/core/target/apidocs/org/locationtech/jts/io/class-use/WKTReader.html...
Generating /workspaces/master-thesis-pascal-joos/code_cure_agent/cca_workspace/jts/modules/core/target/apidocs/org/locationtech/jts/io/class-use/WKTWriter.html...
Generating /workspaces/master-thesis-pascal-joos/code_cure_agent/cca_workspace/jts/modules/core/target/apidocs/org/locationtech/jts/io/class-use/ByteOrderDataInStream.html...
Generating /workspaces/master-thesis-pascal-joos/code_cure_agent/cca_workspace/jts/modules/core/target/apidocs/org/locationtech/jts/io/gml2/class-use/GeometryStrategies.html...
Generating /workspaces/master-thesis-pascal-joos/code_cure_agent/cca_workspace/jts/modules/core/target/apidocs/org/locationtech/jts/io/gml2/class-use/GMLWriter.html...
Generating /workspaces/master-thesis-pascal-joos/code_cure_agent/cca_workspace/jts/modules/core/target/apidocs/org/locationtech/jts/io/gml2/class-use/GMLHandler.html...
Generating /workspaces/master-thesis-pascal-joos/code_cure_agent/cca_workspace/jts/modules/core/target/apidocs/org/locationtech/jts/io/gml2/class-use/GMLReader.html...
Generating /workspaces/master-thesis-pascal-joos/code_cure_agent/cca_workspace/jts/modules/core/target/apidocs/org/locationtech/jts/io/gml2/class-use/GMLConstants.html...
Generating /workspaces/master-thesis-pascal-joos/code_cure_agent/cca_workspace/jts/modules/core/target/apidocs/org/locationtech/jts/io/kml/class-use/KMLWriter.html...
Generating /workspaces/master-thesis-pascal-joos/code_cure_agent/cca_workspace/jts/modules/core/target/apidocs/org/locationtech/jts/io/kml/class-use/KMLReader.html...
Generating /workspaces/master-thesis-pascal-joos/code_cure_agent/cca_workspace/jts/modules/core/target/apidocs/org/locationtech/jts/util/class-use/CoordinateCountFilter.html...
Generating /workspaces/master-thesis-pascal-joos/code_cure_agent/cca_workspace/jts/modules/core/target/apidocs/org/locationtech/jts/util/class-use/ObjectCounter.html...
Generating /workspaces/master-thesis-pascal-joos/code_cure_agent/cca_workspace/jts/modules/core/target/apidocs/org/locationtech/jts/util/class-use/IntArrayList.html...
Generating /workspaces/master-thesis-pascal-joos/code_cure_agent/cca_workspace/jts/modules/core/target/apidocs/org/locationtech/jts/util/class-use/PriorityQueue.html...
Generating /workspaces/master-thesis-pascal-joos/code_cure_agent/cca_workspace/jts/modules/core/target/apidocs/org/locationtech/jts/util/class-use/TestBuilderProxy.html...
Generating /workspaces/master-thesis-pascal-joos/code_cure_agent/cca_workspace/jts/modules/core/target/apidocs/org/locationtech/jts/util/class-use/Stopwatch.html...
Generating /workspaces/master-thesis-pascal-joos/code_cure_agent/cca_workspace/jts/modules/core/target/apidocs/org/locationtech/jts/util/class-use/UniqueCoordinateArrayFilter.html...
Generating /workspaces/master-thesis-pascal-joos/code_cure_agent/cca_workspace/jts/modules/core/target/apidocs/org/locationtech/jts/util/class-use/CollectionUtil.html...
Generating /workspaces/master-thesis-pascal-joos/code_cure_agent/cca_workspace/jts/modules/core/target/apidocs/org/locationtech/jts/util/class-use/CollectionUtil.Function.html...
Generating /workspaces/master-thesis-pascal-joos/code_cure_agent/cca_workspace/jts/modules/core/target/apidocs/org/locationtech/jts/util/class-use/GeometricShapeFactory.html...
Generating /workspaces/master-thesis-pascal-joos/code_cure_agent/cca_workspace/jts/modules/core/target/apidocs/org/locationtech/jts/util/class-use/Assert.html...
Generating /workspaces/master-thesis-pascal-joos/code_cure_agent/cca_workspace/jts/modules/core/target/apidocs/org/locationtech/jts/util/class-use/AssertionFailedException.html...
Generating /workspaces/master-thesis-pascal-joos/code_cure_agent/cca_workspace/jts/modules/core/target/apidocs/org/locationtech/jts/util/class-use/Debug.html...
Generating /workspaces/master-thesis-pascal-joos/code_cure_agent/cca_workspace/jts/modules/core/target/apidocs/org/locationtech/jts/util/class-use/NumberUtil.html...
Generating /workspaces/master-thesis-pascal-joos/code_cure_agent/cca_workspace/jts/modules/core/target/apidocs/org/locationtech/jts/util/class-use/Memory.html...
Generating /workspaces/master-thesis-pascal-joos/code_cure_agent/cca_workspace/jts/modules/core/target/apidocs/org/locationtech/jts/util/class-use/CoordinateArrayFilter.html...
Generating /workspaces/master-thesis-pascal-joos/code_cure_agent/cca_workspace/jts/modules/core/target/apidocs/org/locationtech/jts/util/class-use/StringUtil.html...
Generating /workspaces/master-thesis-pascal-joos/code_cure_agent/cca_workspace/jts/modules/core/target/apidocs/org/locationtech/jts/package-use.html...
Generating /workspaces/master-thesis-pascal-joos/code_cure_agent/cca_workspace/jts/modules/core/target/apidocs/org/locationtech/jts/algorithm/package-use.html...
Generating /workspaces/master-thesis-pascal-joos/code_cure_agent/cca_workspace/jts/modules/core/target/apidocs/org/locationtech/jts/algorithm/construct/package-use.html...
Generating /workspaces/master-thesis-pascal-joos/code_cure_agent/cca_workspace/jts/modules/core/target/apidocs/org/locationtech/jts/algorithm/distance/package-use.html...
Generating /workspaces/master-thesis-pascal-joos/code_cure_agent/cca_workspace/jts/modules/core/target/apidocs/org/locationtech/jts/algorithm/locate/package-use.html...
Generating /workspaces/master-thesis-pascal-joos/code_cure_agent/cca_workspace/jts/modules/core/target/apidocs/org/locationtech/jts/algorithm/match/package-use.html...
Generating /workspaces/master-thesis-pascal-joos/code_cure_agent/cca_workspace/jts/modules/core/target/apidocs/org/locationtech/jts/awt/package-use.html...
Generating /workspaces/master-thesis-pascal-joos/code_cure_agent/cca_workspace/jts/modules/core/target/apidocs/org/locationtech/jts/densify/package-use.html...
Generating /workspaces/master-thesis-pascal-joos/code_cure_agent/cca_workspace/jts/modules/core/target/apidocs/org/locationtech/jts/dissolve/package-use.html...
Generating /workspaces/master-thesis-pascal-joos/code_cure_agent/cca_workspace/jts/modules/core/target/apidocs/org/locationtech/jts/edgegraph/package-use.html...
Generating /workspaces/master-thesis-pascal-joos/code_cure_agent/cca_workspace/jts/modules/core/target/apidocs/org/locationtech/jts/geom/package-use.html...
Generating /workspaces/master-thesis-pascal-joos/code_cure_agent/cca_workspace/jts/modules/core/target/apidocs/org/locationtech/jts/geom/impl/package-use.html...
Generating /workspaces/master-thesis-pascal-joos/code_cure_agent/cca_workspace/jts/modules/core/target/apidocs/org/locationtech/jts/geom/prep/package-use.html...
Generating /workspaces/master-thesis-pascal-joos/code_cure_agent/cca_workspace/jts/modules/core/target/apidocs/org/locationtech/jts/geom/util/package-use.html...
Generating /workspaces/master-thesis-pascal-joos/code_cure_agent/cca_workspace/jts/modules/core/target/apidocs/org/locationtech/jts/geomgraph/package-use.html...
Generating /workspaces/master-thesis-pascal-joos/code_cure_agent/cca_workspace/jts/modules/core/target/apidocs/org/locationtech/jts/geomgraph/index/package-use.html...
Generating /workspaces/master-thesis-pascal-joos/code_cure_agent/cca_workspace/jts/modules/core/target/apidocs/org/locationtech/jts/index/package-use.html...
Generating /workspaces/master-thesis-pascal-joos/code_cure_agent/cca_workspace/jts/modules/core/target/apidocs/org/locationtech/jts/index/bintree/package-use.html...
Generating /workspaces/master-thesis-pascal-joos/code_cure_agent/cca_workspace/jts/modules/core/target/apidocs/org/locationtech/jts/index/chain/package-use.html...
Generating /workspaces/master-thesis-pascal-joos/code_cure_agent/cca_workspace/jts/modules/core/target/apidocs/org/locationtech/jts/index/hprtree/package-use.html...
Generating /workspaces/master-thesis-pascal-joos/code_cure_agent/cca_workspace/jts/modules/core/target/apidocs/org/locationtech/jts/index/intervalrtree/package-use.html...
Generating /workspaces/master-thesis-pascal-joos/code_cure_agent/cca_workspace/jts/modules/core/target/apidocs/org/locationtech/jts/index/kdtree/package-use.html...
Generating /workspaces/master-thesis-pascal-joos/code_cure_agent/cca_workspace/jts/modules/core/target/apidocs/org/locationtech/jts/index/quadtree/package-use.html...
Generating /workspaces/master-thesis-pascal-joos/code_cure_agent/cca_workspace/jts/modules/core/target/apidocs/org/locationtech/jts/index/strtree/package-use.html...
Generating /workspaces/master-thesis-pascal-joos/code_cure_agent/cca_workspace/jts/modules/core/target/apidocs/org/locationtech/jts/index/sweepline/package-use.html...
Generating /workspaces/master-thesis-pascal-joos/code_cure_agent/cca_workspace/jts/modules/core/target/apidocs/org/locationtech/jts/io/package-use.html...
Generating /workspaces/master-thesis-pascal-joos/code_cure_agent/cca_workspace/jts/modules/core/target/apidocs/org/locationtech/jts/io/gml2/package-use.html...
Generating /workspaces/master-thesis-pascal-joos/code_cure_agent/cca_workspace/jts/modules/core/target/apidocs/org/locationtech/jts/io/kml/package-use.html...
Generating /workspaces/master-thesis-pascal-joos/code_cure_agent/cca_workspace/jts/modules/core/target/apidocs/org/locationtech/jts/linearref/package-use.html...
Generating /workspaces/master-thesis-pascal-joos/code_cure_agent/cca_workspace/jts/modules/core/target/apidocs/org/locationtech/jts/math/package-use.html...
Generating /workspaces/master-thesis-pascal-joos/code_cure_agent/cca_workspace/jts/modules/core/target/apidocs/org/locationtech/jts/noding/package-use.html...
Generating /workspaces/master-thesis-pascal-joos/code_cure_agent/cca_workspace/jts/modules/core/target/apidocs/org/locationtech/jts/noding/snap/package-use.html...
Generating /workspaces/master-thesis-pascal-joos/code_cure_agent/cca_workspace/jts/modules/core/target/apidocs/org/locationtech/jts/noding/snapround/package-use.html...
Generating /workspaces/master-thesis-pascal-joos/code_cure_agent/cca_workspace/jts/modules/core/target/apidocs/org/locationtech/jts/operation/package-use.html...
Generating /workspaces/master-thesis-pascal-joos/code_cure_agent/cca_workspace/jts/modules/core/target/apidocs/org/locationtech/jts/operation/buffer/package-use.html...
Generating /workspaces/master-thesis-pascal-joos/code_cure_agent/cca_workspace/jts/modules/core/target/apidocs/org/locationtech/jts/operation/buffer/validate/package-use.html...
Generating /workspaces/master-thesis-pascal-joos/code_cure_agent/cca_workspace/jts/modules/core/target/apidocs/org/locationtech/jts/operation/distance/package-use.html...
Generating /workspaces/master-thesis-pascal-joos/code_cure_agent/cca_workspace/jts/modules/core/target/apidocs/org/locationtech/jts/operation/distance3d/package-use.html...
Generating /workspaces/master-thesis-pascal-joos/code_cure_agent/cca_workspace/jts/modules/core/target/apidocs/org/locationtech/jts/operation/linemerge/package-use.html...
Generating /workspaces/master-thesis-pascal-joos/code_cure_agent/cca_workspace/jts/modules/core/target/apidocs/org/locationtech/jts/operation/overlay/package-use.html...
Generating /workspaces/master-thesis-pascal-joos/code_cure_agent/cca_workspace/jts/modules/core/target/apidocs/org/locationtech/jts/operation/overlay/snap/package-use.html...
Generating /workspaces/master-thesis-pascal-joos/code_cure_agent/cca_workspace/jts/modules/core/target/apidocs/org/locationtech/jts/operation/overlay/validate/package-use.html...
Generating /workspaces/master-thesis-pascal-joos/code_cure_agent/cca_workspace/jts/modules/core/target/apidocs/org/locationtech/jts/operation/overlayng/package-use.html...
Generating /workspaces/master-thesis-pascal-joos/code_cure_agent/cca_workspace/jts/modules/core/target/apidocs/org/locationtech/jts/operation/polygonize/package-use.html...
Generating /workspaces/master-thesis-pascal-joos/code_cure_agent/cca_workspace/jts/modules/core/target/apidocs/org/locationtech/jts/operation/predicate/package-use.html...
Generating /workspaces/master-thesis-pascal-joos/code_cure_agent/cca_workspace/jts/modules/core/target/apidocs/org/locationtech/jts/operation/relate/package-use.html...
Generating /workspaces/master-thesis-pascal-joos/code_cure_agent/cca_workspace/jts/modules/core/target/apidocs/org/locationtech/jts/operation/union/package-use.html...
Generating /workspaces/master-thesis-pascal-joos/code_cure_agent/cca_workspace/jts/modules/core/target/apidocs/org/locationtech/jts/operation/valid/package-use.html...
Generating /workspaces/master-thesis-pascal-joos/code_cure_agent/cca_workspace/jts/modules/core/target/apidocs/org/locationtech/jts/planargraph/package-use.html...
Generating /workspaces/master-thesis-pascal-joos/code_cure_agent/cca_workspace/jts/modules/core/target/apidocs/org/locationtech/jts/planargraph/algorithm/package-use.html...
Generating /workspaces/master-thesis-pascal-joos/code_cure_agent/cca_workspace/jts/modules/core/target/apidocs/org/locationtech/jts/precision/package-use.html...
Generating /workspaces/master-thesis-pascal-joos/code_cure_agent/cca_workspace/jts/modules/core/target/apidocs/org/locationtech/jts/shape/package-use.html...
Generating /workspaces/master-thesis-pascal-joos/code_cure_agent/cca_workspace/jts/modules/core/target/apidocs/org/locationtech/jts/shape/fractal/package-use.html...
Generating /workspaces/master-thesis-pascal-joos/code_cure_agent/cca_workspace/jts/modules/core/target/apidocs/org/locationtech/jts/shape/random/package-use.html...
Generating /workspaces/master-thesis-pascal-joos/code_cure_agent/cca_workspace/jts/modules/core/target/apidocs/org/locationtech/jts/simplify/package-use.html...
Generating /workspaces/master-thesis-pascal-joos/code_cure_agent/cca_workspace/jts/modules/core/target/apidocs/org/locationtech/jts/triangulate/package-use.html...
Generating /workspaces/master-thesis-pascal-joos/code_cure_agent/cca_workspace/jts/modules/core/target/apidocs/org/locationtech/jts/triangulate/quadedge/package-use.html...
Generating /workspaces/master-thesis-pascal-joos/code_cure_agent/cca_workspace/jts/modules/core/target/apidocs/org/locationtech/jts/util/package-use.html...
Building index for all the packages and classes...
Generating /workspaces/master-thesis-pascal-joos/code_cure_agent/cca_workspace/jts/modules/core/target/apidocs/overview-tree.html...
Generating /workspaces/master-thesis-pascal-joos/code_cure_agent/cca_workspace/jts/modules/core/target/apidocs/index-all.html...
Building index for all classes...
Generating /workspaces/master-thesis-pascal-joos/code_cure_agent/cca_workspace/jts/modules/core/target/apidocs/allclasses-index.html...
Generating /workspaces/master-thesis-pascal-joos/code_cure_agent/cca_workspace/jts/modules/core/target/apidocs/allpackages-index.html...
Generating /workspaces/master-thesis-pascal-joos/code_cure_agent/cca_workspace/jts/modules/core/target/apidocs/deprecated-list.html...
Building index for all classes...
Generating /workspaces/master-thesis-pascal-joos/code_cure_agent/cca_workspace/jts/modules/core/target/apidocs/allclasses.html...
Generating /workspaces/master-thesis-pascal-joos/code_cure_agent/cca_workspace/jts/modules/core/target/apidocs/allclasses.html...
Generating /workspaces/master-thesis-pascal-joos/code_cure_agent/cca_workspace/jts/modules/core/target/apidocs/index.html...
Generating /workspaces/master-thesis-pascal-joos/code_cure_agent/cca_workspace/jts/modules/core/target/apidocs/overview-summary.html...
Generating /workspaces/master-thesis-pascal-joos/code_cure_agent/cca_workspace/jts/modules/core/target/apidocs/help-doc.html...
87 warnings
[WARNING] Javadoc Warnings
[WARNING] /workspaces/master-thesis-pascal-joos/code_cure_agent/cca_workspace/jts/modules/core/src/main/java/org/locationtech/jts/algorithm/PointLocation.java:91: warning - Tag @see: reference not found: locatePointInRing
[WARNING] /workspaces/master-thesis-pascal-joos/code_cure_agent/cca_workspace/jts/modules/core/src/main/java/org/locationtech/jts/algorithm/locate/IndexedPointInAreaLocator.java:40: warning - Tag @link: reference not found: Location.BOUNDARY
[WARNING] /workspaces/master-thesis-pascal-joos/code_cure_agent/cca_workspace/jts/modules/core/src/main/java/org/locationtech/jts/algorithm/locate/SimplePointInAreaLocator.java:37: warning - Tag @link: reference not found: PointInAreaLocator
[WARNING] /workspaces/master-thesis-pascal-joos/code_cure_agent/cca_workspace/jts/modules/core/src/main/java/org/locationtech/jts/algorithm/locate/SimplePointInAreaLocator.java:56: warning - Tag @link: reference not found: Location.INTERIOR
[WARNING] /workspaces/master-thesis-pascal-joos/code_cure_agent/cca_workspace/jts/modules/core/src/main/java/org/locationtech/jts/algorithm/locate/SimplePointInAreaLocator.java:57: warning - Tag @link: reference not found: Location.BOUNDARY
[WARNING] /workspaces/master-thesis-pascal-joos/code_cure_agent/cca_workspace/jts/modules/core/src/main/java/org/locationtech/jts/algorithm/locate/SimplePointInAreaLocator.java:58: warning - Tag @link: reference not found: Location.EXTERIOR
[WARNING] /workspaces/master-thesis-pascal-joos/code_cure_agent/cca_workspace/jts/modules/core/src/main/java/org/locationtech/jts/algorithm/locate/SimplePointInAreaLocator.java:116: warning - Tag @link: reference not found: Location.INTERIOR
[WARNING] /workspaces/master-thesis-pascal-joos/code_cure_agent/cca_workspace/jts/modules/core/src/main/java/org/locationtech/jts/algorithm/locate/SimplePointInAreaLocator.java:117: warning - Tag @link: reference not found: Location.BOUNDARY
[WARNING] /workspaces/master-thesis-pascal-joos/code_cure_agent/cca_workspace/jts/modules/core/src/main/java/org/locationtech/jts/algorithm/locate/SimplePointInAreaLocator.java:118: warning - Tag @link: reference not found: Location.EXTERIOR
[WARNING] /workspaces/master-thesis-pascal-joos/code_cure_agent/cca_workspace/jts/modules/core/src/main/java/org/locationtech/jts/algorithm/locate/SimplePointInAreaLocator.java:193: warning - Tag @link: reference not found: Location.INTERIOR
[WARNING] /workspaces/master-thesis-pascal-joos/code_cure_agent/cca_workspace/jts/modules/core/src/main/java/org/locationtech/jts/algorithm/locate/SimplePointInAreaLocator.java:194: warning - Tag @link: reference not found: Location.BOUNDARY
[WARNING] /workspaces/master-thesis-pascal-joos/code_cure_agent/cca_workspace/jts/modules/core/src/main/java/org/locationtech/jts/algorithm/locate/SimplePointInAreaLocator.java:195: warning - Tag @link: reference not found: Location.EXTERIOR
[WARNING] /workspaces/master-thesis-pascal-joos/code_cure_agent/cca_workspace/jts/modules/core/src/main/java/org/locationtech/jts/awt/ShapeWriter.java:123: warning - @param argument "doDecimation" is not a parameter name.
[WARNING] /workspaces/master-thesis-pascal-joos/code_cure_agent/cca_workspace/jts/modules/core/src/main/java/org/locationtech/jts/dissolve/LineDissolver.java:36: warning - Tag @link: reference not found: Linestring
[WARNING] /workspaces/master-thesis-pascal-joos/code_cure_agent/cca_workspace/jts/modules/core/src/main/java/org/locationtech/jts/edgegraph/HalfEdge.java:85: warning - @param argument "e" is not a parameter name.
[WARNING] /workspaces/master-thesis-pascal-joos/code_cure_agent/cca_workspace/jts/modules/core/src/main/java/org/locationtech/jts/geom/Coordinate.java:65: warning - Tag @link: reference not found: #getDimension()
[WARNING] /workspaces/master-thesis-pascal-joos/code_cure_agent/cca_workspace/jts/modules/core/src/main/java/org/locationtech/jts/geom/Coordinate.java:65: warning - Tag @link: reference not found: #getMeasures()
[WARNING] /workspaces/master-thesis-pascal-joos/code_cure_agent/cca_workspace/jts/modules/core/src/main/java/org/locationtech/jts/geom/Coordinate.java:73: warning - Tag @link: reference not found: #getDimension()
[WARNING] /workspaces/master-thesis-pascal-joos/code_cure_agent/cca_workspace/jts/modules/core/src/main/java/org/locationtech/jts/geom/Coordinate.java:73: warning - Tag @link: reference not found: #getMeasures()
[WARNING] /workspaces/master-thesis-pascal-joos/code_cure_agent/cca_workspace/jts/modules/core/src/main/java/org/locationtech/jts/geom/Coordinate.java:512: warning - @param argument "o1" is not a parameter name.
[WARNING] /workspaces/master-thesis-pascal-joos/code_cure_agent/cca_workspace/jts/modules/core/src/main/java/org/locationtech/jts/geom/Coordinate.java:513: warning - @param argument "o2" is not a parameter name.
[WARNING] /workspaces/master-thesis-pascal-joos/code_cure_agent/cca_workspace/jts/modules/core/src/main/java/org/locationtech/jts/geom/CoordinateArrays.java:126: warning - invalid usage of tag <
[WARNING] /workspaces/master-thesis-pascal-joos/code_cure_agent/cca_workspace/jts/modules/core/src/main/java/org/locationtech/jts/geom/CoordinateArrays.java:126: warning - invalid usage of tag >
[WARNING] /workspaces/master-thesis-pascal-joos/code_cure_agent/cca_workspace/jts/modules/core/src/main/java/org/locationtech/jts/geom/CoordinateList.java:224: warning - @param argument "direction" is not a parameter name.
[WARNING] /workspaces/master-thesis-pascal-joos/code_cure_agent/cca_workspace/jts/modules/core/src/main/java/org/locationtech/jts/geom/CoordinateSequence.java:37: warning - Tag @link: reference not found: ExtendedCoordinateExample
[WARNING] /workspaces/master-thesis-pascal-joos/code_cure_agent/cca_workspace/jts/modules/core/src/main/java/org/locationtech/jts/geom/CoordinateSequence.java:41: warning - Tag @see: reference not found: ExtendedCoordinateExample
[WARNING] /workspaces/master-thesis-pascal-joos/code_cure_agent/cca_workspace/jts/modules/core/src/main/java/org/locationtech/jts/geom/CoordinateSequence.java:111: warning - invalid usage of tag >
[WARNING] /workspaces/master-thesis-pascal-joos/code_cure_agent/cca_workspace/jts/modules/core/src/main/java/org/locationtech/jts/geom/CoordinateXYM.java:39: warning - Tag @link: reference not found: #getDimension()
[WARNING] /workspaces/master-thesis-pascal-joos/code_cure_agent/cca_workspace/jts/modules/core/src/main/java/org/locationtech/jts/geom/CoordinateXYM.java:39: warning - Tag @link: reference not found: #getMeasures()
[WARNING] /workspaces/master-thesis-pascal-joos/code_cure_agent/cca_workspace/jts/modules/core/src/main/java/org/locationtech/jts/geom/LineSegment.java:171: warning - Tag @link: reference not found: Orientation#computeOrientation
[WARNING] /workspaces/master-thesis-pascal-joos/code_cure_agent/cca_workspace/jts/modules/core/src/main/java/org/locationtech/jts/geom/LineSegment.java:179: warning - Tag @see: reference not found: Orientation#computeOrientation(Coordinate, Coordinate, Coordinate)
[WARNING] /workspaces/master-thesis-pascal-joos/code_cure_agent/cca_workspace/jts/modules/core/src/main/java/org/locationtech/jts/index/bintree/Bintree.java:130: warning - @param argument "itemEnv" is not a parameter name.
[WARNING] /workspaces/master-thesis-pascal-joos/code_cure_agent/cca_workspace/jts/modules/core/src/main/java/org/locationtech/jts/index/bintree/Bintree.java:176: warning - @param argument "resultItems" is not a parameter name.
[WARNING] /workspaces/master-thesis-pascal-joos/code_cure_agent/cca_workspace/jts/modules/core/src/main/java/org/locationtech/jts/index/kdtree/KdTree.java:47: warning - Tag @link: reference not found: StackOverflowException
[WARNING] /workspaces/master-thesis-pascal-joos/code_cure_agent/cca_workspace/jts/modules/core/src/main/java/org/locationtech/jts/index/strtree/GeometryItemDistance.java:26: warning - Tag @link: reference not found: Double.MAX_VALUE
[WARNING] /workspaces/master-thesis-pascal-joos/code_cure_agent/cca_workspace/jts/modules/core/src/main/java/org/locationtech/jts/index/strtree/STRtree.java:262: warning - invalid usage of tag <
[WARNING] /workspaces/master-thesis-pascal-joos/code_cure_agent/cca_workspace/jts/modules/core/src/main/java/org/locationtech/jts/io/WKTFileReader.java:97: warning - @param argument "isLenient" is not a parameter name.
[WARNING] /workspaces/master-thesis-pascal-joos/code_cure_agent/cca_workspace/jts/modules/core/src/main/java/org/locationtech/jts/math/Vector3D.java:89: warning - Tag @return cannot be used in constructor documentation.  It can only be used in the following types of documentation: method.
[WARNING] /workspaces/master-thesis-pascal-joos/code_cure_agent/cca_workspace/jts/modules/core/src/main/java/org/locationtech/jts/math/Vector3D.java:88: warning - @param argument "coord" is not a parameter name.
[WARNING] /workspaces/master-thesis-pascal-joos/code_cure_agent/cca_workspace/jts/modules/core/src/main/java/org/locationtech/jts/math/Vector3D.java:104: warning - Tag @return cannot be used in constructor documentation.  It can only be used in the following types of documentation: method.
[WARNING] /workspaces/master-thesis-pascal-joos/code_cure_agent/cca_workspace/jts/modules/core/src/main/java/org/locationtech/jts/noding/MCIndexSegmentSetMutualIntersector.java:86: warning - @param argument "a" is not a parameter name.
[WARNING] /workspaces/master-thesis-pascal-joos/code_cure_agent/cca_workspace/jts/modules/core/src/main/java/org/locationtech/jts/noding/MCIndexSegmentSetMutualIntersector.java:87: warning - @param argument "the" is not a parameter name.
[WARNING] /workspaces/master-thesis-pascal-joos/code_cure_agent/cca_workspace/jts/modules/core/src/main/java/org/locationtech/jts/noding/NodedSegmentString.java:86: warning - @param argument "segString" is not a parameter name.
[WARNING] /workspaces/master-thesis-pascal-joos/code_cure_agent/cca_workspace/jts/modules/core/src/main/java/org/locationtech/jts/noding/NodingIntersectionFinder.java:33: warning - invalid usage of tag {@link #setInteriorIntersectionsOnly(boolean).
[WARNING] /workspaces/master-thesis-pascal-joos/code_cure_agent/cca_workspace/jts/modules/core/src/main/java/org/locationtech/jts/noding/SimpleSegmentSetMutualIntersector.java:46: warning - @param argument "a" is not a parameter name.
[WARNING] /workspaces/master-thesis-pascal-joos/code_cure_agent/cca_workspace/jts/modules/core/src/main/java/org/locationtech/jts/noding/SimpleSegmentSetMutualIntersector.java:47: warning - @param argument "the" is not a parameter name.
[WARNING] /workspaces/master-thesis-pascal-joos/code_cure_agent/cca_workspace/jts/modules/core/src/main/java/org/locationtech/jts/noding/ValidatingNoder.java:14: warning - Tag @link: reference not found: TopologyException
[WARNING] /workspaces/master-thesis-pascal-joos/code_cure_agent/cca_workspace/jts/modules/core/src/main/java/org/locationtech/jts/noding/snap/SnappingNoder.java:45: warning - Tag @link: reference not found: ValidatingNoder
[WARNING] /workspaces/master-thesis-pascal-joos/code_cure_agent/cca_workspace/jts/modules/core/src/main/java/org/locationtech/jts/noding/snapround/HotPixel.java:69: warning - @param argument "li" is not a parameter name.
[WARNING] /workspaces/master-thesis-pascal-joos/code_cure_agent/cca_workspace/jts/modules/core/src/main/java/org/locationtech/jts/noding/snapround/SnapRoundingNoder.java:53: warning - Tag @link: reference not found: SnappingNoder
[WARNING] /workspaces/master-thesis-pascal-joos/code_cure_agent/cca_workspace/jts/modules/core/src/main/java/org/locationtech/jts/operation/buffer/VariableBuffer.java:61: warning - Tag @link: reference not found: LinearRing
[WARNING] /workspaces/master-thesis-pascal-joos/code_cure_agent/cca_workspace/jts/modules/core/src/main/java/org/locationtech/jts/operation/overlayng/CoverageUnion.java:22: warning - Tag @link: reference not found: Polygon
[WARNING] /workspaces/master-thesis-pascal-joos/code_cure_agent/cca_workspace/jts/modules/core/src/main/java/org/locationtech/jts/operation/overlayng/CoverageUnion.java:31: warning - Tag @link: reference not found: LineString
[WARNING] /workspaces/master-thesis-pascal-joos/code_cure_agent/cca_workspace/jts/modules/core/src/main/java/org/locationtech/jts/operation/overlayng/CoverageUnion.java:43: warning - Tag @link: reference not found: TopologyException
[WARNING] /workspaces/master-thesis-pascal-joos/code_cure_agent/cca_workspace/jts/modules/core/src/main/java/org/locationtech/jts/operation/overlayng/OverlayNG.java:67: warning - invalid usage of tag <
[WARNING] /workspaces/master-thesis-pascal-joos/code_cure_agent/cca_workspace/jts/modules/core/src/main/java/org/locationtech/jts/operation/overlayng/OverlayNGRobust.java:35: warning - Tag @link: reference not found: SnapRoundngNoder
[WARNING] /workspaces/master-thesis-pascal-joos/code_cure_agent/cca_workspace/jts/modules/core/src/main/java/org/locationtech/jts/operation/overlayng/PrecisionReducer.java:24: warning - Tag @link: reference not found: GeometryPrecisionReducer
[WARNING] /workspaces/master-thesis-pascal-joos/code_cure_agent/cca_workspace/jts/modules/core/src/main/java/org/locationtech/jts/operation/overlayng/PrecisionReducer.java:26: warning - Tag @see: reference not found: GeometryPrecisionReducer
[WARNING] /workspaces/master-thesis-pascal-joos/code_cure_agent/cca_workspace/jts/modules/core/src/main/java/org/locationtech/jts/operation/overlayng/PrecisionUtil.java:71: warning - Tag @link: reference not found: MAX_PRECISION_DIGITS
[WARNING] /workspaces/master-thesis-pascal-joos/code_cure_agent/cca_workspace/jts/modules/core/src/main/java/org/locationtech/jts/operation/overlayng/PrecisionUtil.java:85: warning - Tag @link: reference not found: MAX_PRECISION_DIGITS
[WARNING] /workspaces/master-thesis-pascal-joos/code_cure_agent/cca_workspace/jts/modules/core/src/main/java/org/locationtech/jts/operation/overlayng/PrecisionUtil.java:99: warning - Tag @link: reference not found: MAX_PRECISION_DIGITS
[WARNING] /workspaces/master-thesis-pascal-joos/code_cure_agent/cca_workspace/jts/modules/core/src/main/java/org/locationtech/jts/operation/overlayng/PrecisionUtil.java:197: warning - @param argument "value" is not a parameter name.
[WARNING] /workspaces/master-thesis-pascal-joos/code_cure_agent/cca_workspace/jts/modules/core/src/main/java/org/locationtech/jts/operation/overlayng/RingClipper.java:75: warning - @param argument "ring" is not a parameter name.
[WARNING] /workspaces/master-thesis-pascal-joos/code_cure_agent/cca_workspace/jts/modules/core/src/main/java/org/locationtech/jts/operation/overlayng/RingClipper.java:76: warning - @param argument "env" is not a parameter name.
[WARNING] /workspaces/master-thesis-pascal-joos/code_cure_agent/cca_workspace/jts/modules/core/src/main/java/org/locationtech/jts/operation/polygonize/Polygonizer.java:181: warning - Tag @link: reference not found: Polygonal
[WARNING] /workspaces/master-thesis-pascal-joos/code_cure_agent/cca_workspace/jts/modules/core/src/main/java/org/locationtech/jts/operation/union/UnaryUnionOp.java:29: warning - Tag @link: reference not found: GeoometryCollection
[WARNING] /workspaces/master-thesis-pascal-joos/code_cure_agent/cca_workspace/jts/modules/core/src/main/java/org/locationtech/jts/operation/union/UnionStrategy.java:27: warning - Tag @link: reference not found: ToppologyException
[WARNING] /workspaces/master-thesis-pascal-joos/code_cure_agent/cca_workspace/jts/modules/core/src/main/java/org/locationtech/jts/planargraph/DirectedEdge.java:167: warning - Tag @link: reference not found: Orientation#computeOrientation(Coordinate, Coordinate, Coordinate)
[WARNING] /workspaces/master-thesis-pascal-joos/code_cure_agent/cca_workspace/jts/modules/core/src/main/java/org/locationtech/jts/planargraph/DirectedEdge.java:188: warning - Tag @link: reference not found: Orientation#computeOrientation(Coordinate, Coordinate, Coordinate)
[WARNING] /workspaces/master-thesis-pascal-joos/code_cure_agent/cca_workspace/jts/modules/core/src/main/java/org/locationtech/jts/dissolve/LineDissolver.java:36: warning - Tag @link: reference not found: Linestring
[WARNING] /workspaces/master-thesis-pascal-joos/code_cure_agent/cca_workspace/jts/modules/core/src/main/java/org/locationtech/jts/operation/overlay/package.html:13: warning - Tag @link: reference not found: Geometry
[WARNING] /workspaces/master-thesis-pascal-joos/code_cure_agent/cca_workspace/jts/modules/core/src/main/java/org/locationtech/jts/operation/overlayng/package.html:13: warning - Tag @link: reference not found: Geometry
[WARNING] /workspaces/master-thesis-pascal-joos/code_cure_agent/cca_workspace/jts/modules/core/src/main/java/org/locationtech/jts/operation/overlayng/package.html:29: warning - Tag @link: reference not found: UnaryUnion
[WARNING] /workspaces/master-thesis-pascal-joos/code_cure_agent/cca_workspace/jts/modules/core/src/main/java/org/locationtech/jts/operation/overlayng/package.html:62: warning - Tag @link: reference not found: LineMerger
[WARNING] /workspaces/master-thesis-pascal-joos/code_cure_agent/cca_workspace/jts/modules/core/src/main/java/org/locationtech/jts/operation/overlayng/package.html:110: warning - Tag @link: reference not found: Noder
[WARNING] /workspaces/master-thesis-pascal-joos/code_cure_agent/cca_workspace/jts/modules/core/src/main/java/org/locationtech/jts/operation/overlayng/package.html:116: warning - Tag @link: reference not found: MCIndexNoder
[WARNING] /workspaces/master-thesis-pascal-joos/code_cure_agent/cca_workspace/jts/modules/core/src/main/java/org/locationtech/jts/operation/overlayng/package.html:118: warning - Tag @link: reference not found: ValidatingNoder
[WARNING] /workspaces/master-thesis-pascal-joos/code_cure_agent/cca_workspace/jts/modules/core/src/main/java/org/locationtech/jts/operation/overlayng/package.html:120: warning - Tag @link: reference not found: SnappingNoder
[WARNING] /workspaces/master-thesis-pascal-joos/code_cure_agent/cca_workspace/jts/modules/core/src/main/java/org/locationtech/jts/operation/overlayng/package.html:121: warning - Tag @link: reference not found: SnapRoundingNoder
[WARNING] /workspaces/master-thesis-pascal-joos/code_cure_agent/cca_workspace/jts/modules/core/src/main/java/org/locationtech/jts/operation/overlayng/package.html:123: warning - Tag @link: reference not found: SegmentExtractingNoder
[WARNING] /workspaces/master-thesis-pascal-joos/code_cure_agent/cca_workspace/jts/modules/core/src/main/java/org/locationtech/jts/operation/overlayng/package.html:153: warning - invalid usage of tag <
[WARNING] /workspaces/master-thesis-pascal-joos/code_cure_agent/cca_workspace/jts/modules/core/src/main/java/org/locationtech/jts/operation/overlayng/package.html:153: warning - invalid usage of tag >
[WARNING] /workspaces/master-thesis-pascal-joos/code_cure_agent/cca_workspace/jts/modules/core/src/main/java/org/locationtech/jts/operation/union/UnaryUnionOp.java:29: warning - Tag @link: reference not found: GeoometryCollection
[WARNING] /workspaces/master-thesis-pascal-joos/code_cure_agent/cca_workspace/jts/modules/core/src/main/java/org/locationtech/jts/dissolve/LineDissolver.java:36: warning - Tag @link: reference not found: Linestring
[WARNING] /workspaces/master-thesis-pascal-joos/code_cure_agent/cca_workspace/jts/modules/core/src/main/java/org/locationtech/jts/operation/union/UnaryUnionOp.java:29: warning - Tag @link: reference not found: GeoometryCollection
[WARNING] /workspaces/master-thesis-pascal-joos/code_cure_agent/cca_workspace/jts/modules/core/src/main/java/org/locationtech/jts/dissolve/LineDissolver.java:36: warning - Tag @link: reference not found: Linestring
[WARNING] /workspaces/master-thesis-pascal-joos/code_cure_agent/cca_workspace/jts/modules/core/src/main/java/org/locationtech/jts/operation/union/UnaryUnionOp.java:29: warning - Tag @link: reference not found: GeoometryCollection
[INFO] Building jar: /workspaces/master-thesis-pascal-joos/code_cure_agent/cca_workspace/jts/modules/core/target/jts-core-1.18.0-SNAPSHOT-javadoc.jar
[INFO] 
[INFO] --- maven-source-plugin:2.2.1:jar-no-fork (attach-sources) @ jts-core ---
[INFO] Building jar: /workspaces/master-thesis-pascal-joos/code_cure_agent/cca_workspace/jts/modules/core/target/jts-core-1.18.0-SNAPSHOT-sources.jar
[INFO] 
[INFO] --- maven-jar-plugin:3.0.2:test-jar (default) @ jts-core ---
[INFO] Building jar: /workspaces/master-thesis-pascal-joos/code_cure_agent/cca_workspace/jts/modules/core/target/jts-core-1.18.0-SNAPSHOT-tests.jar
[INFO] 
[INFO] --------------------< org.locationtech.jts:jts-io >---------------------
[INFO] Building org.locationtech.jts:jts-io 1.18.0-SNAPSHOT               [4/9]
[INFO] --------------------------------[ pom ]---------------------------------
[INFO] 
[INFO] --- maven-clean-plugin:2.5:clean (default-clean) @ jts-io ---
[INFO] 
[INFO] --- maven-javadoc-plugin:3.0.0-M1:jar (attach-javadocs) @ jts-io ---
[INFO] Not executing Javadoc as the project is not a Java classpath-capable package
[INFO] 
[INFO] --- maven-source-plugin:2.2.1:jar-no-fork (attach-sources) @ jts-io ---
[INFO] 
[INFO] ---------------< org.locationtech.jts.io:jts-io-common >----------------
[INFO] Building org.locationtech.jts.io:jts-io-common 1.18.0-SNAPSHOT     [5/9]
[INFO] --------------------------------[ jar ]---------------------------------
[INFO] 
[INFO] --- maven-clean-plugin:2.5:clean (default-clean) @ jts-io-common ---
[INFO] 
[INFO] --- maven-resources-plugin:2.6:resources (default-resources) @ jts-io-common ---
[INFO] Using 'UTF-8' encoding to copy filtered resources.
[INFO] skip non existing resourceDirectory /workspaces/master-thesis-pascal-joos/code_cure_agent/cca_workspace/jts/modules/io/common/src/main/resources
[INFO] 
[INFO] --- maven-compiler-plugin:3.1:compile (default-compile) @ jts-io-common ---
[INFO] Changes detected - recompiling the module!
[INFO] Compiling 3 source files to /workspaces/master-thesis-pascal-joos/code_cure_agent/cca_workspace/jts/modules/io/common/target/classes
[INFO] 
[INFO] --- maven-resources-plugin:2.6:testResources (default-testResources) @ jts-io-common ---
[INFO] Using 'UTF-8' encoding to copy filtered resources.
[INFO] skip non existing resourceDirectory /workspaces/master-thesis-pascal-joos/code_cure_agent/cca_workspace/jts/modules/io/common/src/test/resources
[INFO] 
[INFO] --- maven-compiler-plugin:3.1:testCompile (default-testCompile) @ jts-io-common ---
[INFO] Changes detected - recompiling the module!
[INFO] Compiling 3 source files to /workspaces/master-thesis-pascal-joos/code_cure_agent/cca_workspace/jts/modules/io/common/target/test-classes
[INFO] 
[INFO] --- maven-surefire-plugin:2.15:test (default-test) @ jts-io-common ---
[INFO] Tests are skipped.
[INFO] 
[INFO] --- maven-jar-plugin:2.4:jar (default-jar) @ jts-io-common ---
[INFO] Building jar: /workspaces/master-thesis-pascal-joos/code_cure_agent/cca_workspace/jts/modules/io/common/target/jts-io-common-1.18.0-SNAPSHOT.jar
[INFO] 
[INFO] --- maven-javadoc-plugin:3.0.0-M1:jar (attach-javadocs) @ jts-io-common ---
[INFO] 
Loading source files for package org.locationtech.jts.io.geojson...
Constructing Javadoc information...
Standard Doclet version 11.0.27
Building tree for all the packages and classes...
Generating /workspaces/master-thesis-pascal-joos/code_cure_agent/cca_workspace/jts/modules/io/common/target/apidocs/org/locationtech/jts/io/geojson/GeoJsonConstants.html...
Generating /workspaces/master-thesis-pascal-joos/code_cure_agent/cca_workspace/jts/modules/io/common/target/apidocs/org/locationtech/jts/io/geojson/GeoJsonReader.html...
Generating /workspaces/master-thesis-pascal-joos/code_cure_agent/cca_workspace/jts/modules/io/common/target/apidocs/org/locationtech/jts/io/geojson/GeoJsonWriter.html...
Generating /workspaces/master-thesis-pascal-joos/code_cure_agent/cca_workspace/jts/modules/io/common/target/apidocs/org/locationtech/jts/io/geojson/package-summary.html...
Generating /workspaces/master-thesis-pascal-joos/code_cure_agent/cca_workspace/jts/modules/io/common/target/apidocs/org/locationtech/jts/io/geojson/package-tree.html...
Generating /workspaces/master-thesis-pascal-joos/code_cure_agent/cca_workspace/jts/modules/io/common/target/apidocs/constant-values.html...
Generating /workspaces/master-thesis-pascal-joos/code_cure_agent/cca_workspace/jts/modules/io/common/target/apidocs/org/locationtech/jts/io/geojson/class-use/GeoJsonWriter.html...
Generating /workspaces/master-thesis-pascal-joos/code_cure_agent/cca_workspace/jts/modules/io/common/target/apidocs/org/locationtech/jts/io/geojson/class-use/GeoJsonConstants.html...
Generating /workspaces/master-thesis-pascal-joos/code_cure_agent/cca_workspace/jts/modules/io/common/target/apidocs/org/locationtech/jts/io/geojson/class-use/GeoJsonReader.html...
Generating /workspaces/master-thesis-pascal-joos/code_cure_agent/cca_workspace/jts/modules/io/common/target/apidocs/org/locationtech/jts/io/geojson/package-use.html...
Building index for all the packages and classes...
Generating /workspaces/master-thesis-pascal-joos/code_cure_agent/cca_workspace/jts/modules/io/common/target/apidocs/overview-tree.html...
Generating /workspaces/master-thesis-pascal-joos/code_cure_agent/cca_workspace/jts/modules/io/common/target/apidocs/index-all.html...
Building index for all classes...
Generating /workspaces/master-thesis-pascal-joos/code_cure_agent/cca_workspace/jts/modules/io/common/target/apidocs/allclasses-index.html...
Generating /workspaces/master-thesis-pascal-joos/code_cure_agent/cca_workspace/jts/modules/io/common/target/apidocs/allpackages-index.html...
Generating /workspaces/master-thesis-pascal-joos/code_cure_agent/cca_workspace/jts/modules/io/common/target/apidocs/deprecated-list.html...
Building index for all classes...
Generating /workspaces/master-thesis-pascal-joos/code_cure_agent/cca_workspace/jts/modules/io/common/target/apidocs/allclasses.html...
Generating /workspaces/master-thesis-pascal-joos/code_cure_agent/cca_workspace/jts/modules/io/common/target/apidocs/allclasses.html...
Generating /workspaces/master-thesis-pascal-joos/code_cure_agent/cca_workspace/jts/modules/io/common/target/apidocs/index.html...
Generating /workspaces/master-thesis-pascal-joos/code_cure_agent/cca_workspace/jts/modules/io/common/target/apidocs/help-doc.html...
[INFO] Building jar: /workspaces/master-thesis-pascal-joos/code_cure_agent/cca_workspace/jts/modules/io/common/target/jts-io-common-1.18.0-SNAPSHOT-javadoc.jar
[INFO] 
[INFO] --- maven-source-plugin:2.2.1:jar-no-fork (attach-sources) @ jts-io-common ---
[INFO] Building jar: /workspaces/master-thesis-pascal-joos/code_cure_agent/cca_workspace/jts/modules/io/common/target/jts-io-common-1.18.0-SNAPSHOT-sources.jar
[INFO] 
[INFO] ------------------< org.locationtech.jts:jts-example >------------------
[INFO] Building org.locationtech.jts:jts-example 1.18.0-SNAPSHOT          [6/9]
[INFO] --------------------------------[ jar ]---------------------------------
[INFO] 
[INFO] --- maven-clean-plugin:2.5:clean (default-clean) @ jts-example ---
[INFO] 
[INFO] --- maven-resources-plugin:2.6:resources (default-resources) @ jts-example ---
[INFO] Using 'UTF-8' encoding to copy filtered resources.
[INFO] skip non existing resourceDirectory /workspaces/master-thesis-pascal-joos/code_cure_agent/cca_workspace/jts/modules/example/src/main/resources
[INFO] 
[INFO] --- maven-compiler-plugin:3.1:compile (default-compile) @ jts-example ---
[INFO] Changes detected - recompiling the module!
[INFO] Compiling 18 source files to /workspaces/master-thesis-pascal-joos/code_cure_agent/cca_workspace/jts/modules/example/target/classes
[WARNING] /workspaces/master-thesis-pascal-joos/code_cure_agent/cca_workspace/jts/modules/example/src/main/java/org/locationtech/jtsexample/io/gml2/KMLReaderExample.java: /workspaces/master-thesis-pascal-joos/code_cure_agent/cca_workspace/jts/modules/example/src/main/java/org/locationtech/jtsexample/io/gml2/KMLReaderExample.java uses or overrides a deprecated API.
[WARNING] /workspaces/master-thesis-pascal-joos/code_cure_agent/cca_workspace/jts/modules/example/src/main/java/org/locationtech/jtsexample/io/gml2/KMLReaderExample.java: Recompile with -Xlint:deprecation for details.
[WARNING] /workspaces/master-thesis-pascal-joos/code_cure_agent/cca_workspace/jts/modules/example/src/main/java/org/locationtech/jtsexample/io/gml2/KMLReaderExample.java: Some input files use unchecked or unsafe operations.
[WARNING] /workspaces/master-thesis-pascal-joos/code_cure_agent/cca_workspace/jts/modules/example/src/main/java/org/locationtech/jtsexample/io/gml2/KMLReaderExample.java: Recompile with -Xlint:unchecked for details.
[INFO] 
[INFO] --- maven-resources-plugin:2.6:testResources (default-testResources) @ jts-example ---
[INFO] Using 'UTF-8' encoding to copy filtered resources.
[INFO] skip non existing resourceDirectory /workspaces/master-thesis-pascal-joos/code_cure_agent/cca_workspace/jts/modules/example/src/test/resources
[INFO] 
[INFO] --- maven-compiler-plugin:3.1:testCompile (default-testCompile) @ jts-example ---
[INFO] No sources to compile
[INFO] 
[INFO] --- maven-surefire-plugin:2.15:test (default-test) @ jts-example ---
[INFO] Tests are skipped.
[INFO] 
[INFO] --- maven-jar-plugin:2.4:jar (default-jar) @ jts-example ---
[INFO] Building jar: /workspaces/master-thesis-pascal-joos/code_cure_agent/cca_workspace/jts/modules/example/target/jts-example-1.18.0-SNAPSHOT.jar
[INFO] 
[INFO] --- maven-javadoc-plugin:3.0.0-M1:jar (attach-javadocs) @ jts-example ---
[INFO] 
[INFO] --- maven-source-plugin:2.2.1:jar-no-fork (attach-sources) @ jts-example ---
[INFO] Building jar: /workspaces/master-thesis-pascal-joos/code_cure_agent/cca_workspace/jts/modules/example/target/jts-example-1.18.0-SNAPSHOT-sources.jar
[INFO] 
[INFO] -------------------< org.locationtech.jts:jts-tests >-------------------
[INFO] Building org.locationtech.jts:jts-tests 1.18.0-SNAPSHOT            [7/9]
[INFO] --------------------------------[ jar ]---------------------------------
[INFO] 
[INFO] --- maven-clean-plugin:2.5:clean (default-clean) @ jts-tests ---
[INFO] 
[INFO] --- maven-resources-plugin:2.6:resources (default-resources) @ jts-tests ---
[INFO] Using 'UTF-8' encoding to copy filtered resources.
[INFO] skip non existing resourceDirectory /workspaces/master-thesis-pascal-joos/code_cure_agent/cca_workspace/jts/modules/tests/src/main/resources
[INFO] 
[INFO] --- maven-compiler-plugin:3.1:compile (default-compile) @ jts-tests ---
[INFO] Changes detected - recompiling the module!
[INFO] Compiling 49 source files to /workspaces/master-thesis-pascal-joos/code_cure_agent/cca_workspace/jts/modules/tests/target/classes
[WARNING] /workspaces/master-thesis-pascal-joos/code_cure_agent/cca_workspace/jts/modules/tests/src/main/java/org/locationtech/jtstest/util/StringUtil.java: Some input files use or override a deprecated API.
[WARNING] /workspaces/master-thesis-pascal-joos/code_cure_agent/cca_workspace/jts/modules/tests/src/main/java/org/locationtech/jtstest/util/StringUtil.java: Recompile with -Xlint:deprecation for details.
[WARNING] /workspaces/master-thesis-pascal-joos/code_cure_agent/cca_workspace/jts/modules/tests/src/main/java/org/locationtech/jtstest/geomop/GeometryMethodOperation.java: Some input files use unchecked or unsafe operations.
[WARNING] /workspaces/master-thesis-pascal-joos/code_cure_agent/cca_workspace/jts/modules/tests/src/main/java/org/locationtech/jtstest/geomop/GeometryMethodOperation.java: Recompile with -Xlint:unchecked for details.
[INFO] 
[INFO] --- maven-resources-plugin:2.6:testResources (default-testResources) @ jts-tests ---
[INFO] Using 'UTF-8' encoding to copy filtered resources.
[INFO] Copying 127 resources
[INFO] 
[INFO] --- maven-compiler-plugin:3.1:testCompile (default-testCompile) @ jts-tests ---
[INFO] Changes detected - recompiling the module!
[INFO] Compiling 1 source file to /workspaces/master-thesis-pascal-joos/code_cure_agent/cca_workspace/jts/modules/tests/target/test-classes
[WARNING] /workspaces/master-thesis-pascal-joos/code_cure_agent/cca_workspace/jts/modules/tests/src/test/java/org/locationtech/jtstest/CoreGeometryXMLTest.java: /workspaces/master-thesis-pascal-joos/code_cure_agent/cca_workspace/jts/modules/tests/src/test/java/org/locationtech/jtstest/CoreGeometryXMLTest.java uses unchecked or unsafe operations.
[WARNING] /workspaces/master-thesis-pascal-joos/code_cure_agent/cca_workspace/jts/modules/tests/src/test/java/org/locationtech/jtstest/CoreGeometryXMLTest.java: Recompile with -Xlint:unchecked for details.
[INFO] 
[INFO] --- maven-surefire-plugin:2.15:test (default-test) @ jts-tests ---
[INFO] Tests are skipped.
[INFO] 
[INFO] --- maven-jar-plugin:2.4:jar (default-jar) @ jts-tests ---
[INFO] Building jar: /workspaces/master-thesis-pascal-joos/code_cure_agent/cca_workspace/jts/modules/tests/target/jts-tests-1.18.0-SNAPSHOT.jar
[INFO] 
[INFO] --- maven-javadoc-plugin:3.0.0-M1:jar (attach-javadocs) @ jts-tests ---
[INFO] 
[INFO] --- maven-source-plugin:2.2.1:jar-no-fork (attach-sources) @ jts-tests ---
[INFO] Building jar: /workspaces/master-thesis-pascal-joos/code_cure_agent/cca_workspace/jts/modules/tests/target/jts-tests-1.18.0-SNAPSHOT-sources.jar
[INFO] 
[INFO] --- maven-assembly-plugin:2.6:single (make-assembly) @ jts-tests ---
[INFO] Building jar: /workspaces/master-thesis-pascal-joos/code_cure_agent/cca_workspace/jts/modules/tests/target/JTSTestRunner.jar
[WARNING] Configuration options: 'appendAssemblyId' is set to false, and 'classifier' is missing.
Instead of attaching the assembly file: /workspaces/master-thesis-pascal-joos/code_cure_agent/cca_workspace/jts/modules/tests/target/JTSTestRunner.jar, it will become the file for main project artifact.
NOTE: If multiple descriptors or descriptor-formats are provided for this project, the value of this file will be non-deterministic!
[WARNING] Replacing pre-existing project main-artifact file: /workspaces/master-thesis-pascal-joos/code_cure_agent/cca_workspace/jts/modules/tests/target/jts-tests-1.18.0-SNAPSHOT.jar
with assembly file: /workspaces/master-thesis-pascal-joos/code_cure_agent/cca_workspace/jts/modules/tests/target/JTSTestRunner.jar
[INFO] 
[INFO] --------------------< org.locationtech.jts:jts-app >--------------------
[INFO] Building org.locationtech.jts:jts-app 1.18.0-SNAPSHOT              [8/9]
[INFO] --------------------------------[ jar ]---------------------------------
[INFO] 
[INFO] --- maven-clean-plugin:2.5:clean (default-clean) @ jts-app ---
[INFO] 
[INFO] --- maven-resources-plugin:2.6:resources (default-resources) @ jts-app ---
[INFO] Using 'UTF-8' encoding to copy filtered resources.
[INFO] Copying 76 resources
[INFO] 
[INFO] --- maven-compiler-plugin:3.1:compile (default-compile) @ jts-app ---
[INFO] Changes detected - recompiling the module!
[INFO] Compiling 256 source files to /workspaces/master-thesis-pascal-joos/code_cure_agent/cca_workspace/jts/modules/app/target/classes
[INFO] -------------------------------------------------------------
[WARNING] COMPILATION WARNING : 
[INFO] -------------------------------------------------------------
[WARNING] /workspaces/master-thesis-pascal-joos/code_cure_agent/cca_workspace/jts/modules/app/src/main/java/org/locationtech/jtstest/testbuilder/model/TestCaseEdit.java: Some input files use or override a deprecated API.
[WARNING] /workspaces/master-thesis-pascal-joos/code_cure_agent/cca_workspace/jts/modules/app/src/main/java/org/locationtech/jtstest/testbuilder/model/TestCaseEdit.java: Recompile with -Xlint:deprecation for details.
[WARNING] /workspaces/master-thesis-pascal-joos/code_cure_agent/cca_workspace/jts/modules/app/src/main/java/org/locationtech/jtstest/testbuilder/geom/AdjacentVertexFinder.java: Some input files use unchecked or unsafe operations.
[WARNING] /workspaces/master-thesis-pascal-joos/code_cure_agent/cca_workspace/jts/modules/app/src/main/java/org/locationtech/jtstest/testbuilder/geom/AdjacentVertexFinder.java: Recompile with -Xlint:unchecked for details.
[INFO] 4 warnings 
[INFO] -------------------------------------------------------------
[INFO] -------------------------------------------------------------
[ERROR] COMPILATION ERROR : 
[INFO] -------------------------------------------------------------
[ERROR] /workspaces/master-thesis-pascal-joos/code_cure_agent/cca_workspace/jts/modules/app/src/main/java/org/locationtech/jtstest/testbuilder/topostretch/StretchedVertex.java:[262,17] cannot find symbol
  symbol:   variable quadrant
  location: class org.locationtech.jtstest.testbuilder.topostretch.StretchedVertex
[ERROR] /workspaces/master-thesis-pascal-joos/code_cure_agent/cca_workspace/jts/modules/app/src/main/java/org/locationtech/jtstest/testbuilder/topostretch/StretchedVertex.java:[262,16] illegal parenthesized expression
[ERROR] /workspaces/master-thesis-pascal-joos/code_cure_agent/cca_workspace/jts/modules/app/src/main/java/org/locationtech/jtstest/testbuilder/topostretch/StretchedVertex.java:[263,24] cannot find symbol
  symbol:   variable v
  location: class org.locationtech.jtstest.testbuilder.topostretch.StretchedVertex
[ERROR] /workspaces/master-thesis-pascal-joos/code_cure_agent/cca_workspace/jts/modules/app/src/main/java/org/locationtech/jtstest/testbuilder/topostretch/StretchedVertex.java:[264,40] cannot find symbol
  symbol:   variable v
  location: class org.locationtech.jtstest.testbuilder.topostretch.StretchedVertex
[ERROR] /workspaces/master-thesis-pascal-joos/code_cure_agent/cca_workspace/jts/modules/app/src/main/java/org/locationtech/jtstest/testbuilder/topostretch/StretchedVertex.java:[264,45] cannot find symbol
  symbol:   variable v
  location: class org.locationtech.jtstest.testbuilder.topostretch.StretchedVertex
[ERROR] /workspaces/master-thesis-pascal-joos/code_cure_agent/cca_workspace/jts/modules/app/src/main/java/org/locationtech/jtstest/testbuilder/topostretch/StretchedVertex.java:[264,24] incompatible types: org.locationtech.jts.geom.Coordinate cannot be converted to int
[ERROR] /workspaces/master-thesis-pascal-joos/code_cure_agent/cca_workspace/jts/modules/app/src/main/java/org/locationtech/jtstest/testbuilder/topostretch/StretchedVertex.java:[265,40] cannot find symbol
  symbol:   variable v
  location: class org.locationtech.jtstest.testbuilder.topostretch.StretchedVertex
[ERROR] /workspaces/master-thesis-pascal-joos/code_cure_agent/cca_workspace/jts/modules/app/src/main/java/org/locationtech/jtstest/testbuilder/topostretch/StretchedVertex.java:[265,46] cannot find symbol
  symbol:   variable v
  location: class org.locationtech.jtstest.testbuilder.topostretch.StretchedVertex
[ERROR] /workspaces/master-thesis-pascal-joos/code_cure_agent/cca_workspace/jts/modules/app/src/main/java/org/locationtech/jtstest/testbuilder/topostretch/StretchedVertex.java:[265,24] incompatible types: org.locationtech.jts.geom.Coordinate cannot be converted to int
[ERROR] /workspaces/master-thesis-pascal-joos/code_cure_agent/cca_workspace/jts/modules/app/src/main/java/org/locationtech/jtstest/testbuilder/topostretch/StretchedVertex.java:[266,39] cannot find symbol
  symbol:   variable v
  location: class org.locationtech.jtstest.testbuilder.topostretch.StretchedVertex
[ERROR] /workspaces/master-thesis-pascal-joos/code_cure_agent/cca_workspace/jts/modules/app/src/main/java/org/locationtech/jtstest/testbuilder/topostretch/StretchedVertex.java:[266,45] cannot find symbol
  symbol:   variable v
  location: class org.locationtech.jtstest.testbuilder.topostretch.StretchedVertex
[ERROR] /workspaces/master-thesis-pascal-joos/code_cure_agent/cca_workspace/jts/modules/app/src/main/java/org/locationtech/jtstest/testbuilder/topostretch/StretchedVertex.java:[266,24] incompatible types: org.locationtech.jts.geom.Coordinate cannot be converted to int
[INFO] 12 errors 
[INFO] -------------------------------------------------------------
[INFO] ------------------------------------------------------------------------
[INFO] Reactor Summary for JTS Topology Suite 1.18.0-SNAPSHOT:
[INFO] 
[INFO] JTS Topology Suite ................................. SUCCESS [  0.698 s]
[INFO] org.locationtech.jts:jts-modules ................... SUCCESS [  0.013 s]
[INFO] org.locationtech.jts:jts-core ...................... SUCCESS [ 15.620 s]
[INFO] org.locationtech.jts:jts-io ........................ SUCCESS [  0.009 s]
[INFO] org.locationtech.jts.io:jts-io-common .............. SUCCESS [  1.627 s]
[INFO] org.locationtech.jts:jts-example ................... SUCCESS [  0.156 s]
[INFO] org.locationtech.jts:jts-tests ..................... SUCCESS [  0.866 s]
[INFO] org.locationtech.jts:jts-app ....................... FAILURE [  1.060 s]
[INFO] org.locationtech.jts:jts-lab ....................... SKIPPED
[INFO] ------------------------------------------------------------------------
[INFO] BUILD FAILURE
[INFO] ------------------------------------------------------------------------
[INFO] Total time:  20.734 s
[INFO] Finished at: 2025-08-20T16:35:31Z
[INFO] ------------------------------------------------------------------------
[ERROR] Failed to execute goal org.apache.maven.plugins:maven-compiler-plugin:3.1:compile (default-compile) on project jts-app: Compilation failure: Compilation failure: 
[ERROR] /workspaces/master-thesis-pascal-joos/code_cure_agent/cca_workspace/jts/modules/app/src/main/java/org/locationtech/jtstest/testbuilder/topostretch/StretchedVertex.java:[262,17] cannot find symbol
[ERROR]   symbol:   variable quadrant
[ERROR]   location: class org.locationtech.jtstest.testbuilder.topostretch.StretchedVertex
[ERROR] /workspaces/master-thesis-pascal-joos/code_cure_agent/cca_workspace/jts/modules/app/src/main/java/org/locationtech/jtstest/testbuilder/topostretch/StretchedVertex.java:[262,16] illegal parenthesized expression
[ERROR] /workspaces/master-thesis-pascal-joos/code_cure_agent/cca_workspace/jts/modules/app/src/main/java/org/locationtech/jtstest/testbuilder/topostretch/StretchedVertex.java:[263,24] cannot find symbol
[ERROR]   symbol:   variable v
[ERROR]   location: class org.locationtech.jtstest.testbuilder.topostretch.StretchedVertex
[ERROR] /workspaces/master-thesis-pascal-joos/code_cure_agent/cca_workspace/jts/modules/app/src/main/java/org/locationtech/jtstest/testbuilder/topostretch/StretchedVertex.java:[264,40] cannot find symbol
[ERROR]   symbol:   variable v
[ERROR]   location: class org.locationtech.jtstest.testbuilder.topostretch.StretchedVertex
[ERROR] /workspaces/master-thesis-pascal-joos/code_cure_agent/cca_workspace/jts/modules/app/src/main/java/org/locationtech/jtstest/testbuilder/topostretch/StretchedVertex.java:[264,45] cannot find symbol
[ERROR]   symbol:   variable v
[ERROR]   location: class org.locationtech.jtstest.testbuilder.topostretch.StretchedVertex
[ERROR] /workspaces/master-thesis-pascal-joos/code_cure_agent/cca_workspace/jts/modules/app/src/main/java/org/locationtech/jtstest/testbuilder/topostretch/StretchedVertex.java:[264,24] incompatible types: org.locationtech.jts.geom.Coordinate cannot be converted to int
[ERROR] /workspaces/master-thesis-pascal-joos/code_cure_agent/cca_workspace/jts/modules/app/src/main/java/org/locationtech/jtstest/testbuilder/topostretch/StretchedVertex.java:[265,40] cannot find symbol
[ERROR]   symbol:   variable v
[ERROR]   location: class org.locationtech.jtstest.testbuilder.topostretch.StretchedVertex
[ERROR] /workspaces/master-thesis-pascal-joos/code_cure_agent/cca_workspace/jts/modules/app/src/main/java/org/locationtech/jtstest/testbuilder/topostretch/StretchedVertex.java:[265,46] cannot find symbol
[ERROR]   symbol:   variable v
[ERROR]   location: class org.locationtech.jtstest.testbuilder.topostretch.StretchedVertex
[ERROR] /workspaces/master-thesis-pascal-joos/code_cure_agent/cca_workspace/jts/modules/app/src/main/java/org/locationtech/jtstest/testbuilder/topostretch/StretchedVertex.java:[265,24] incompatible types: org.locationtech.jts.geom.Coordinate cannot be converted to int
[ERROR] /workspaces/master-thesis-pascal-joos/code_cure_agent/cca_workspace/jts/modules/app/src/main/java/org/locationtech/jtstest/testbuilder/topostretch/StretchedVertex.java:[266,39] cannot find symbol
[ERROR]   symbol:   variable v
[ERROR]   location: class org.locationtech.jtstest.testbuilder.topostretch.StretchedVertex
[ERROR] /workspaces/master-thesis-pascal-joos/code_cure_agent/cca_workspace/jts/modules/app/src/main/java/org/locationtech/jtstest/testbuilder/topostretch/StretchedVertex.java:[266,45] cannot find symbol
[ERROR]   symbol:   variable v
[ERROR]   location: class org.locationtech.jtstest.testbuilder.topostretch.StretchedVertex
[ERROR] /workspaces/master-thesis-pascal-joos/code_cure_agent/cca_workspace/jts/modules/app/src/main/java/org/locationtech/jtstest/testbuilder/topostretch/StretchedVertex.java:[266,24] incompatible types: org.locationtech.jts.geom.Coordinate cannot be converted to int
[ERROR] -> [Help 1]
[ERROR] 
[ERROR] To see the full stack trace of the errors, re-run Maven with the -e switch.
[ERROR] Re-run Maven using the -X switch to enable full debug logging.
[ERROR] 
[ERROR] For more information about the errors and possible solutions, please read the following articles:
[ERROR] [Help 1] http://cwiki.apache.org/confluence/display/MAVEN/MojoFailureException
[ERROR] 
[ERROR] After correcting the problems, you can resume the build with the command
[ERROR]   mvn <args> -rf :jts-app
